Name,Sync,FX1,FY1,FZ1,X1,Y1,Z1,MZ1,FX2,FY2,FZ2,X2,Y2,Z2,MZ2,del_time
1.381667,10400.0,-0.0,-0.0,-0.0,300.0,250.0,0.0,-0.0,16.52,-41.03,320.12,-99.77,-171.03,0.0,3604.45,0.0
1.383333,10405.0,-0.0,-0.0,-0.0,300.0,250.0,0.0,-0.0,22.3,-32.8,290.92,-77.23,-187.48,0.0,1651.98,0.0016659999999999453
1.385,10409.0,-0.0,-0.0,-0.0,300.0,250.0,0.0,-0.0,17.73,-36.34,310.56,-94.33,-174.62,0.0,3009.74,0.0033330000000000304
1.386667,10400.0,-0.0,-0.0,-0.0,300.0,250.0,0.0,-0.0,15.98,-37.19,318.69,-98.79,-170.37,0.0,3544.07,0.0050000000000001155
1.388333,10396.0,-0.0,-0.0,-0.0,300.0,250.0,0.0,-0.0,15.15,-36.27,319.78,-98.42,-170.83,0.0,3646.26,0.006666000000000061
1.39,10409.0,-0.0,-0.0,-0.0,300.0,250.0,0.0,-0.0,14.92,-36.04,320.12,-99.72,-168.73,0.0,3906.5,0.008332999999999924
1.391667,10402.0,-0.0,-0.0,-0.0,300.0,250.0,0.0,-0.0,21.76,-28.5,292.84,-79.09,-184.73,0.0,1728.4,0.010000000000000009
1.393333,10390.0,-0.0,-0.0,-0.0,300.0,250.0,0.0,-0.0,16.67,-31.66,313.57,-94.24,-173.3,0.0,3074.62,0.011665999999999954
1.395,10423.0,-0.0,-0.0,-0.0,300.0,250.0,0.0,-0.0,14.84,-33.27,321.86,-98.4,-168.19,0.0,3961.99,0.01333300000000004
1.396667,10406.0,-0.0,-0.0,-0.0,300.0,250.0,0.0,-0.0,14.54,-32.97,324.41,-100.57,-168.48,0.0,4114.03,0.015000000000000124
1.398333,10409.0,-0.0,-0.0,-0.0,300.0,250.0,0.0,-0.0,14.77,-32.35,326.64,-100.68,-166.63,0.0,4021.56,0.01666600000000007
1.4,10408.0,-0.0,-0.0,-0.0,300.0,250.0,0.0,-0.0,21.08,-24.74,299.2,-79.59,-181.39,0.0,1993.25,0.018332999999999933
1.401667,10403.0,-0.0,-0.0,-0.0,300.0,250.0,0.0,-0.0,16.82,-27.97,319.76,-94.31,-171.66,0.0,3335.63,0.020000000000000018
1.403333,10417.0,-0.0,-0.0,-0.0,300.0,250.0,0.0,-0.0,15.68,-29.51,331.55,-99.48,-165.93,0.0,4057.95,0.021665999999999963
1.405,10417.0,-0.0,-0.0,-0.0,300.0,250.0,0.0,-0.0,14.77,-28.67,333.44,-99.51,-166.49,0.0,4390.08,0.023333000000000048
1.406667,10399.0,-0.0,-0.0,-0.0,300.0,250.0,0.0,-0.0,15.07,-28.28,336.47,-100.48,-164.64,0.0,4257.04,0.02499999999999991
1.408333,10402.0,-0.0,-0.0,-0.0,300.0,250.0,0.0,-0.0,22.22,-21.29,311.75,-81.49,-178.46,0.0,2122.49,0.02666600000000008
1.41,10406.0,-0.0,-0.0,-0.0,300.0,250.0,0.0,-0.0,18.19,-24.29,333.41,-94.34,-169.0,0.0,3474.18,0.02833299999999994
1.411667,10428.0,-0.0,-0.0,-0.0,300.0,250.0,0.0,-0.0,16.36,-26.21,342.98,-99.5,-164.1,0.0,4473.82,0.030000000000000027
1.413333,10400.0,-0.0,-0.0,-0.0,300.0,250.0,0.0,-0.0,16.67,-25.83,349.34,-101.09,-162.97,0.0,4622.44,0.03166599999999997
1.415,10402.0,-0.0,-0.0,-0.0,300.0,250.0,0.0,-0.0,17.12,-25.29,352.84,-101.9,-161.85,0.0,4400.96,0.03333300000000006
1.416667,10409.0,-0.0,-0.0,-0.0,300.0,250.0,0.0,-0.0,23.97,-18.22,327.0,-81.6,-174.45,0.0,2232.92,0.03499999999999992
1.418333,10390.0,-0.0,-0.0,-0.0,300.0,250.0,0.0,-0.0,20.17,-21.76,348.83,-95.97,-166.29,0.0,3860.6,0.03666600000000009
1.42,10398.0,-0.0,-0.0,-0.0,300.0,250.0,0.0,-0.0,19.33,-23.68,360.93,-101.04,-161.47,0.0,4579.96,0.03833299999999995
1.421667,10402.0,-0.0,-0.0,-0.0,300.0,250.0,0.0,-0.0,19.1,-22.84,365.07,-101.58,-160.09,0.0,4870.18,0.040000000000000036
1.423333,10406.0,-0.0,-0.0,-0.0,300.0,250.0,0.0,-0.0,19.56,-22.61,367.93,-102.45,-159.72,0.0,4805.95,0.04166599999999998
1.425,10404.0,-0.0,-0.0,-0.0,300.0,250.0,0.0,-0.0,27.39,-16.07,342.56,-85.08,-171.52,0.0,2451.63,0.043333000000000066
1.426667,10394.0,-0.0,-0.0,-0.0,300.0,250.0,0.0,-0.0,23.9,-19.61,363.42,-95.98,-163.79,0.0,4090.82,0.04499999999999993
1.428333,10433.0,-0.0,-0.0,-0.0,300.0,250.0,0.0,-0.0,22.3,-22.0,375.07,-102.58,-158.49,0.0,5053.12,0.046666000000000096
1.43,10406.0,-0.0,-0.0,-0.0,300.0,250.0,0.0,-0.0,23.29,-22.15,379.52,-103.34,-157.7,0.0,5097.56,0.04833299999999996
1.431667,10399.0,-0.0,-0.0,-0.0,300.0,250.0,0.0,-0.0,23.51,-21.77,382.21,-102.67,-158.04,0.0,4818.46,0.050000000000000044
1.433333,10404.0,-0.0,-0.0,-0.0,300.0,250.0,0.0,-0.0,30.89,-15.92,355.58,-85.53,-168.42,0.0,2603.73,0.05166599999999999
1.435,10399.0,-0.0,-0.0,-0.0,300.0,250.0,0.0,-0.0,27.7,-20.08,378.37,-98.39,-160.36,0.0,4284.42,0.053333000000000075
1.436667,10402.0,-0.0,-0.0,-0.0,300.0,250.0,0.0,-0.0,26.41,-22.0,390.0,-103.77,-156.18,0.0,4709.97,0.05499999999999994
1.438333,10394.0,-0.0,-0.0,-0.0,300.0,250.0,0.0,-0.0,26.41,-22.23,393.03,-103.12,-155.08,0.0,5035.96,0.056666000000000105
1.44,10399.0,-0.0,-0.0,-0.0,300.0,250.0,0.0,-0.0,26.86,-22.23,395.57,-104.16,-155.61,0.0,4968.13,0.05833299999999997
1.441667,10398.0,-0.0,-0.0,-0.0,300.0,250.0,0.0,-0.0,34.24,-15.93,371.48,-89.46,-165.51,0.0,2445.89,0.06000000000000005
1.443333,10405.0,-0.0,-0.0,-0.0,300.0,250.0,0.0,-0.0,30.06,-19.54,392.99,-98.7,-157.22,0.0,4135.76,0.061666
1.445,10424.0,-0.0,-0.0,-0.0,300.0,250.0,0.0,-0.0,28.16,-21.85,402.08,-103.89,-154.96,0.0,4846.02,0.06333300000000008
1.446667,10405.0,-0.0,-0.0,-0.0,300.0,250.0,0.0,-0.0,28.69,-22.08,407.8,-104.44,-153.13,0.0,4862.53,0.06499999999999995
1.448333,10404.0,-0.0,-0.0,-0.0,300.0,250.0,0.0,-0.0,28.31,-21.62,410.65,-104.25,-153.33,0.0,4978.25,0.06666600000000011
1.45,10396.0,-0.0,-0.0,-0.0,300.0,250.0,0.0,-0.0,35.08,-15.54,385.45,-89.47,-163.11,0.0,2552.81,0.06833299999999998
1.451667,10390.0,-0.0,-0.0,-0.0,300.0,250.0,0.0,-0.0,31.35,-19.62,409.2,-100.49,-155.24,0.0,4203.57,0.07000000000000006
1.453333,10387.0,-0.0,-0.0,-0.0,300.0,250.0,0.0,-0.0,29.14,-21.16,419.86,-104.05,-152.78,0.0,4585.4,0.07166600000000001
1.455,10409.0,-0.0,-0.0,-0.0,300.0,250.0,0.0,-0.0,29.07,-22.08,425.11,-104.31,-151.22,0.0,4998.86,0.07333300000000009
1.456667,10413.0,-0.0,-0.0,-0.0,300.0,250.0,0.0,-0.0,29.3,-22.31,429.24,-104.87,-151.81,0.0,5104.76,0.07499999999999996
1.458333,10408.0,-0.0,-0.0,-0.0,300.0,250.0,0.0,-0.0,36.22,-15.7,405.79,-90.8,-160.7,0.0,2281.89,0.07666600000000012
1.46,10420.0,-0.0,-0.0,-0.0,300.0,250.0,0.0,-0.0,32.26,-20.54,428.26,-99.87,-153.56,0.0,4134.02,0.07833299999999999
1.461667,10410.0,-0.0,-0.0,-0.0,300.0,250.0,0.0,-0.0,30.36,-23.08,439.24,-103.97,-151.84,0.0,4821.11,0.08000000000000007
1.463333,10417.0,-0.0,-0.0,-0.0,300.0,250.0,0.0,-0.0,30.82,-23.62,445.92,-104.91,-150.51,0.0,4723.25,0.08166600000000002
1.465,10405.0,-0.0,-0.0,-0.0,300.0,250.0,0.0,-0.0,30.51,-24.47,450.52,-104.33,-149.87,0.0,5176.81,0.0833330000000001
1.466667,10403.0,-0.0,-0.0,-0.0,300.0,250.0,0.0,-0.0,37.21,-18.39,425.48,-90.92,-159.33,0.0,2481.71,0.08499999999999996
1.468333,10433.0,-0.0,-0.0,-0.0,300.0,250.0,0.0,-0.0,33.63,-22.92,450.34,-100.92,-151.95,0.0,3944.09,0.08666600000000013
1.47,10389.0,-0.0,-0.0,-0.0,300.0,250.0,0.0,-0.0,31.43,-24.85,460.5,-102.75,-150.36,0.0,4672.77,0.088333
1.471667,10398.0,-0.0,-0.0,-0.0,300.0,250.0,0.0,-0.0,31.2,-26.31,465.92,-104.61,-149.16,0.0,4852.08,0.09000000000000008
1.473333,10402.0,-0.0,-0.0,-0.0,300.0,250.0,0.0,-0.0,31.43,-26.46,471.65,-104.4,-148.2,0.0,4988.05,0.09166600000000003
1.475,10398.0,-0.0,-0.0,-0.0,300.0,250.0,0.0,-0.0,37.44,-19.85,446.91,-91.09,-157.43,0.0,2294.33,0.09333300000000011
1.476667,10422.0,-0.0,-0.0,-0.0,300.0,250.0,0.0,-0.0,33.33,-24.38,469.39,-100.08,-150.46,0.0,4003.07,0.09499999999999997
1.478333,10411.0,-0.0,-0.0,-0.0,300.0,250.0,0.0,-0.0,31.5,-26.46,480.36,-102.78,-149.07,0.0,4680.42,0.09666599999999992
1.48,10397.0,-0.0,-0.0,-0.0,300.0,250.0,0.0,-0.0,31.12,-27.0,487.53,-104.69,-147.95,0.0,4657.75,0.098333
1.481667,10401.0,-0.0,-0.0,-0.0,300.0,250.0,0.0,-0.0,31.05,-27.38,491.19,-103.76,-147.08,0.0,4834.77,0.10000000000000009
1.483333,10403.0,-0.0,-0.0,-0.0,300.0,250.0,0.0,-0.0,37.51,-21.0,465.82,-91.53,-156.36,0.0,2492.44,0.10166600000000003
1.485,10409.0,-0.0,-0.0,-0.0,300.0,250.0,0.0,-0.0,33.56,-25.23,489.09,-100.21,-149.66,0.0,3834.06,0.10333300000000012
1.486667,10402.0,-0.0,-0.0,-0.0,300.0,250.0,0.0,-0.0,31.27,-27.15,500.22,-102.33,-147.81,0.0,4734.49,0.10499999999999998
1.488333,10402.0,-0.0,-0.0,-0.0,300.0,250.0,0.0,-0.0,30.66,-27.69,505.48,-104.08,-147.3,0.0,4744.87,0.10666599999999993
1.49,10410.0,-0.0,-0.0,-0.0,300.0,250.0,0.0,-0.0,31.43,-28.0,509.29,-103.75,-146.62,0.0,4837.9,0.10833300000000001
1.491667,10405.0,-0.0,-0.0,-0.0,300.0,250.0,0.0,-0.0,37.51,-20.69,484.87,-91.58,-154.46,0.0,2465.01,0.1100000000000001
1.493333,10395.0,-0.0,-0.0,-0.0,300.0,250.0,0.0,-0.0,32.72,-25.38,506.39,-99.86,-148.84,0.0,4082.52,0.11166600000000004
1.495,10414.0,-0.0,-0.0,-0.0,300.0,250.0,0.0,-0.0,31.58,-27.46,517.54,-102.95,-146.69,0.0,4850.49,0.11333300000000013
1.496667,10399.0,-0.0,-0.0,-0.0,300.0,250.0,0.0,-0.0,30.59,-27.23,521.66,-103.04,-146.54,0.0,4802.89,0.11499999999999999
1.498333,10404.0,-0.0,-0.0,-0.0,300.0,250.0,0.0,-0.0,30.51,-27.23,525.33,-103.29,-145.07,0.0,4868.24,0.11666599999999994
1.5,10404.0,-0.0,-0.0,-0.0,300.0,250.0,0.0,-0.0,37.36,-20.69,500.29,-91.82,-152.97,0.0,2795.44,0.11833300000000002
1.501667,10400.0,-0.0,-0.0,-0.0,300.0,250.0,0.0,-0.0,32.95,-24.38,523.23,-100.29,-147.29,0.0,3919.54,0.1200000000000001
1.503333,10409.0,-0.0,-0.0,-0.0,300.0,250.0,0.0,-0.0,31.2,-26.38,533.11,-102.84,-145.2,0.0,4721.41,0.12166600000000005
1.505,10405.0,-0.0,-0.0,-0.0,300.0,250.0,0.0,-0.0,30.59,-26.46,536.92,-103.56,-145.29,0.0,4935.68,0.12333299999999991
1.506667,10402.0,-0.0,-0.0,-0.0,300.0,250.0,0.0,-0.0,30.89,-26.62,540.9,-104.03,-144.05,0.0,4844.5,0.125
1.508333,10401.0,-0.0,-0.0,-0.0,300.0,250.0,0.0,-0.0,37.36,-19.16,514.41,-91.33,-151.7,0.0,2619.88,0.12666599999999995
1.51,10403.0,-0.0,-0.0,-0.0,300.0,250.0,0.0,-0.0,32.72,-23.31,534.82,-99.88,-147.19,0.0,4089.28,0.12833300000000003
1.511667,10403.0,-0.0,-0.0,-0.0,300.0,250.0,0.0,-0.0,31.58,-25.0,546.45,-103.22,-143.87,0.0,4658.75,0.13000000000000012
1.513333,10391.0,-0.0,-0.0,-0.0,300.0,250.0,0.0,-0.0,30.67,-24.23,548.33,-102.01,-144.42,0.0,4822.68,0.13166600000000006
1.515,10399.0,-0.0,-0.0,-0.0,300.0,250.0,0.0,-0.0,30.59,-24.77,550.42,-103.02,-143.37,0.0,4922.73,0.13333299999999992
1.516667,10404.0,-0.0,-0.0,-0.0,300.0,250.0,0.0,-0.0,37.82,-18.31,525.85,-92.34,-150.11,0.0,2743.58,0.135
1.518333,10419.0,-0.0,-0.0,-0.0,300.0,250.0,0.0,-0.0,32.95,-21.54,545.77,-99.67,-145.4,0.0,3911.94,0.13666599999999995
1.52,10394.0,-0.0,-0.0,-0.0,300.0,250.0,0.0,-0.0,30.74,-23.62,555.5,-102.48,-142.45,0.0,4736.37,0.13833300000000004
1.521667,10402.0,-0.0,-0.0,-0.0,300.0,250.0,0.0,-0.0,30.44,-23.77,557.4,-102.6,-142.7,0.0,4968.47,0.14000000000000012
1.523333,10404.0,-0.0,-0.0,-0.0,300.0,250.0,0.0,-0.0,30.21,-23.23,559.94,-102.95,-142.37,0.0,4577.8,0.14166600000000007
1.525,10405.0,-0.0,-0.0,-0.0,300.0,250.0,0.0,-0.0,36.75,-17.16,532.51,-91.2,-148.65,0.0,2630.97,0.14333299999999993
1.526667,10413.0,-0.0,-0.0,-0.0,300.0,250.0,0.0,-0.0,31.96,-20.77,553.57,-99.74,-143.47,0.0,4029.88,0.14500000000000002
1.528333,10402.0,-0.0,-0.0,-0.0,300.0,250.0,0.0,-0.0,30.36,-22.62,563.93,-102.69,-141.02,0.0,4486.51,0.14666599999999996
1.53,10386.0,-0.0,-0.0,-0.0,300.0,250.0,0.0,-0.0,29.52,-22.77,565.03,-101.9,-141.17,0.0,4817.22,0.14833300000000005
1.531667,10401.0,-0.0,-0.0,-0.0,300.0,250.0,0.0,-0.0,29.07,-22.7,566.77,-103.07,-141.26,0.0,4729.1,0.1499999999999999
1.533333,10408.0,-0.0,-0.0,-0.0,300.0,250.0,0.0,-0.0,36.22,-16.16,541.42,-92.32,-146.86,0.0,2402.84,0.15166600000000008
1.535,10372.0,-0.0,-0.0,-0.0,300.0,250.0,0.0,-0.0,31.2,-19.47,560.55,-99.11,-142.07,0.0,4130.52,0.15333299999999994
1.536667,10406.0,-0.0,-0.0,-0.0,300.0,250.0,0.0,-0.0,29.07,-21.31,569.16,-102.39,-140.04,0.0,4586.87,0.15500000000000003
1.538333,10403.0,-0.0,-0.0,-0.0,300.0,250.0,0.0,-0.0,28.92,-21.39,571.7,-102.58,-139.89,0.0,4676.03,0.15666599999999997
1.54,10402.0,-0.0,-0.0,-0.0,300.0,250.0,0.0,-0.0,28.69,-20.85,572.15,-101.81,-140.39,0.0,4676.47,0.15833300000000006
1.541667,10403.0,-0.0,-0.0,-0.0,300.0,250.0,0.0,-0.0,35.0,-14.39,546.34,-92.29,-144.98,0.0,2474.75,0.15999999999999992
1.543333,10413.0,-0.0,-0.0,-0.0,300.0,250.0,0.0,-0.0,30.97,-18.01,566.59,-99.43,-140.44,0.0,3933.6,0.1616660000000001
1.545,10394.0,-0.0,-0.0,-0.0,300.0,250.0,0.0,-0.0,28.69,-19.47,574.71,-102.44,-139.08,0.0,4387.92,0.16333299999999995
1.546667,10405.0,-0.0,-0.0,-0.0,300.0,250.0,0.0,-0.0,28.38,-19.93,576.78,-102.11,-138.21,0.0,4611.37,0.16500000000000004
1.548333,10406.0,-0.0,-0.0,-0.0,300.0,250.0,0.0,-0.0,28.46,-19.7,577.87,-101.99,-138.57,0.0,4574.03,0.16666599999999998
1.55,10410.0,-0.0,-0.0,-0.0,300.0,250.0,0.0,-0.0,35.08,-13.08,552.22,-92.39,-143.88,0.0,2194.36,0.16833300000000007
1.551667,10405.0,-0.0,-0.0,-0.0,300.0,250.0,0.0,-0.0,30.74,-16.93,571.03,-98.3,-138.93,0.0,3834.12,0.16999999999999993
1.553333,10394.0,-0.0,-0.0,-0.0,300.0,250.0,0.0,-0.0,28.53,-18.78,580.11,-102.34,-138.19,0.0,4388.01,0.1716660000000001
1.555,10409.0,-0.0,-0.0,-0.0,300.0,250.0,0.0,-0.0,28.53,-19.16,584.41,-102.78,-136.69,0.0,4456.85,0.17333299999999996
1.556667,10401.0,-0.0,-0.0,-0.0,300.0,250.0,0.0,-0.0,28.31,-18.93,584.4,-101.8,-136.68,0.0,4608.16,0.17500000000000004
1.558333,10399.0,-0.0,-0.0,-0.0,300.0,250.0,0.0,-0.0,34.39,-12.62,557.45,-91.84,-142.68,0.0,2179.08,0.176666
1.56,10404.0,-0.0,-0.0,-0.0,300.0,250.0,0.0,-0.0,30.97,-16.93,578.66,-99.3,-137.67,0.0,3760.73,0.17833300000000007
1.561667,10402.0,-0.0,-0.0,-0.0,300.0,250.0,0.0,-0.0,28.91,-18.62,587.88,-101.84,-136.08,0.0,4326.94,0.17999999999999994
1.563333,10408.0,-0.0,-0.0,-0.0,300.0,250.0,0.0,-0.0,28.61,-18.93,589.65,-102.69,-134.72,0.0,4469.88,0.1816660000000001
1.565,10406.0,-0.0,-0.0,-0.0,300.0,250.0,0.0,-0.0,28.61,-18.62,591.07,-102.4,-134.89,0.0,4487.67,0.18333299999999997
1.566667,10403.0,-0.0,-0.0,-0.0,300.0,250.0,0.0,-0.0,35.15,-11.85,564.11,-91.81,-141.3,0.0,1779.19,0.18500000000000005
1.568333,10417.0,-0.0,-0.0,-0.0,300.0,250.0,0.0,-0.0,31.04,-16.08,584.53,-99.31,-135.83,0.0,3388.77,0.186666
1.57,10405.0,-0.0,-0.0,-0.0,300.0,250.0,0.0,-0.0,29.22,-18.47,594.25,-102.48,-133.93,0.0,4281.36,0.18833300000000008
1.571667,10397.0,-0.0,-0.0,-0.0,300.0,250.0,0.0,-0.0,28.99,-18.31,596.8,-102.8,-133.24,0.0,4054.71,0.18999999999999995
1.573333,10405.0,-0.0,-0.0,-0.0,300.0,250.0,0.0,-0.0,28.91,-17.93,596.79,-101.7,-132.88,0.0,4029.23,0.19166600000000011
1.575,10409.0,-0.0,-0.0,-0.0,300.0,250.0,0.0,-0.0,35.3,-11.7,569.84,-92.5,-139.99,0.0,1707.44,0.19333299999999998
1.576667,10405.0,-0.0,-0.0,-0.0,300.0,250.0,0.0,-0.0,31.88,-16.16,591.52,-100.02,-134.34,0.0,3315.47,0.19500000000000006
1.578333,10411.0,-0.0,-0.0,-0.0,300.0,250.0,0.0,-0.0,29.52,-17.47,599.96,-102.18,-132.59,0.0,3902.56,0.196666
1.58,10400.0,-0.0,-0.0,-0.0,300.0,250.0,0.0,-0.0,29.37,-17.93,602.52,-102.92,-131.83,0.0,3873.42,0.1983330000000001
1.581667,10405.0,-0.0,-0.0,-0.0,300.0,250.0,0.0,-0.0,29.75,-18.08,603.94,-102.89,-131.59,0.0,3950.22,0.19999999999999996
1.583333,10401.0,-0.0,-0.0,-0.0,300.0,250.0,0.0,-0.0,35.99,-11.16,575.86,-92.38,-138.14,0.0,1432.85,0.20166600000000012
1.585,10400.0,-0.0,-0.0,-0.0,300.0,250.0,0.0,-0.0,31.96,-15.54,596.92,-100.35,-132.08,0.0,2997.78,0.20333299999999999
1.586667,10385.0,-0.0,-0.0,-0.0,300.0,250.0,0.0,-0.0,30.44,-17.62,606.16,-102.77,-130.64,0.0,3773.72,0.20500000000000007
1.588333,10400.0,-0.0,-0.0,-0.0,300.0,250.0,0.0,-0.0,29.9,-17.47,608.39,-103.14,-130.37,0.0,3461.51,0.20666600000000002
1.59,10404.0,-0.0,-0.0,-0.0,300.0,250.0,0.0,-0.0,30.13,-17.85,609.02,-102.93,-129.82,0.0,3662.2,0.2083330000000001
1.591667,10395.0,-0.0,-0.0,-0.0,300.0,250.0,0.0,-0.0,37.21,-11.7,581.91,-93.09,-135.71,0.0,1401.66,0.20999999999999996
1.593333,10420.0,-0.0,-0.0,-0.0,300.0,250.0,0.0,-0.0,33.25,-15.47,603.12,-100.66,-130.66,0.0,2673.69,0.21166600000000013
1.595,10419.0,-0.0,-0.0,-0.0,300.0,250.0,0.0,-0.0,31.35,-17.31,611.4,-102.76,-129.01,0.0,3395.55,0.213333
1.596667,10400.0,-0.0,-0.0,-0.0,300.0,250.0,0.0,-0.0,30.89,-17.85,613.16,-103.85,-128.72,0.0,3356.94,0.21500000000000008
1.598333,10404.0,-0.0,-0.0,-0.0,300.0,250.0,0.0,-0.0,31.88,-18.31,615.38,-103.7,-127.96,0.0,3341.72,0.21666600000000003
1.6,10401.0,-0.0,-0.0,-0.0,300.0,250.0,0.0,-0.0,37.97,-10.93,587.16,-93.61,-133.59,0.0,1186.24,0.2183330000000001
1.601667,10408.0,-0.0,-0.0,-0.0,300.0,250.0,0.0,-0.0,33.93,-15.47,607.41,-101.31,-129.14,0.0,2650.05,0.21999999999999997
1.603333,10387.0,-0.0,-0.0,-0.0,300.0,250.0,0.0,-0.0,32.49,-17.85,616.01,-103.6,-127.27,0.0,3227.31,0.22166599999999992
1.605,10417.0,-0.0,-0.0,-0.0,300.0,250.0,0.0,-0.0,32.03,-17.62,617.59,-104.14,-127.25,0.0,3129.55,0.223333
1.606667,10399.0,-0.0,-0.0,-0.0,300.0,250.0,0.0,-0.0,32.41,-18.54,617.92,-104.36,-126.27,0.0,3398.93,0.2250000000000001
1.608333,10405.0,-0.0,-0.0,-0.0,300.0,250.0,0.0,-0.0,39.11,-11.62,591.13,-94.61,-131.66,0.0,1079.89,0.22666600000000003
1.61,10431.0,-0.0,-0.0,-0.0,300.0,250.0,0.0,-0.0,34.62,-15.31,610.1,-101.42,-127.52,0.0,2104.18,0.22833300000000012
1.611667,10402.0,-0.0,-0.0,-0.0,300.0,250.0,0.0,-0.0,32.79,-17.85,618.07,-103.65,-125.49,0.0,2901.52,0.22999999999999998
1.613333,10400.0,-0.0,-0.0,-0.0,300.0,250.0,0.0,-0.0,32.57,-18.46,619.67,-104.72,-125.42,0.0,3092.9,0.23166599999999993
1.615,10413.0,-0.0,-0.0,-0.0,300.0,250.0,0.0,-0.0,32.95,-18.23,621.91,-105.29,-124.41,0.0,2705.79,0.233333
1.616667,10409.0,-0.0,-0.0,-0.0,300.0,250.0,0.0,-0.0,39.11,-11.7,592.72,-93.79,-129.51,0.0,705.82,0.2350000000000001
1.618333,10402.0,-0.0,-0.0,-0.0,300.0,250.0,0.0,-0.0,34.62,-15.69,611.86,-101.94,-126.36,0.0,2026.76,0.23666600000000004
1.62,10391.0,-0.0,-0.0,-0.0,300.0,250.0,0.0,-0.0,33.55,-17.93,620.78,-104.42,-124.14,0.0,2505.61,0.23833300000000013
1.621667,10406.0,-0.0,-0.0,-0.0,300.0,250.0,0.0,-0.0,32.72,-17.77,622.52,-104.84,-123.84,0.0,2732.86,0.24
1.623333,10406.0,-0.0,-0.0,-0.0,300.0,250.0,0.0,-0.0,32.34,-18.0,623.17,-105.21,-123.18,0.0,2620.62,0.24166599999999994
1.625,10402.0,-0.0,-0.0,-0.0,300.0,250.0,0.0,-0.0,38.96,-11.23,596.06,-95.47,-128.02,0.0,418.89,0.24333300000000002
1.626667,10406.0,-0.0,-0.0,-0.0,300.0,250.0,0.0,-0.0,34.31,-14.77,614.06,-101.62,-125.09,0.0,1613.92,0.2450000000000001
1.628333,10394.0,-0.0,-0.0,-0.0,300.0,250.0,0.0,-0.0,32.34,-17.46,622.37,-105.15,-122.72,0.0,2412.95,0.24666600000000005
1.63,10399.0,-0.0,-0.0,-0.0,300.0,250.0,0.0,-0.0,32.03,-17.31,625.23,-105.95,-122.25,0.0,2476.25,0.24833299999999991
1.631667,10409.0,-0.0,-0.0,-0.0,300.0,250.0,0.0,-0.0,31.58,-16.92,625.24,-105.86,-121.8,0.0,2115.11,0.25
1.633333,10406.0,-0.0,-0.0,-0.0,300.0,250.0,0.0,-0.0,37.89,-10.62,595.75,-95.16,-127.04,0.0,42.56,0.25166599999999995
1.635,10408.0,-0.0,-0.0,-0.0,300.0,250.0,0.0,-0.0,33.48,-14.54,615.19,-102.25,-123.81,0.0,1484.97,0.25333300000000003
1.636667,10398.0,-0.0,-0.0,-0.0,300.0,250.0,0.0,-0.0,31.65,-16.31,624.6,-105.38,-121.35,0.0,1869.24,0.2550000000000001
1.638333,10400.0,-0.0,-0.0,-0.0,300.0,250.0,0.0,-0.0,30.59,-16.38,624.76,-104.91,-121.06,0.0,2122.55,0.25666600000000006
1.64,10397.0,-0.0,-0.0,-0.0,300.0,250.0,0.0,-0.0,30.28,-16.08,624.92,-105.71,-121.16,0.0,1857.45,0.2583329999999999
1.641667,10403.0,-0.0,-0.0,-0.0,300.0,250.0,0.0,-0.0,37.28,-9.54,597.81,-95.86,-125.91,0.0,-406.99,0.26
1.643333,10425.0,-0.0,-0.0,-0.0,300.0,250.0,0.0,-0.0,32.26,-12.69,615.82,-102.14,-122.47,0.0,1049.27,0.26166599999999995
1.645,10390.0,-0.0,-0.0,-0.0,300.0,250.0,0.0,-0.0,29.67,-14.92,623.32,-105.1,-120.97,0.0,1607.57,0.26333300000000004
1.646667,10405.0,-0.0,-0.0,-0.0,300.0,250.0,0.0,-0.0,29.45,-14.92,625.07,-105.35,-120.58,0.0,1667.13,0.2650000000000001
1.648333,10404.0,-0.0,-0.0,-0.0,300.0,250.0,0.0,-0.0,28.91,-14.08,624.43,-105.31,-120.65,0.0,1412.43,0.26666600000000007
1.65,10397.0,-0.0,-0.0,-0.0,300.0,250.0,0.0,-0.0,35.3,-7.61,595.9,-96.02,-125.18,0.0,-764.39,0.26833299999999993
1.651667,10414.0,-0.0,-0.0,-0.0,300.0,250.0,0.0,-0.0,30.97,-11.38,615.67,-102.92,-121.71,0.0,720.12,0.27
1.653333,10401.0,-0.0,-0.0,-0.0,300.0,250.0,0.0,-0.0,28.23,-12.61,622.36,-105.02,-120.26,0.0,1069.04,0.27166599999999996
1.655,10402.0,-0.0,-0.0,-0.0,300.0,250.0,0.0,-0.0,27.77,-12.92,623.17,-105.38,-119.32,0.0,1287.17,0.27333300000000005
1.656667,10405.0,-0.0,-0.0,-0.0,300.0,250.0,0.0,-0.0,27.47,-12.23,621.89,-105.65,-119.95,0.0,1248.23,0.2749999999999999
1.658333,10406.0,-0.0,-0.0,-0.0,300.0,250.0,0.0,-0.0,33.93,-5.77,594.0,-96.7,-124.33,0.0,-1138.82,0.2766660000000001
1.66,10401.0,-0.0,-0.0,-0.0,300.0,250.0,0.0,-0.0,29.14,-8.92,611.38,-102.64,-120.82,0.0,312.46,0.27833299999999994
1.661667,10417.0,-0.0,-0.0,-0.0,300.0,250.0,0.0,-0.0,26.78,-10.38,617.6,-105.18,-119.96,0.0,854.22,0.28
1.663333,10409.0,-0.0,-0.0,-0.0,300.0,250.0,0.0,-0.0,26.86,-10.23,619.2,-106.1,-118.88,0.0,682.02,0.28166599999999997
1.665,10401.0,-0.0,-0.0,-0.0,300.0,250.0,0.0,-0.0,25.79,-9.46,616.96,-105.31,-119.37,0.0,834.01,0.28333300000000006
1.666667,10409.0,-0.0,-0.0,-0.0,300.0,250.0,0.0,-0.0,31.96,-3.15,588.45,-96.91,-124.01,0.0,-1453.6,0.2849999999999999
1.668333,10391.0,-0.0,-0.0,-0.0,300.0,250.0,0.0,-0.0,27.47,-6.54,607.09,-103.16,-120.35,0.0,-147.77,0.2866660000000001
1.67,10419.0,-0.0,-0.0,-0.0,300.0,250.0,0.0,-0.0,24.88,-7.61,612.98,-105.21,-119.54,0.0,394.0,0.28833299999999995
1.671667,10418.0,-0.0,-0.0,-0.0,300.0,250.0,0.0,-0.0,23.97,-7.69,612.68,-106.12,-118.73,0.0,470.83,0.29000000000000004
1.673333,10397.0,-0.0,-0.0,-0.0,300.0,250.0,0.0,-0.0,24.04,-7.69,613.47,-106.17,-118.63,0.0,551.77,0.291666
1.675,10411.0,-0.0,-0.0,-0.0,300.0,250.0,0.0,-0.0,29.82,0.08,585.1,-96.92,-123.53,0.0,-2073.16,0.29333300000000007
1.676667,10406.0,-0.0,-0.0,-0.0,300.0,250.0,0.0,-0.0,25.56,-3.61,602.32,-102.79,-119.67,0.0,-651.53,0.29499999999999993
1.678333,10409.0,-0.0,-0.0,-0.0,300.0,250.0,0.0,-0.0,23.36,-5.46,609.33,-105.54,-118.85,0.0,214.51,0.2966660000000001
1.68,10411.0,-0.0,-0.0,-0.0,300.0,250.0,0.0,-0.0,22.6,-5.23,611.09,-106.51,-118.54,0.0,40.76,0.29833299999999996
1.681667,10403.0,-0.0,-0.0,-0.0,300.0,250.0,0.0,-0.0,22.45,-5.08,610.61,-106.03,-118.13,0.0,272.05,0.30000000000000004
1.683333,10400.0,-0.0,-0.0,-0.0,300.0,250.0,0.0,-0.0,28.76,1.92,582.4,-96.95,-123.57,0.0,-2127.54,0.301666
1.685,10404.0,-0.0,-0.0,-0.0,300.0,250.0,0.0,-0.0,24.8,-1.77,601.38,-103.48,-119.51,0.0,-827.53,0.3033330000000001
1.686667,10395.0,-0.0,-0.0,-0.0,300.0,250.0,0.0,-0.0,22.67,-2.92,609.18,-106.02,-118.54,0.0,-17.52,0.30499999999999994
1.688333,10402.0,-0.0,-0.0,-0.0,300.0,250.0,0.0,-0.0,22.29,-3.46,609.5,-106.82,-118.84,0.0,57.5,0.3066660000000001
1.69,10403.0,-0.0,-0.0,-0.0,300.0,250.0,0.0,-0.0,22.6,-3.23,611.9,-107.38,-117.98,0.0,13.31,0.30833299999999997
1.691667,10402.0,-0.0,-0.0,-0.0,300.0,250.0,0.0,-0.0,28.91,4.54,583.49,-96.4,-123.56,0.0,-2421.73,0.31000000000000005
1.693333,10403.0,-0.0,-0.0,-0.0,300.0,250.0,0.0,-0.0,24.8,0.38,602.96,-104.01,-119.72,0.0,-899.44,0.311666
1.695,10411.0,-0.0,-0.0,-0.0,300.0,250.0,0.0,-0.0,23.21,-1.31,611.56,-106.28,-118.79,0.0,-125.05,0.3133330000000001
1.696667,10399.0,-0.0,-0.0,-0.0,300.0,250.0,0.0,-0.0,22.29,-1.16,614.41,-106.99,-118.67,0.0,-181.22,0.31499999999999995
1.698333,10403.0,-0.0,-0.0,-0.0,300.0,250.0,0.0,-0.0,22.22,-1.08,616.01,-107.12,-117.59,0.0,-15.61,0.3166660000000001
1.7,10399.0,-0.0,-0.0,-0.0,300.0,250.0,0.0,-0.0,29.6,5.77,588.75,-97.59,-123.22,0.0,-2338.59,0.318333
1.701667,10422.0,-0.0,-0.0,-0.0,300.0,250.0,0.0,-0.0,25.26,2.15,610.27,-105.31,-119.58,0.0,-1188.4,0.32000000000000006
1.703333,10396.0,-0.0,-0.0,-0.0,300.0,250.0,0.0,-0.0,23.43,0.3,617.92,-106.58,-117.57,0.0,-136.8,0.321666
1.705,10399.0,-0.0,-0.0,-0.0,300.0,250.0,0.0,-0.0,23.28,0.38,620.47,-107.8,-118.04,0.0,-124.88,0.3233330000000001
1.706667,10405.0,-0.0,-0.0,-0.0,300.0,250.0,0.0,-0.0,23.74,0.3,622.7,-108.35,-117.3,0.0,-117.58,0.32499999999999996
1.708333,10410.0,-0.0,-0.0,-0.0,300.0,250.0,0.0,-0.0,30.36,7.61,594.95,-97.83,-122.42,0.0,-2325.6,0.3266660000000001
1.71,10402.0,-0.0,-0.0,-0.0,300.0,250.0,0.0,-0.0,26.33,3.38,614.88,-105.73,-119.41,0.0,-835.73,0.328333
1.711667,10417.0,-0.0,-0.0,-0.0,300.0,250.0,0.0,-0.0,24.96,1.69,624.6,-107.81,-117.61,0.0,-245.6,0.33000000000000007
1.713333,10415.0,-0.0,-0.0,-0.0,300.0,250.0,0.0,-0.0,24.58,2.15,625.54,-107.6,-117.83,0.0,-98.0,0.331666
1.715,10405.0,-0.0,-0.0,-0.0,300.0,250.0,0.0,-0.0,24.58,2.3,626.98,-108.79,-117.28,0.0,-192.27,0.3333330000000001
1.716667,10408.0,-0.0,-0.0,-0.0,300.0,250.0,0.0,-0.0,31.96,8.84,600.03,-98.93,-122.53,0.0,-2306.01,0.33499999999999996
1.718333,10406.0,-0.0,-0.0,-0.0,300.0,250.0,0.0,-0.0,27.77,5.61,621.71,-106.16,-118.87,0.0,-1080.37,0.33666600000000013
1.72,10410.0,-0.0,-0.0,-0.0,300.0,250.0,0.0,-0.0,25.87,3.68,629.68,-108.3,-116.84,0.0,-294.7,0.338333
1.721667,10415.0,-0.0,-0.0,-0.0,300.0,250.0,0.0,-0.0,25.95,3.91,631.11,-108.41,-117.46,0.0,-16.95,0.3400000000000001
1.723333,10408.0,-0.0,-0.0,-0.0,300.0,250.0,0.0,-0.0,26.02,4.61,633.65,-109.06,-116.95,0.0,-421.65,0.341666
1.725,10405.0,-0.0,-0.0,-0.0,300.0,250.0,0.0,-0.0,32.64,10.91,605.43,-99.22,-121.84,0.0,-2309.05,0.3433330000000001
1.726667,10409.0,-0.0,-0.0,-0.0,300.0,250.0,0.0,-0.0,28.53,7.68,625.21,-106.57,-118.6,0.0,-897.72,0.345
1.728333,10419.0,-0.0,-0.0,-0.0,300.0,250.0,0.0,-0.0,26.86,6.37,634.77,-108.64,-116.68,0.0,-538.42,0.3466659999999999
1.73,10406.0,-0.0,-0.0,-0.0,300.0,250.0,0.0,-0.0,26.48,6.68,636.19,-108.39,-116.87,0.0,-241.3,0.348333
1.731667,10401.0,-0.0,-0.0,-0.0,300.0,250.0,0.0,-0.0,26.55,6.76,636.83,-109.49,-116.96,0.0,-135.92,0.3500000000000001
1.733333,10409.0,-0.0,-0.0,-0.0,300.0,250.0,0.0,-0.0,33.78,13.6,610.68,-100.04,-120.99,0.0,-2551.34,0.35166600000000003
1.735,10388.0,-0.0,-0.0,-0.0,300.0,250.0,0.0,-0.0,28.91,10.76,629.01,-105.9,-118.0,0.0,-992.4,0.3533330000000001
1.736667,10412.0,-0.0,-0.0,-0.0,300.0,250.0,0.0,-0.0,27.16,8.91,637.78,-108.97,-116.23,0.0,-438.07,0.355
1.738333,10406.0,-0.0,-0.0,-0.0,300.0,250.0,0.0,-0.0,27.16,9.06,639.53,-109.57,-116.16,0.0,-244.95,0.3566659999999999
1.74,10410.0,-0.0,-0.0,-0.0,300.0,250.0,0.0,-0.0,26.94,9.52,640.15,-109.38,-116.65,0.0,-299.79,0.358333
1.741667,10406.0,-0.0,-0.0,-0.0,300.0,250.0,0.0,-0.0,33.4,16.06,613.07,-100.8,-120.19,0.0,-2475.99,0.3600000000000001
1.743333,10404.0,-0.0,-0.0,-0.0,300.0,250.0,0.0,-0.0,29.6,12.68,632.51,-106.84,-117.33,0.0,-1005.27,0.36166600000000004
1.745,10414.0,-0.0,-0.0,-0.0,300.0,250.0,0.0,-0.0,27.09,11.37,640.8,-109.57,-116.09,0.0,-574.7,0.36333300000000013
1.746667,10400.0,-0.0,-0.0,-0.0,300.0,250.0,0.0,-0.0,27.09,10.98,641.43,-108.61,-115.59,0.0,-195.92,0.365
1.748333,10401.0,-0.0,-0.0,-0.0,300.0,250.0,0.0,-0.0,26.4,11.37,643.03,-110.17,-115.69,0.0,-221.55,0.36666599999999994
1.75,10406.0,-0.0,-0.0,-0.0,300.0,250.0,0.0,-0.0,33.4,18.37,617.2,-101.37,-119.56,0.0,-2764.58,0.368333
1.751667,10394.0,-0.0,-0.0,-0.0,300.0,250.0,0.0,-0.0,28.61,15.14,635.38,-106.76,-116.32,0.0,-1126.36,0.3700000000000001
1.753333,10402.0,-0.0,-0.0,-0.0,300.0,250.0,0.0,-0.0,26.4,13.14,642.86,-109.54,-115.66,0.0,-466.3,0.37166600000000005
1.755,10403.0,-0.0,-0.0,-0.0,300.0,250.0,0.0,-0.0,26.56,12.98,645.73,-109.89,-114.74,0.0,-344.63,0.3733329999999999
1.756667,10406.0,-0.0,-0.0,-0.0,300.0,250.0,0.0,-0.0,25.79,13.75,645.56,-109.05,-114.99,0.0,-313.76,0.375
1.758333,10403.0,-0.0,-0.0,-0.0,300.0,250.0,0.0,-0.0,32.34,20.29,619.74,-101.34,-118.83,0.0,-2762.76,0.37666599999999995
1.76,10384.0,-0.0,-0.0,-0.0,300.0,250.0,0.0,-0.0,28.31,16.37,639.5,-106.89,-115.81,0.0,-1070.87,0.37833300000000003
1.761667,10433.0,-0.0,-0.0,-0.0,300.0,250.0,0.0,-0.0,26.02,14.91,648.26,-109.54,-114.59,0.0,-633.14,0.3800000000000001
1.763333,10410.0,-0.0,-0.0,-0.0,300.0,250.0,0.0,-0.0,25.49,14.52,649.86,-109.42,-113.61,0.0,-429.42,0.38166600000000006
1.765,10395.0,-0.0,-0.0,-0.0,300.0,250.0,0.0,-0.0,25.41,14.83,651.13,-109.81,-113.98,0.0,-381.17,0.3833329999999999
1.766667,10403.0,-0.0,-0.0,-0.0,300.0,250.0,0.0,-0.0,31.88,21.37,624.65,-100.52,-118.53,0.0,-2984.34,0.385
1.768333,10396.0,-0.0,-0.0,-0.0,300.0,250.0,0.0,-0.0,27.54,17.21,644.42,-106.73,-114.72,0.0,-1263.31,0.38666599999999995
1.77,10386.0,-0.0,-0.0,-0.0,300.0,250.0,0.0,-0.0,25.57,14.83,653.19,-109.59,-113.78,0.0,-564.24,0.38833300000000004
1.771667,10403.0,-0.0,-0.0,-0.0,300.0,250.0,0.0,-0.0,25.49,14.83,656.54,-109.91,-112.84,0.0,-534.9,0.3900000000000001
1.773333,10406.0,-0.0,-0.0,-0.0,300.0,250.0,0.0,-0.0,25.41,15.29,656.85,-109.25,-112.76,0.0,-536.58,0.39166600000000007
1.775,10399.0,-0.0,-0.0,-0.0,300.0,250.0,0.0,-0.0,31.8,21.52,628.94,-100.67,-117.98,0.0,-2985.81,0.39333299999999993
1.776667,10395.0,-0.0,-0.0,-0.0,300.0,250.0,0.0,-0.0,27.7,17.29,649.51,-107.0,-114.02,0.0,-1387.82,0.395
1.778333,10414.0,-0.0,-0.0,-0.0,300.0,250.0,0.0,-0.0,25.11,15.6,657.94,-108.9,-112.91,0.0,-707.94,0.39666599999999996
1.78,10399.0,-0.0,-0.0,-0.0,300.0,250.0,0.0,-0.0,24.27,15.52,660.34,-109.35,-112.05,0.0,-750.29,0.39833300000000005
1.781667,10397.0,-0.0,-0.0,-0.0,300.0,250.0,0.0,-0.0,24.73,15.52,661.61,-109.33,-112.13,0.0,-708.14,0.3999999999999999
1.783333,10413.0,-0.0,-0.0,-0.0,300.0,250.0,0.0,-0.0,30.89,22.52,634.01,-100.28,-117.18,0.0,-3175.6,0.4016660000000001
1.785,10400.0,-0.0,-0.0,-0.0,300.0,250.0,0.0,-0.0,26.48,18.29,653.16,-106.61,-112.66,0.0,-1414.92,0.40333299999999994
1.786667,10411.0,-0.0,-0.0,-0.0,300.0,250.0,0.0,-0.0,24.73,16.98,662.88,-108.7,-111.43,0.0,-840.17,0.405
1.788333,10405.0,-0.0,-0.0,-0.0,300.0,250.0,0.0,-0.0,24.12,17.37,665.27,-109.51,-111.25,0.0,-953.78,0.40666599999999997
1.79,10401.0,-0.0,-0.0,-0.0,300.0,250.0,0.0,-0.0,24.35,17.37,665.26,-108.88,-111.05,0.0,-705.23,0.40833300000000006
1.791667,10398.0,-0.0,-0.0,-0.0,300.0,250.0,0.0,-0.0,30.97,24.13,637.84,-100.48,-115.74,0.0,-3094.34,0.4099999999999999
1.793333,10408.0,-0.0,-0.0,-0.0,300.0,250.0,0.0,-0.0,26.94,20.52,658.57,-106.71,-111.89,0.0,-1683.31,0.4116660000000001
1.795,10401.0,-0.0,-0.0,-0.0,300.0,250.0,0.0,-0.0,24.88,19.29,666.21,-107.88,-110.48,0.0,-1063.18,0.41333299999999995
1.796667,10401.0,-0.0,-0.0,-0.0,300.0,250.0,0.0,-0.0,24.5,18.83,667.65,-109.14,-110.62,0.0,-861.72,0.41500000000000004
1.798333,10406.0,-0.0,-0.0,-0.0,300.0,250.0,0.0,-0.0,24.96,19.06,669.55,-109.05,-110.09,0.0,-933.58,0.416666
1.8,10401.0,-0.0,-0.0,-0.0,300.0,250.0,0.0,-0.0,31.2,26.75,641.65,-99.88,-114.48,0.0,-3241.21,0.41833300000000007
1.801667,10415.0,-0.0,-0.0,-0.0,300.0,250.0,0.0,-0.0,26.71,22.83,660.79,-106.52,-111.17,0.0,-1725.62,0.41999999999999993
1.803333,10402.0,-0.0,-0.0,-0.0,300.0,250.0,0.0,-0.0,25.34,21.21,669.22,-108.31,-109.92,0.0,-1041.97,0.4216660000000001
1.805,10420.0,-0.0,-0.0,-0.0,300.0,250.0,0.0,-0.0,24.96,21.75,669.68,-107.91,-110.26,0.0,-1007.65,0.42333299999999996
1.806667,10403.0,-0.0,-0.0,-0.0,300.0,250.0,0.0,-0.0,24.65,21.75,671.46,-109.01,-109.12,0.0,-826.05,0.42500000000000004
1.808333,10406.0,-0.0,-0.0,-0.0,300.0,250.0,0.0,-0.0,31.65,28.82,644.35,-100.01,-113.39,0.0,-3174.62,0.426666
1.81,10426.0,-0.0,-0.0,-0.0,300.0,250.0,0.0,-0.0,26.94,26.05,662.84,-105.8,-110.79,0.0,-1977.82,0.4283330000000001
1.811667,10402.0,-0.0,-0.0,-0.0,300.0,250.0,0.0,-0.0,25.11,24.13,670.49,-107.96,-109.13,0.0,-1045.96,0.42999999999999994
1.813333,10405.0,-0.0,-0.0,-0.0,300.0,250.0,0.0,-0.0,24.73,24.36,672.09,-108.45,-108.86,0.0,-867.4,0.4316660000000001
1.815,10404.0,-0.0,-0.0,-0.0,300.0,250.0,0.0,-0.0,24.58,24.9,673.05,-108.75,-108.27,0.0,-987.11,0.43333299999999997
1.816667,10406.0,-0.0,-0.0,-0.0,300.0,250.0,0.0,-0.0,31.2,32.13,644.67,-98.99,-112.2,0.0,-3353.52,0.43500000000000005
1.818333,10380.0,-0.0,-0.0,-0.0,300.0,250.0,0.0,-0.0,26.63,28.67,662.36,-105.61,-110.45,0.0,-1718.5,0.436666
1.82,10396.0,-0.0,-0.0,-0.0,300.0,250.0,0.0,-0.0,25.26,26.9,671.29,-108.0,-108.29,0.0,-1122.46,0.4383330000000001
1.821667,10383.0,-0.0,-0.0,-0.0,300.0,250.0,0.0,-0.0,24.43,27.59,671.93,-107.87,-107.74,0.0,-842.97,0.43999999999999995
1.823333,10405.0,-0.0,-0.0,-0.0,300.0,250.0,0.0,-0.0,23.82,28.36,671.94,-108.41,-107.79,0.0,-1059.52,0.4416660000000001
1.825,10406.0,-0.0,-0.0,-0.0,300.0,250.0,0.0,-0.0,30.97,35.28,644.51,-99.27,-111.87,0.0,-3378.52,0.443333
1.826667,10387.0,-0.0,-0.0,-0.0,300.0,250.0,0.0,-0.0,26.25,32.35,661.71,-104.56,-109.43,0.0,-1757.19,0.44500000000000006
1.828333,10412.0,-0.0,-0.0,-0.0,300.0,250.0,0.0,-0.0,24.12,30.43,669.86,-107.96,-107.45,0.0,-998.79,0.446666
1.83,10398.0,-0.0,-0.0,-0.0,300.0,250.0,0.0,-0.0,23.74,30.58,671.29,-107.72,-107.07,0.0,-906.45,0.4483330000000001
1.831667,10398.0,-0.0,-0.0,-0.0,300.0,250.0,0.0,-0.0,23.06,31.97,671.13,-108.15,-107.16,0.0,-1143.39,0.44999999999999996
1.833333,10391.0,-0.0,-0.0,-0.0,300.0,250.0,0.0,-0.0,29.45,38.89,642.59,-99.14,-110.84,0.0,-3460.38,0.4516660000000001
1.835,10401.0,-0.0,-0.0,-0.0,300.0,250.0,0.0,-0.0,25.11,35.2,660.29,-104.9,-108.22,0.0,-1717.92,0.453333
1.836667,10413.0,-0.0,-0.0,-0.0,300.0,250.0,0.0,-0.0,22.68,34.2,667.95,-107.36,-106.83,0.0,-1438.41,0.45500000000000007
1.838333,10408.0,-0.0,-0.0,-0.0,300.0,250.0,0.0,-0.0,22.07,33.89,667.64,-107.31,-106.2,0.0,-1044.16,0.456666
1.84,10403.0,-0.0,-0.0,-0.0,300.0,250.0,0.0,-0.0,21.54,34.74,667.63,-107.71,-106.15,0.0,-1096.17,0.4583330000000001
1.841667,10408.0,-0.0,-0.0,-0.0,300.0,250.0,0.0,-0.0,28.08,41.66,639.74,-99.09,-110.0,0.0,-3690.63,0.45999999999999996
1.843333,10391.0,-0.0,-0.0,-0.0,300.0,250.0,0.0,-0.0,23.21,38.5,656.8,-104.08,-106.66,0.0,-1998.46,0.46166600000000013
1.845,10404.0,-0.0,-0.0,-0.0,300.0,250.0,0.0,-0.0,20.62,36.81,663.18,-106.81,-106.34,0.0,-1378.89,0.463333
1.846667,10405.0,-0.0,-0.0,-0.0,300.0,250.0,0.0,-0.0,20.55,36.96,664.78,-107.3,-105.16,0.0,-1350.89,0.4650000000000001
1.848333,10416.0,-0.0,-0.0,-0.0,300.0,250.0,0.0,-0.0,19.79,37.81,664.45,-106.99,-105.07,0.0,-1275.98,0.466666
1.85,10406.0,-0.0,-0.0,-0.0,300.0,250.0,0.0,-0.0,25.42,44.27,635.92,-98.54,-108.71,0.0,-3720.28,0.4683330000000001
1.851667,10382.0,-0.0,-0.0,-0.0,300.0,250.0,0.0,-0.0,21.46,40.35,654.1,-104.44,-105.71,0.0,-2020.48,0.47
1.853333,10418.0,-0.0,-0.0,-0.0,300.0,250.0,0.0,-0.0,18.64,39.04,660.3,-105.94,-105.15,0.0,-1499.31,0.4716659999999999
1.855,10400.0,-0.0,-0.0,-0.0,300.0,250.0,0.0,-0.0,18.19,38.5,661.43,-107.0,-104.24,0.0,-1434.23,0.473333
1.856667,10399.0,-0.0,-0.0,-0.0,300.0,250.0,0.0,-0.0,18.04,38.19,662.07,-106.95,-103.86,0.0,-1296.44,0.4750000000000001
1.858333,10399.0,-0.0,-0.0,-0.0,300.0,250.0,0.0,-0.0,23.97,45.04,635.28,-98.82,-107.62,0.0,-4115.99,0.47666600000000003
1.86,10400.0,-0.0,-0.0,-0.0,300.0,250.0,0.0,-0.0,19.56,40.58,652.51,-103.82,-104.22,0.0,-2434.05,0.4783330000000001
1.861667,10419.0,-0.0,-0.0,-0.0,300.0,250.0,0.0,-0.0,17.2,38.58,659.04,-106.28,-103.65,0.0,-1560.42,0.48
1.863333,10405.0,-0.0,-0.0,-0.0,300.0,250.0,0.0,-0.0,16.67,38.2,661.91,-107.18,-102.72,0.0,-1662.62,0.4816659999999999
1.865,10398.0,-0.0,-0.0,-0.0,300.0,250.0,0.0,-0.0,16.29,38.43,660.01,-106.26,-102.2,0.0,-1675.95,0.483333
1.866667,10401.0,-0.0,-0.0,-0.0,300.0,250.0,0.0,-0.0,22.22,45.04,631.79,-97.93,-106.21,0.0,-4224.47,0.4850000000000001
1.868333,10414.0,-0.0,-0.0,-0.0,300.0,250.0,0.0,-0.0,17.88,41.35,651.08,-103.93,-102.91,0.0,-2730.56,0.48666600000000004
1.87,10401.0,-0.0,-0.0,-0.0,300.0,250.0,0.0,-0.0,15.22,39.73,657.13,-105.58,-101.85,0.0,-1829.51,0.48833300000000013
1.871667,10411.0,-0.0,-0.0,-0.0,300.0,250.0,0.0,-0.0,14.46,39.43,656.98,-106.4,-101.64,0.0,-1903.0,0.49
1.873333,10402.0,-0.0,-0.0,-0.0,300.0,250.0,0.0,-0.0,14.69,38.89,657.78,-106.32,-100.69,0.0,-1772.17,0.49166599999999994
1.875,10399.0,-0.0,-0.0,-0.0,300.0,250.0,0.0,-0.0,20.93,45.89,629.07,-96.92,-104.97,0.0,-4447.21,0.493333
1.876667,10413.0,-0.0,-0.0,-0.0,300.0,250.0,0.0,-0.0,16.59,41.04,647.89,-103.15,-101.69,0.0,-2779.49,0.4950000000000001
1.878333,10403.0,-0.0,-0.0,-0.0,300.0,250.0,0.0,-0.0,14.84,38.35,656.66,-105.9,-100.44,0.0,-1872.79,0.49666600000000005
1.88,10399.0,-0.0,-0.0,-0.0,300.0,250.0,0.0,-0.0,14.08,38.28,657.45,-105.87,-100.27,0.0,-2200.02,0.4983329999999999
1.881667,10396.0,-0.0,-0.0,-0.0,300.0,250.0,0.0,-0.0,14.08,37.28,658.73,-106.14,-99.23,0.0,-2043.83,0.5
1.883333,10406.0,-0.0,-0.0,-0.0,300.0,250.0,0.0,-0.0,21.08,43.2,630.99,-97.42,-103.24,0.0,-4304.25,0.501666
1.885,10394.0,-0.0,-0.0,-0.0,300.0,250.0,0.0,-0.0,16.82,38.82,650.92,-103.63,-100.28,0.0,-3065.26,0.503333
1.886667,10404.0,-0.0,-0.0,-0.0,300.0,250.0,0.0,-0.0,14.76,36.28,657.94,-105.42,-98.44,0.0,-2187.06,0.5050000000000001
1.888333,10400.0,-0.0,-0.0,-0.0,300.0,250.0,0.0,-0.0,14.46,35.97,658.25,-105.91,-98.72,0.0,-2049.92,0.5066660000000001
1.89,10403.0,-0.0,-0.0,-0.0,300.0,250.0,0.0,-0.0,14.92,35.74,660.01,-106.36,-98.01,0.0,-2186.61,0.5083329999999999
1.891667,10404.0,-0.0,-0.0,-0.0,300.0,250.0,0.0,-0.0,21.15,42.43,630.35,-96.55,-101.7,0.0,-4420.2,0.51
1.893333,10420.0,-0.0,-0.0,-0.0,300.0,250.0,0.0,-0.0,16.89,38.28,649.82,-104.25,-98.58,0.0,-2843.92,0.511666
1.895,10394.0,-0.0,-0.0,-0.0,300.0,250.0,0.0,-0.0,15.52,36.2,656.99,-105.85,-97.07,0.0,-2181.63,0.513333
1.896667,10406.0,-3.04,-8.77,28.03,257.57,244.23,0.0,11.58,14.61,36.97,655.86,-105.62,-97.14,0.0,-2088.19,0.5150000000000001
1.898333,10404.0,-3.04,-9.15,28.51,280.06,258.97,0.0,183.82,14.76,36.2,655.56,-106.02,-96.82,0.0,-2010.05,0.5166660000000001
1.9,10401.0,-0.0,-0.0,-0.0,300.0,250.0,0.0,-0.0,22.14,42.28,627.49,-97.12,-100.37,0.0,-4131.03,0.5183329999999999
1.901667,10387.0,-0.0,-0.0,-0.0,300.0,250.0,0.0,-0.0,17.81,39.12,645.03,-103.46,-97.71,0.0,-2707.37,0.52
1.903333,10401.0,-1.6,-9.99,28.35,263.03,261.39,0.0,264.91,15.83,37.12,651.74,-105.68,-95.49,0.0,-2040.89,0.521666
1.905,10397.0,-1.44,-11.75,31.22,256.06,253.75,0.0,55.52,16.21,36.82,652.23,-106.51,-95.69,0.0,-1660.8,0.523333
1.906667,10402.0,-1.83,-8.16,30.9,260.48,252.04,0.0,-134.66,16.29,37.43,650.94,-106.23,-95.64,0.0,-2031.99,0.5249999999999999
1.908333,10409.0,-0.0,-0.0,-0.0,300.0,250.0,0.0,-0.0,23.21,43.58,621.78,-97.27,-98.62,0.0,-3963.63,0.5266660000000001
1.91,10390.0,-0.0,-0.0,-0.0,300.0,250.0,0.0,-0.0,19.25,40.12,638.53,-103.59,-96.29,0.0,-2350.43,0.5283329999999999
1.911667,10412.0,0.38,-11.37,31.22,253.14,260.68,0.0,141.0,17.66,38.81,645.39,-106.42,-94.87,0.0,-1761.55,0.53
1.913333,10410.0,-0.38,-11.52,32.81,249.45,251.83,0.0,-240.23,17.43,39.35,644.76,-106.24,-94.31,0.0,-1408.39,0.531666
1.915,10405.0,0.23,-11.21,33.76,244.24,266.02,0.0,-191.42,17.43,40.12,641.26,-106.57,-94.88,0.0,-1358.2,0.5333330000000001
1.916667,10402.0,-0.0,-0.0,-0.0,300.0,250.0,0.0,-0.0,24.81,47.12,612.41,-97.69,-97.99,0.0,-3685.66,0.5349999999999999
1.918333,10402.0,-0.0,-0.0,-0.0,300.0,250.0,0.0,-0.0,20.32,45.11,628.84,-103.76,-95.27,0.0,-2093.56,0.5366660000000001
1.92,10406.0,1.07,-9.84,32.65,247.2,261.1,0.0,-243.71,18.42,43.27,633.8,-107.11,-93.84,0.0,-1128.79,0.538333
1.921667,10395.0,1.3,-10.45,35.19,239.54,263.4,0.0,-294.92,18.87,43.88,632.37,-107.21,-93.65,0.0,-908.98,0.54
1.923333,10401.0,1.45,-9.08,34.87,236.78,268.98,0.0,-425.97,18.57,45.34,629.82,-107.21,-93.83,0.0,-905.67,0.541666
1.925,10396.0,-0.0,-0.0,-0.0,300.0,250.0,0.0,-0.0,25.11,52.8,598.76,-98.6,-96.48,0.0,-3171.86,0.5433330000000001
1.926667,10424.0,3.35,-2.44,26.59,210.56,267.57,0.0,-652.89,21.16,50.11,614.55,-104.67,-94.11,0.0,-1419.14,0.5449999999999999
1.928333,10404.0,1.37,-3.13,35.67,232.32,266.96,0.0,-862.67,19.41,49.49,619.18,-107.29,-93.06,0.0,-812.55,0.5466660000000001
1.93,10404.0,0.53,-1.76,35.99,236.58,260.94,0.0,-993.95,19.1,50.1,616.5,-108.0,-92.18,0.0,-429.43,0.548333
1.931667,10401.0,0.6,-0.69,37.26,229.95,267.12,0.0,-1196.52,19.26,51.41,613.0,-107.94,-92.4,0.0,-288.94,0.55
1.933333,10404.0,-0.0,-0.0,-0.0,300.0,250.0,0.0,-0.0,25.95,59.56,582.4,-98.91,-95.57,0.0,-2905.84,0.551666
1.935,10414.0,3.42,3.89,30.73,206.59,275.82,0.0,-1103.01,21.39,57.17,596.6,-104.92,-93.27,0.0,-1131.98,0.5533330000000001
1.936667,10408.0,2.2,2.21,43.62,196.13,284.24,0.0,-1314.68,19.26,56.17,599.65,-108.79,-92.46,0.0,-55.75,0.5549999999999999
1.938333,10397.0,4.26,1.6,57.47,178.75,280.82,0.0,-974.49,19.64,57.4,597.44,-109.28,-91.49,0.0,19.12,0.5566660000000001
1.94,10406.0,1.82,0.84,56.68,190.65,276.54,0.0,-1321.04,18.72,59.78,592.82,-108.3,-91.31,0.0,71.68,0.558333
1.941667,10409.0,8.83,5.18,26.73,93.84,338.1,0.0,481.58,25.04,67.16,560.32,-99.76,-95.62,0.0,-2369.63,0.56
1.943333,10423.0,5.78,3.05,45.52,147.3,283.63,0.0,-571.31,21.46,64.47,575.16,-106.43,-92.45,0.0,-531.62,0.561666
1.945,10388.0,5.17,-0.0,53.97,191.52,281.58,0.0,-1037.54,18.42,64.69,576.77,-108.64,-91.48,0.0,324.98,0.5633330000000001
1.946667,10402.0,5.86,-0.23,48.71,167.59,281.39,0.0,-963.91,17.96,65.92,573.61,-110.05,-90.49,0.0,531.16,0.565
1.948333,10406.0,5.32,-0.99,52.69,179.57,277.77,0.0,-1152.85,17.96,67.38,569.65,-110.36,-90.48,0.0,791.22,0.5666660000000001
1.95,10400.0,12.56,4.42,33.1,118.23,304.04,0.0,166.69,23.82,75.76,534.25,-98.63,-95.64,0.0,-2125.18,0.568333
1.951667,10394.0,9.89,2.06,43.61,138.74,285.72,0.0,-517.24,19.1,73.3,549.75,-107.79,-91.09,0.0,81.63,0.5700000000000001
1.953333,10384.0,8.83,-0.69,56.03,166.4,286.51,0.0,-1013.22,16.67,72.84,552.64,-110.36,-89.79,0.0,1043.48,0.571666
1.955,10392.0,10.04,-0.99,63.51,164.06,282.55,0.0,-1130.63,15.98,74.6,546.93,-110.64,-89.49,0.0,838.28,0.5733330000000001
1.956667,10409.0,10.2,-0.46,64.94,152.5,279.61,0.0,-1012.01,15.07,75.98,540.25,-110.14,-89.51,0.0,1124.05,0.575
1.958333,10401.0,16.9,3.74,51.55,87.23,298.51,0.0,543.64,21.08,83.75,507.44,-101.06,-94.05,0.0,-1462.6,0.5766660000000001
1.96,10391.0,20.1,0.07,80.51,112.06,280.05,0.0,105.1,16.44,81.13,520.86,-108.94,-90.01,0.0,431.03,0.578333
1.961667,10414.0,20.25,-2.9,107.4,124.98,264.25,0.0,-147.36,13.55,81.13,520.24,-110.06,-88.83,0.0,1173.46,0.5800000000000001
1.963333,10411.0,22.16,-2.44,123.79,121.74,257.94,0.0,-553.45,12.18,81.59,515.97,-112.96,-88.81,0.0,1546.5,0.581666
1.965,10398.0,24.82,2.51,129.5,110.65,254.54,0.0,-526.56,12.1,82.74,510.72,-112.69,-87.99,0.0,1691.33,0.5833330000000001
1.966667,10404.0,33.42,9.38,115.79,70.46,253.52,0.0,780.13,17.66,91.05,474.39,-100.36,-92.81,0.0,-1310.0,0.585
1.968333,10388.0,32.89,5.11,151.59,90.5,245.59,0.0,-33.62,12.48,87.66,485.59,-109.31,-89.27,0.0,852.73,0.5866660000000001
1.97,10400.0,33.96,1.9,182.61,96.25,239.24,0.0,-586.23,9.9,86.58,487.21,-112.9,-87.81,0.0,1828.85,0.588333
1.971667,10399.0,36.17,1.37,207.26,90.39,236.73,0.0,-621.45,8.22,87.43,480.36,-113.31,-87.82,0.0,1828.75,0.5900000000000001
1.973333,10403.0,37.08,0.08,239.07,90.09,235.5,0.0,-452.57,7.24,87.66,472.92,-113.97,-86.14,0.0,2041.26,0.591666
1.975,10404.0,42.19,2.52,251.76,71.26,233.22,0.0,482.9,12.87,94.65,436.59,-101.43,-91.17,0.0,-798.89,0.5933330000000001
1.976667,10404.0,38.01,-4.35,296.47,79.4,234.48,0.0,105.76,7.54,91.58,447.15,-110.28,-87.78,0.0,814.34,0.595
1.978333,10398.0,31.77,-11.52,337.52,84.91,234.92,0.0,-87.31,4.5,89.12,446.86,-113.6,-85.51,0.0,2051.83,0.5966659999999999
1.98,10406.0,26.29,-17.24,372.84,86.28,235.19,0.0,-239.29,2.9,88.5,438.77,-115.96,-85.54,0.0,2435.47,0.598333
1.981667,10408.0,20.13,-21.58,401.95,86.63,235.91,0.0,-281.2,1.53,88.5,429.72,-116.05,-84.16,0.0,2290.9,0.6000000000000001
1.983333,10405.0,17.77,-18.91,404.14,74.23,235.62,0.0,325.03,7.16,94.81,392.61,-101.41,-88.36,0.0,-867.27,0.601666
1.985,10392.0,8.1,-21.74,438.21,82.97,236.32,0.0,-202.44,1.3,89.81,400.45,-112.33,-86.03,0.0,1337.86,0.6033330000000001
1.986667,10403.0,-0.51,-21.81,463.04,87.79,236.9,0.0,-713.14,-1.21,86.58,398.26,-116.52,-83.3,0.0,2297.99,0.605
1.988333,10402.0,-6.15,-18.31,475.13,87.49,236.56,0.0,-1261.36,-3.26,85.81,387.94,-117.59,-82.06,0.0,2493.29,0.6066659999999999
1.99,10395.0,-10.87,-14.65,485.0,88.69,238.38,0.0,-1522.27,-4.63,83.89,378.42,-119.57,-81.16,0.0,2669.16,0.608333
1.991667,10400.0,-9.73,-7.86,469.38,78.39,239.31,0.0,-1004.69,1.53,88.81,337.97,-102.87,-86.39,0.0,-724.87,0.6100000000000001
1.993333,10415.0,-15.22,-10.15,484.51,83.75,240.62,0.0,-1796.83,-4.1,83.2,344.22,-114.34,-82.65,0.0,1432.95,0.611666
1.995,10406.0,-19.79,-15.03,497.74,88.71,242.95,0.0,-2276.38,-6.92,77.82,340.13,-120.44,-78.77,0.0,2574.16,0.6133330000000001
1.996667,10403.0,-22.3,-20.75,503.47,88.93,245.35,0.0,-2561.45,-7.91,74.82,329.81,-121.92,-78.06,0.0,2724.09,0.615
1.998333,10406.0,-23.82,-27.61,507.45,89.73,247.92,0.0,-2598.58,-8.9,72.45,317.75,-123.42,-76.92,0.0,2396.48,0.6166659999999999
2.0,10398.0,-20.08,-29.13,490.57,81.1,250.73,0.0,-1682.56,-3.19,75.14,276.5,-104.16,-81.92,0.0,-478.96,0.618333
2.001667,10395.0,-22.98,-38.2,506.65,84.96,253.47,0.0,-2132.22,-8.06,67.84,283.57,-119.56,-76.88,0.0,1774.15,0.6199999999999999
2.003333,10396.0,-24.95,-45.98,519.87,89.73,255.4,0.0,-2236.35,-10.65,62.23,279.15,-125.62,-73.87,0.0,2357.0,0.621666
2.005,10402.0,-24.57,-49.87,526.08,89.8,257.13,0.0,-1910.66,-11.79,58.23,267.72,-124.92,-71.16,0.0,2455.45,0.6233329999999999
2.006667,10405.0,-23.5,-52.31,531.01,89.88,258.95,0.0,-1769.94,-12.7,54.54,255.97,-128.41,-71.36,0.0,2587.82,0.6250000000000002
2.008333,10402.0,-17.25,-49.25,512.37,80.7,261.81,0.0,-878.21,-5.78,57.01,217.58,-106.23,-76.99,0.0,-525.89,0.626666
2.01,10418.0,-18.24,-52.46,529.73,85.39,263.26,0.0,-865.01,-10.95,49.63,224.65,-121.98,-69.91,0.0,1470.71,0.6283329999999998
2.011667,10381.0,-19.23,-56.19,541.2,88.5,264.55,0.0,-843.59,-13.39,43.63,220.39,-130.35,-67.35,0.0,2256.28,0.6300000000000001
2.013333,10409.0,-17.85,-58.02,545.97,88.17,266.12,0.0,-501.06,-13.46,39.48,211.18,-132.54,-64.77,0.0,2231.92,0.6316659999999998
2.015,10401.0,-17.01,-60.23,552.18,88.74,268.01,0.0,-178.53,-14.45,36.34,200.21,-133.79,-64.14,0.0,2217.1,0.6333330000000001
2.016667,10398.0,-11.45,-57.63,534.02,79.95,270.96,0.0,888.08,-7.99,38.42,160.56,-105.86,-69.81,0.0,-314.06,0.635
2.018333,10414.0,-13.12,-62.97,552.81,85.07,271.78,0.0,942.29,-11.33,30.58,170.97,-130.76,-62.45,0.0,1450.84,0.6366660000000002
2.02,10392.0,-14.03,-67.93,568.25,87.87,272.54,0.0,921.8,-13.62,25.89,167.65,-137.97,-60.25,0.0,1813.11,0.638333
2.021667,10402.0,-13.8,-70.67,574.94,87.9,273.94,0.0,1233.97,-13.62,21.51,158.92,-141.03,-56.48,0.0,2117.68,0.6399999999999999
2.023333,10404.0,-13.19,-73.72,583.37,87.82,275.51,0.0,1402.24,-13.16,18.51,150.52,-146.85,-54.89,0.0,2251.64,0.6416660000000001
2.025,10402.0,-8.16,-71.2,569.18,80.19,277.45,0.0,2237.54,-6.01,22.05,114.2,-109.59,-63.1,0.0,-202.6,0.6433329999999999
2.026667,10394.0,-11.44,-75.47,589.72,84.47,277.84,0.0,2105.23,-10.04,15.21,123.01,-136.87,-51.77,0.0,1385.56,0.6450000000000002
2.028333,10423.0,-14.78,-80.2,607.55,87.44,278.9,0.0,1832.14,-12.17,11.13,121.28,-149.17,-50.84,0.0,1904.38,0.646666
2.03,10408.0,-16.91,-82.11,616.47,87.96,279.66,0.0,1875.34,-11.26,7.91,115.73,-156.74,-46.61,0.0,1895.25,0.6483329999999998
2.031667,10403.0,-19.35,-83.71,627.13,88.71,280.06,0.0,1853.9,-11.41,5.91,107.79,-158.12,-43.37,0.0,2034.76,0.6500000000000001
2.033333,10404.0,-17.52,-80.2,614.53,80.91,282.28,0.0,2345.88,-4.03,9.45,73.23,-115.27,-54.37,0.0,384.93,0.6516659999999999
2.035,10398.0,-23.46,-83.86,638.74,85.74,281.66,0.0,2140.25,-7.76,3.84,86.01,-153.15,-42.6,0.0,1369.16,0.6533330000000002
2.036667,10409.0,-28.64,-86.52,658.64,88.57,281.6,0.0,1801.98,-9.13,0.15,86.49,-166.62,-41.38,0.0,1812.43,0.655
2.038333,10410.0,-31.31,-87.13,671.68,89.31,281.45,0.0,1815.45,-9.28,-1.93,82.86,-179.1,-35.73,0.0,1794.59,0.6566660000000002
2.04,10402.0,-34.13,-87.59,684.57,88.82,281.27,0.0,1631.31,-8.98,-3.31,78.26,-181.58,-32.14,0.0,1894.01,0.6583330000000001
2.041667,10399.0,-30.55,-83.01,677.22,82.83,282.78,0.0,2240.24,-2.59,2.23,46.38,-113.51,-45.51,0.0,429.77,0.6599999999999999
2.043333,10398.0,-34.89,-84.61,701.74,86.52,281.54,0.0,2226.13,-6.77,-3.0,60.12,-178.38,-28.4,0.0,1145.28,0.6616660000000001
2.045,10397.0,-38.24,-86.45,722.27,88.45,281.06,0.0,1913.32,-8.22,-5.69,64.12,-196.94,-29.84,0.0,1486.32,0.663333
2.046667,10415.0,-38.85,-86.22,737.55,89.21,280.88,0.0,2003.08,-8.37,-6.77,63.17,-204.6,-26.74,0.0,1130.05,0.6649999999999998
2.048333,10399.0,-39.53,-84.84,748.68,89.22,280.5,0.0,2191.74,-8.44,-7.54,59.2,-205.6,-20.6,0.0,1390.21,0.666666
2.05,10401.0,-34.58,-79.43,739.27,83.27,281.69,0.0,2946.53,-1.98,-1.0,27.96,-113.25,-39.66,0.0,570.45,0.6683329999999998
2.051667,10401.0,-37.25,-80.57,762.19,86.29,280.59,0.0,2885.37,-6.09,-5.77,45.67,-201.83,-21.59,0.0,932.94,0.6700000000000002
2.053333,10412.0,-39.23,-81.87,780.18,88.73,279.94,0.0,2672.44,-8.37,-7.69,49.5,-215.15,-20.09,0.0,1190.27,0.6716659999999999
2.055,10396.0,-39.38,-81.33,790.68,89.13,280.08,0.0,2778.75,-8.75,-8.54,48.39,-231.34,-23.31,0.0,944.3,0.6733330000000002
2.056667,10398.0,-39.61,-80.19,798.79,88.93,279.71,0.0,2992.92,-8.22,-8.69,46.64,-228.98,-17.89,0.0,975.37,0.675
2.058333,10406.0,-34.66,-75.15,784.92,83.08,280.97,0.0,3714.45,-0.0,-0.0,-0.0,-305.0,0.0,0.0,-0.0,0.6766660000000002
2.06,10413.0,-37.86,-77.06,804.83,86.38,280.57,0.0,3601.32,-6.39,-6.46,33.75,-230.42,-13.31,0.0,569.57,0.6783330000000001
2.061667,10429.0,-40.52,-79.12,818.52,88.21,279.71,0.0,3221.7,-8.14,-8.85,39.49,-245.35,-17.1,0.0,794.34,0.6799999999999999
2.063333,10400.0,-40.9,-79.2,826.95,89.1,280.09,0.0,3292.74,-8.9,-8.92,37.89,-250.13,-21.47,0.0,508.26,0.6816660000000001
2.065,10401.0,-42.12,-78.66,831.88,89.05,280.38,0.0,3379.52,-9.05,-9.69,37.59,-258.75,-6.43,0.0,414.51,0.683333
2.066667,10406.0,-37.78,-73.55,814.99,83.77,281.6,0.0,4058.79,-0.0,-0.0,-0.0,-305.0,0.0,0.0,-0.0,0.6849999999999998
2.068333,10369.0,-41.74,-75.92,832.51,87.34,280.97,0.0,3704.72,-6.47,-7.92,26.76,-263.47,-6.54,0.0,66.68,0.686666
2.07,10391.0,-45.4,-77.29,845.09,89.4,280.33,0.0,3263.44,-8.44,-10.38,32.98,-270.28,-3.13,0.0,-12.38,0.6883329999999999
2.071667,10397.0,-47.38,-77.06,850.02,89.51,280.68,0.0,3230.39,-8.22,-10.69,32.98,-277.47,-11.61,0.0,-73.49,0.6900000000000002
2.073333,10400.0,-48.6,-76.45,854.0,89.8,280.84,0.0,3152.73,-8.37,-11.3,33.63,-285.65,-4.14,0.0,-337.29,0.6916659999999999
2.075,10411.0,-44.94,-70.65,836.16,84.69,281.62,0.0,3757.08,-0.0,-0.0,-0.0,-305.0,0.0,0.0,-0.0,0.6933330000000002
2.076667,10401.0,-49.06,-72.26,851.76,87.47,281.36,0.0,3314.06,-0.0,-0.0,-0.0,-305.0,0.0,0.0,-0.0,0.6950000000000001
2.078333,10400.0,-52.33,-73.4,864.03,89.62,280.97,0.0,2877.83,-7.61,-9.69,29.49,-298.61,2.03,0.0,-293.0,0.6966660000000002
2.08,10400.0,-54.16,-72.26,868.65,90.32,280.75,0.0,2706.46,-8.6,-8.46,28.53,-299.7,-7.9,0.0,124.42,0.6983330000000001
2.081667,10404.0,-55.3,-71.04,871.51,90.77,281.01,0.0,2705.57,-8.67,-8.31,28.54,-308.55,-0.63,0.0,43.49,0.7
2.083333,10401.0,-51.19,-65.24,851.43,84.95,281.95,0.0,3327.86,-0.0,-0.0,-0.0,-305.0,0.0,0.0,-0.0,0.7016660000000001
2.085,10410.0,-54.7,-66.31,866.88,88.58,281.28,0.0,3085.8,-0.0,-0.0,-0.0,-305.0,0.0,0.0,-0.0,0.703333
2.086667,10369.0,-57.51,-67.3,877.4,90.99,281.09,0.0,2661.28,-8.37,-7.85,27.11,-309.8,13.57,0.0,-131.99,0.7049999999999998
2.088333,10390.0,-58.35,-66.39,877.71,90.36,280.82,0.0,2475.02,-8.06,-8.08,28.06,-300.33,-1.51,0.0,257.1,0.706666
2.09,10406.0,-58.73,-65.32,878.99,90.84,280.9,0.0,2442.86,-8.6,-7.92,29.0,-304.01,-12.8,0.0,61.26,0.7083329999999999
2.091667,10405.0,-53.78,-59.3,857.48,85.77,282.16,0.0,3416.41,-0.0,-0.0,-0.0,-305.0,0.0,0.0,-0.0,0.7100000000000002
2.093333,10410.0,-56.75,-60.75,869.75,88.71,281.67,0.0,2948.2,-0.0,-0.0,-0.0,-305.0,0.0,0.0,-0.0,0.7116659999999999
2.095,10410.0,-58.96,-62.27,877.08,90.75,281.34,0.0,2502.54,-7.99,-7.61,27.9,-307.62,0.38,0.0,-151.71,0.7133330000000002
2.096667,10409.0,-59.5,-61.81,877.4,91.08,281.5,0.0,2457.45,-8.52,-8.31,27.9,-296.54,1.73,0.0,115.08,0.7150000000000001
2.098333,10406.0,-60.11,-61.28,875.01,91.1,281.72,0.0,2445.63,-8.6,-8.31,27.41,-297.84,-14.19,0.0,264.99,0.7166659999999998
2.1,10403.0,-55.08,-56.25,851.44,86.23,283.32,0.0,3211.6,-0.0,-0.0,-0.0,-305.0,0.0,0.0,-0.0,0.7183330000000001
2.101667,10402.0,-58.05,-57.93,861.96,89.37,282.67,0.0,2661.18,-0.0,-0.0,-0.0,-305.0,0.0,0.0,-0.0,0.72
2.103333,10388.0,-60.26,-59.91,866.59,91.4,282.83,0.0,2273.42,-8.37,-7.69,27.43,-312.74,-5.8,0.0,-15.69,0.7216660000000001
2.105,10406.0,-60.49,-59.91,864.36,91.62,283.22,0.0,2231.4,-8.14,-8.31,29.02,-303.5,0.55,0.0,75.71,0.723333
2.106667,10406.0,-60.56,-59.45,860.55,91.84,283.08,0.0,2211.3,-8.6,-7.77,28.04,-292.12,-10.71,0.0,375.41,0.7249999999999999
2.108333,10400.0,-55.61,-54.19,834.11,86.76,284.71,0.0,2993.55,-0.0,-0.0,-0.0,-305.0,0.0,0.0,-0.0,0.726666
2.11,10372.0,-58.28,-56.55,842.72,89.41,284.16,0.0,2548.34,-0.0,-0.0,-0.0,-305.0,0.0,0.0,-0.0,0.7283329999999999
2.111667,10415.0,-60.11,-58.23,847.82,91.96,284.1,0.0,2059.92,-8.14,-7.39,26.61,-298.42,-11.98,0.0,229.25,0.7300000000000002
2.113333,10411.0,-60.49,-57.85,843.69,92.39,284.6,0.0,2085.11,-8.44,-7.92,28.86,-308.22,4.57,0.0,79.29,0.7316659999999999
2.115,10399.0,-60.49,-57.39,839.4,92.36,285.0,0.0,1931.79,-8.14,-8.0,28.05,-297.42,-6.22,0.0,354.43,0.7333330000000002
2.116667,10403.0,-55.08,-52.21,812.0,86.94,286.53,0.0,2795.89,-0.0,-0.0,-0.0,-305.0,0.0,0.0,-0.0,0.7350000000000001
2.118333,10384.0,-57.83,-53.73,819.66,90.21,285.86,0.0,2296.48,-0.0,-0.0,-0.0,-305.0,0.0,0.0,-0.0,0.7366659999999998
2.12,10388.0,-59.42,-54.8,821.73,92.02,285.92,0.0,1935.06,-7.91,-7.77,27.43,-312.06,-1.05,0.0,48.85,0.7383330000000001
2.121667,10400.0,-59.04,-54.57,817.6,92.71,286.03,0.0,1920.17,-8.14,-7.77,29.34,-303.56,3.61,0.0,-58.85,0.74
2.123333,10399.0,-58.66,-53.89,812.51,92.76,286.29,0.0,1765.34,-8.67,-7.69,28.54,-297.0,4.95,0.0,229.75,0.7416660000000002
2.125,10395.0,-53.18,-48.32,783.69,87.04,287.79,0.0,2556.04,-0.0,-0.0,-0.0,-305.0,0.0,0.0,-0.0,0.743333
2.126667,10400.0,-55.09,-49.85,790.87,90.61,287.07,0.0,2287.71,-0.0,-0.0,-0.0,-305.0,0.0,0.0,-0.0,0.7449999999999999
2.128333,10424.0,-56.46,-51.14,793.74,92.55,286.95,0.0,1708.46,-8.14,-7.16,27.11,-312.49,2.32,0.0,118.52,0.746666
2.13,10396.0,-56.23,-50.61,786.58,92.83,287.27,0.0,1676.96,-8.6,-7.85,28.87,-317.11,7.07,0.0,-64.49,0.7483329999999999
2.131667,10406.0,-55.7,-50.15,780.54,92.63,287.24,0.0,1576.9,-8.06,-7.69,29.18,-302.03,2.6,0.0,77.23,0.7500000000000002
2.133333,10396.0,-49.53,-44.2,753.15,87.06,289.1,0.0,2435.86,-0.0,-0.0,-0.0,-305.0,0.0,0.0,-0.0,0.751666
2.135,10401.0,-51.89,-45.81,758.58,90.86,288.46,0.0,2132.5,-0.0,-0.0,-0.0,-305.0,0.0,0.0,-0.0,0.7533329999999998
2.136667,10418.0,-52.88,-47.03,758.58,92.55,288.39,0.0,1524.0,-7.76,-7.77,27.74,-311.76,3.76,0.0,181.45,0.7550000000000001
2.138333,10399.0,-52.43,-46.27,753.49,93.05,288.34,0.0,1471.05,-8.52,-7.31,28.21,-302.45,-6.31,0.0,-8.62,0.7566659999999998
2.14,10409.0,-51.89,-45.58,745.54,93.08,288.16,0.0,1490.32,-8.22,-7.69,28.85,-296.41,0.25,0.0,91.26,0.7583330000000001
2.141667,10404.0,-46.03,-40.24,717.67,86.92,290.46,0.0,2238.23,-0.0,-0.0,-0.0,-305.0,0.0,0.0,-0.0,0.76
2.143333,10405.0,-48.01,-41.54,722.94,90.6,289.67,0.0,1884.82,-0.0,-0.0,-0.0,-305.0,0.0,0.0,-0.0,0.7616660000000002
2.145,10400.0,-49.61,-42.61,723.27,93.36,288.94,0.0,1368.05,-8.06,-7.23,27.42,-297.21,4.58,0.0,206.39,0.763333
2.146667,10398.0,-49.23,-42.23,717.38,93.35,289.51,0.0,1326.05,-8.44,-7.69,28.71,-315.49,-0.81,0.0,-54.46,0.7649999999999999
2.148333,10408.0,-48.39,-41.54,710.38,93.7,289.85,0.0,1297.25,-7.76,-7.85,28.7,-305.81,-1.1,0.0,13.75,0.7666660000000001
2.15,10408.0,-42.84,-35.74,681.24,87.68,291.66,0.0,2044.3,-0.0,-0.0,-0.0,-305.0,0.0,0.0,-0.0,0.7683329999999999
2.151667,10409.0,-44.89,-37.35,686.83,91.52,290.78,0.0,1620.64,-0.0,-0.0,-0.0,-305.0,0.0,0.0,-0.0,0.7700000000000002
2.153333,10387.0,-46.42,-38.8,686.52,93.51,290.22,0.0,1179.54,-7.46,-7.39,27.74,-302.38,1.92,0.0,152.17,0.771666
2.155,10398.0,-45.73,-38.19,680.16,94.05,290.73,0.0,1020.45,-8.37,-7.54,28.05,-300.69,-7.92,0.0,269.82,0.7733329999999998
2.156667,10402.0,-45.58,-36.97,671.41,94.14,290.89,0.0,1084.19,-8.37,-7.85,28.7,-309.56,3.54,0.0,-22.01,0.7750000000000001
2.158333,10405.0,-40.17,-31.7,642.27,87.13,292.72,0.0,1798.47,-0.0,-0.0,-0.0,-305.0,0.0,0.0,-0.0,0.7766659999999999
2.16,10404.0,-41.93,-33.31,648.33,91.7,292.0,0.0,1416.1,-0.0,-0.0,-0.0,-305.0,0.0,0.0,-0.0,0.7783330000000002
2.161667,10384.0,-43.6,-34.3,648.18,94.16,291.38,0.0,1039.22,-7.91,-7.62,27.42,-303.01,6.44,0.0,91.42,0.78
2.163333,10409.0,-43.52,-34.07,641.18,94.63,291.74,0.0,895.1,-8.29,-7.54,28.86,-310.87,-1.79,0.0,157.64,0.7816660000000002
2.165,10406.0,-42.92,-33.23,634.98,94.81,291.94,0.0,816.29,-8.22,-7.31,29.34,-309.32,4.28,0.0,-131.61,0.7833330000000001
2.166667,10405.0,-37.74,-27.97,605.68,87.81,294.1,0.0,1629.25,-0.0,-0.0,-0.0,-305.0,0.0,0.0,-0.0,0.7849999999999999
2.168333,10386.0,-40.18,-29.34,610.31,92.32,293.73,0.0,1200.86,-0.0,-0.0,-0.0,-305.0,0.0,0.0,-0.0,0.7866660000000001
2.17,10415.0,-41.93,-30.79,611.43,94.82,293.16,0.0,720.22,-7.3,-7.23,27.58,-312.61,-1.46,0.0,30.74,0.788333
2.171667,10395.0,-41.85,-30.34,604.59,95.44,292.96,0.0,526.82,-8.06,-7.16,29.02,-303.38,-4.71,0.0,256.6,0.7899999999999998
2.173333,10406.0,-41.47,-29.65,597.28,95.73,293.53,0.0,601.05,-8.29,-7.54,28.38,-312.43,1.7,0.0,-50.87,0.791666
2.175,10406.0,-36.37,-24.39,568.61,88.11,295.4,0.0,1406.25,-0.0,-0.0,-0.0,-305.0,0.0,0.0,-0.0,0.7933329999999998
2.176667,10408.0,-38.5,-25.91,573.72,92.45,294.3,0.0,932.15,-0.0,-0.0,-0.0,-305.0,0.0,0.0,-0.0,0.7950000000000002
2.178333,10413.0,-40.56,-27.29,575.01,95.94,294.1,0.0,602.35,-7.91,-7.08,26.46,-315.33,-2.63,0.0,62.73,0.7966659999999999
2.18,10399.0,-40.71,-27.21,568.17,96.16,294.22,0.0,393.9,-7.68,-7.62,29.03,-314.33,3.92,0.0,106.04,0.7983330000000002
2.181667,10404.0,-40.48,-26.6,562.76,97.16,294.34,0.0,279.95,-8.29,-7.0,28.37,-297.75,-2.33,0.0,21.01,0.8
2.183333,10398.0,-35.23,-21.03,534.41,89.11,296.74,0.0,1373.05,-0.0,-0.0,-0.0,-305.0,0.0,0.0,-0.0,0.8016660000000002
2.185,10388.0,-37.97,-22.94,540.47,93.11,295.82,0.0,700.67,-0.0,-0.0,-0.0,-305.0,0.0,0.0,-0.0,0.8033330000000001
2.186667,10380.0,-39.8,-24.54,541.44,96.71,295.37,0.0,363.05,-7.76,-6.85,27.74,-305.78,0.3,0.0,7.29,0.8049999999999999
2.188333,10400.0,-40.03,-23.78,536.67,97.5,295.08,0.0,180.49,-8.52,-7.46,29.02,-298.34,4.04,0.0,134.31,0.8066660000000001
2.19,10400.0,-40.03,-23.32,529.99,97.44,295.56,0.0,101.71,-8.44,-7.31,28.55,-311.18,-1.46,0.0,142.13,0.808333
2.191667,10403.0,-34.55,-18.29,502.6,89.3,298.19,0.0,1127.8,-0.0,-0.0,-0.0,-305.0,0.0,0.0,-0.0,0.8099999999999998
2.193333,10414.0,-37.37,-19.36,509.45,94.27,296.99,0.0,524.27,-0.0,-0.0,-0.0,-305.0,0.0,0.0,-0.0,0.811666
2.195,10385.0,-39.27,-21.57,510.9,97.71,296.22,0.0,46.64,-8.37,-7.08,26.15,-313.0,-10.31,0.0,248.55,0.8133329999999999
2.196667,10398.0,-39.5,-21.04,507.4,98.09,296.05,0.0,115.25,-7.68,-7.69,28.86,-307.15,2.61,0.0,30.82,0.8150000000000002
2.198333,10410.0,-39.35,-20.58,502.94,98.78,296.23,0.0,6.99,-8.29,-6.92,28.37,-297.78,-4.55,0.0,218.65,0.8166659999999999
2.2,10397.0,-34.32,-15.62,475.08,90.43,299.16,0.0,918.44,-0.0,-0.0,-0.0,-305.0,0.0,0.0,-0.0,0.8183330000000002
2.201667,10387.0,-37.06,-17.45,482.89,94.71,297.3,0.0,350.75,-0.0,-0.0,-0.0,-305.0,0.0,0.0,-0.0,0.8200000000000001
2.203333,10398.0,-38.59,-19.06,487.03,98.89,296.9,0.0,-143.75,-7.84,-6.69,27.09,-296.6,-9.45,0.0,201.06,0.8216660000000002
2.205,10401.0,-38.89,-18.75,483.22,99.84,297.02,0.0,-91.05,-8.29,-7.46,28.86,-308.03,7.55,0.0,161.81,0.8233330000000001
2.206667,10403.0,-38.81,-18.07,479.24,99.48,297.12,0.0,-115.18,-8.22,-7.23,28.38,-306.47,-0.23,0.0,329.95,0.825
2.208333,10406.0,-33.41,-13.18,452.33,90.3,299.55,0.0,777.22,-0.0,-0.0,-0.0,-305.0,0.0,0.0,-0.0,0.8266660000000001
2.21,10414.0,-36.0,-15.09,460.61,95.65,298.05,0.0,226.45,-0.0,-0.0,-0.0,-305.0,0.0,0.0,-0.0,0.828333
2.211667,10396.0,-37.83,-16.62,465.56,99.35,297.91,0.0,-139.4,-7.68,-6.92,26.79,-318.01,-4.78,0.0,141.5,0.8299999999999998
2.213333,10400.0,-38.05,-16.62,462.7,100.24,297.05,0.0,-141.98,-7.99,-7.15,28.54,-307.61,3.41,0.0,-54.9,0.831666
2.215,10402.0,-37.83,-16.31,459.99,100.44,297.13,0.0,-301.29,-8.44,-6.92,28.7,-295.31,4.88,0.0,220.73,0.8333329999999999
2.216667,10403.0,-32.65,-11.66,435.3,91.2,300.48,0.0,717.77,-0.0,-0.0,-0.0,-305.0,0.0,0.0,-0.0,0.8350000000000002
2.218333,10408.0,-35.16,-13.64,444.07,96.5,298.62,0.0,241.68,-0.0,-0.0,-0.0,-305.0,0.0,0.0,-0.0,0.8366659999999999
2.22,10396.0,-36.76,-15.63,449.49,99.92,297.25,0.0,-368.52,-7.91,-6.39,27.1,-305.97,-3.96,0.0,231.81,0.8383330000000002
2.221667,10396.0,-36.76,-15.25,447.58,100.73,297.34,0.0,-263.0,-8.37,-7.16,28.07,-312.63,4.66,0.0,137.34,0.8400000000000001
2.223333,10409.0,-36.61,-15.09,444.88,100.93,297.56,0.0,-262.55,-7.91,-7.54,28.86,-307.48,0.52,0.0,212.28,0.8416659999999998
2.225,10400.0,-31.05,-10.13,421.78,90.83,300.42,0.0,686.73,-0.0,-0.0,-0.0,-305.0,0.0,0.0,-0.0,0.8433330000000001
2.226667,10419.0,-33.79,-11.97,431.34,96.76,298.19,0.0,302.24,-0.0,-0.0,-0.0,-305.0,0.0,0.0,-0.0,0.845
2.228333,10386.0,-35.54,-13.95,437.56,99.96,297.7,0.0,-244.33,-7.76,-6.54,28.06,-302.83,0.74,0.0,254.95,0.8466660000000001
2.23,10403.0,-35.39,-14.25,437.56,100.54,296.91,0.0,-341.16,-7.99,-7.0,28.06,-306.1,-2.31,0.0,-6.36,0.848333
2.231667,10408.0,-35.24,-13.95,434.69,100.77,296.78,0.0,-297.48,-8.29,-7.23,29.18,-302.33,3.22,0.0,259.51,0.8499999999999999
2.233333,10404.0,-29.91,-9.14,413.03,90.82,300.05,0.0,625.48,-0.0,-0.0,-0.0,-305.0,0.0,0.0,-0.0,0.851666
2.235,10452.0,-32.19,-11.05,424.18,96.31,298.07,0.0,207.3,-0.0,-0.0,-0.0,-305.0,0.0,0.0,-0.0,0.8533329999999999
2.236667,10383.0,-34.02,-12.88,430.71,100.48,296.93,0.0,-273.73,-7.91,-6.62,26.79,-296.79,3.15,0.0,256.17,0.8550000000000002
2.238333,10382.0,-34.1,-12.96,430.87,100.64,296.52,0.0,-383.92,-8.29,-6.85,26.95,-314.23,-10.84,0.0,65.63,0.8566659999999999
2.24,10395.0,-33.79,-12.58,430.24,100.57,296.0,0.0,-344.23,-7.68,-7.31,29.19,-312.86,5.47,0.0,19.71,0.8583330000000002
2.241667,10402.0,-28.08,-7.7,408.73,90.73,299.16,0.0,651.66,-0.0,-0.0,-0.0,-305.0,0.0,0.0,-0.0,0.8600000000000001
2.243333,10409.0,-30.44,-9.3,420.84,96.53,297.43,0.0,229.99,-0.0,-0.0,-0.0,-305.0,0.0,0.0,-0.0,0.8616659999999998
2.245,10415.0,-32.35,-10.98,428.17,99.84,295.36,0.0,-338.78,-7.38,-6.85,27.1,-305.19,-2.18,0.0,165.7,0.8633330000000001
2.246667,10403.0,-32.12,-10.98,429.92,100.77,295.25,0.0,-434.31,-7.99,-7.08,28.37,-308.95,-9.49,0.0,258.86,0.865
2.248333,10401.0,-31.97,-10.14,430.08,100.77,295.39,0.0,-252.33,-8.22,-6.93,29.02,-315.07,11.76,0.0,60.55,0.8666660000000002
2.25,10403.0,-26.64,-5.18,407.77,90.18,297.89,0.0,649.42,-0.0,-0.0,-0.0,-305.0,0.0,0.0,-0.0,0.868333
2.251667,10425.0,-29.0,-7.16,421.15,96.24,295.38,0.0,186.8,-0.0,-0.0,-0.0,-305.0,0.0,0.0,-0.0,0.8699999999999999
2.253333,10413.0,-30.75,-8.16,429.6,100.18,294.31,0.0,-138.45,-7.61,-6.62,27.11,-311.66,3.12,0.0,110.96,0.871666
2.255,10412.0,-30.9,-8.46,430.87,100.57,293.84,0.0,-347.38,-7.76,-7.08,29.33,-308.58,-4.58,0.0,293.0,0.8733329999999999
2.256667,10400.0,-30.52,-7.85,431.98,100.25,293.71,0.0,-262.74,-7.91,-6.92,29.66,-306.07,7.01,0.0,-35.99,0.8750000000000002
2.258333,10404.0,-25.5,-2.13,410.79,89.72,295.98,0.0,773.28,-0.0,-0.0,-0.0,-305.0,0.0,0.0,-0.0,0.876666
2.26,10411.0,-27.86,-4.04,424.81,95.67,294.43,0.0,269.03,-0.0,-0.0,-0.0,-305.0,0.0,0.0,-0.0,0.8783329999999998
2.261667,10404.0,-29.46,-5.72,433.89,99.32,293.11,0.0,-110.06,-7.38,-6.93,27.26,-303.65,-3.53,0.0,190.5,0.8800000000000001
2.263333,10409.0,-29.91,-4.88,436.28,100.1,291.8,0.0,-319.89,-7.99,-6.39,28.21,-301.68,-2.61,0.0,264.64,0.8816659999999998
2.265,10400.0,-29.69,-4.65,438.02,99.69,292.65,0.0,-279.95,-8.6,-6.77,28.54,-311.38,1.63,0.0,-6.38,0.8833330000000001
2.266667,10400.0,-24.28,0.69,418.43,89.13,294.94,0.0,856.39,-0.0,-0.0,-0.0,-305.0,0.0,0.0,-0.0,0.885
2.268333,10397.0,-26.72,-0.53,432.28,95.01,293.15,0.0,276.51,-0.0,-0.0,-0.0,-305.0,0.0,0.0,-0.0,0.8866660000000002
2.27,10402.0,-28.62,-1.98,441.37,99.53,291.89,0.0,-127.03,-7.68,-6.69,26.47,-315.03,3.05,0.0,52.21,0.888333
2.271667,10403.0,-28.93,-1.45,444.86,99.03,290.86,0.0,-246.32,-7.46,-6.92,28.7,-302.47,-2.13,0.0,316.22,0.8899999999999999
2.273333,10402.0,-28.7,-1.07,447.73,99.79,290.93,0.0,-300.91,-7.99,-6.31,28.53,-304.59,-7.16,0.0,102.42,0.8916660000000001
2.275,10396.0,-23.83,4.81,427.65,89.28,293.12,0.0,1049.67,-0.0,-0.0,-0.0,-305.0,0.0,0.0,-0.0,0.8933329999999999
2.276667,10410.0,-26.26,3.36,443.26,94.62,291.31,0.0,464.16,-0.0,-0.0,-0.0,-305.0,0.0,0.0,-0.0,0.8950000000000002
2.278333,10430.0,-28.02,1.68,453.77,98.14,290.35,0.0,-60.51,-7.84,-6.23,27.74,-305.87,-1.22,0.0,-45.23,0.896666
2.28,10400.0,-28.47,2.06,458.7,98.92,290.02,0.0,-149.87,-8.06,-6.54,28.07,-297.47,7.93,0.0,103.94,0.8983329999999998
2.281667,10400.0,-28.85,2.44,462.52,98.94,289.73,0.0,-195.23,-8.06,-6.54,27.91,-316.64,-5.15,0.0,84.08,0.9000000000000001
2.283333,10401.0,-23.68,7.63,443.88,89.36,291.96,0.0,990.5,-0.0,-0.0,-0.0,-305.0,0.0,0.0,-0.0,0.9016659999999999
2.285,10383.0,-26.72,6.33,460.44,93.98,290.62,0.0,374.7,-0.0,-0.0,-0.0,-305.0,0.0,0.0,-0.0,0.9033330000000002
2.286667,10400.0,-28.93,4.65,470.95,97.7,289.71,0.0,-37.11,-7.91,-6.23,26.47,-309.16,-3.76,0.0,154.35,0.905
2.288333,10397.0,-29.24,4.65,476.2,97.73,288.78,0.0,-109.5,-7.38,-7.0,29.02,-308.15,-2.15,0.0,112.86,0.9066660000000002
2.29,10395.0,-29.16,5.11,481.45,97.63,288.19,0.0,-259.13,-8.29,-6.39,29.0,-303.6,-10.61,0.0,431.45,0.9083330000000001
2.291667,10401.0,-24.44,10.45,463.28,88.84,291.03,0.0,1043.45,-0.0,-0.0,-0.0,-305.0,0.0,0.0,-0.0,0.9099999999999999
2.293333,10414.0,-27.49,8.47,479.68,92.97,289.11,0.0,411.9,-0.0,-0.0,-0.0,-305.0,0.0,0.0,-0.0,0.9116660000000001
2.295,10394.0,-29.24,7.09,492.1,96.71,287.87,0.0,-131.54,-7.99,-5.77,26.45,-293.48,-10.78,0.0,214.92,0.913333
2.296667,10403.0,-30.15,7.25,497.83,97.48,287.31,0.0,-20.56,-8.14,-6.54,27.9,-313.79,4.37,0.0,57.65,0.9149999999999998
2.298333,10406.0,-30.15,7.32,504.04,97.1,287.73,0.0,-177.97,-7.46,-6.77,28.7,-305.35,-1.91,0.0,334.63,0.916666
2.3,10404.0,-25.2,12.81,486.19,88.35,289.58,0.0,1065.12,-0.0,-0.0,-0.0,-305.0,0.0,0.0,-0.0,0.9183329999999998
2.301667,10423.0,-28.17,11.06,504.03,93.48,287.77,0.0,500.83,-0.0,-0.0,-0.0,-305.0,0.0,0.0,-0.0,0.9200000000000002
2.303333,10386.0,-30.38,9.15,517.4,95.77,287.81,0.0,-75.65,-7.53,-6.15,26.78,-308.48,-6.14,0.0,171.3,0.9216659999999999
2.305,10396.0,-30.69,9.53,523.61,96.67,287.07,0.0,96.35,-7.53,-6.39,28.7,-308.35,-3.66,0.0,-3.14,0.9233330000000002
2.306667,10410.0,-30.92,9.76,528.54,96.59,286.68,0.0,-103.77,-7.99,-6.46,28.7,-297.48,3.17,0.0,185.92,0.925
2.308333,10401.0,-25.74,15.18,513.07,87.88,288.55,0.0,1184.46,-0.0,-0.0,-0.0,-305.0,0.0,0.0,-0.0,0.9266660000000002
2.31,10397.0,-28.4,13.04,531.86,92.69,287.4,0.0,580.71,-0.0,-0.0,-0.0,-305.0,0.0,0.0,-0.0,0.9283330000000001
2.311667,10389.0,-30.54,11.75,545.56,95.62,286.85,0.0,161.24,-7.61,-5.85,26.63,-303.99,-4.43,0.0,217.97,0.9299999999999999
2.313333,10404.0,-30.99,11.9,552.4,95.34,286.23,0.0,-49.05,-7.91,-6.85,27.9,-310.46,-3.27,0.0,91.43,0.9316660000000001
2.315,10408.0,-30.99,12.36,557.96,95.09,285.84,0.0,91.88,-7.46,-6.85,28.7,-305.38,2.65,0.0,248.51,0.933333
2.316667,10398.0,-25.59,17.47,543.94,87.76,288.02,0.0,1349.16,-0.0,-0.0,-0.0,-305.0,0.0,0.0,-0.0,0.9349999999999998
2.318333,10395.0,-28.71,16.02,562.89,92.42,286.57,0.0,844.49,-0.0,-0.0,-0.0,-305.0,0.0,0.0,-0.0,0.936666
2.32,10401.0,-30.77,14.72,575.46,94.29,286.09,0.0,306.77,-7.07,-6.39,27.58,-306.23,-5.08,0.0,306.63,0.9383329999999999
2.321667,10412.0,-30.77,14.72,584.05,94.63,285.79,0.0,215.06,-7.76,-6.08,28.53,-301.39,-4.47,0.0,31.21,0.9400000000000002
2.323333,10404.0,-30.92,15.18,590.26,94.75,285.28,0.0,278.07,-7.84,-6.39,28.38,-305.9,3.32,0.0,182.77,0.9416659999999999
2.325,10401.0,-25.67,20.36,574.64,87.08,287.54,0.0,1574.4,-0.0,-0.0,-0.0,-305.0,0.0,0.0,-0.0,0.9433330000000002
2.326667,10404.0,-28.1,18.91,593.9,90.98,286.28,0.0,963.64,-0.0,-0.0,-0.0,-305.0,0.0,0.0,-0.0,0.9450000000000001
2.328333,10408.0,-30.39,17.39,608.07,93.86,285.28,0.0,436.96,-7.46,-6.08,27.43,-299.34,6.33,0.0,185.67,0.9466660000000002
2.33,10412.0,-30.54,17.54,614.91,93.79,285.71,0.0,466.43,-7.68,-6.31,27.27,-316.29,-9.86,0.0,127.16,0.9483330000000001
2.331667,10400.0,-30.69,18.3,622.07,93.96,285.3,0.0,612.6,-7.61,-6.77,29.18,-309.9,1.63,0.0,45.41,0.95
2.333333,10406.0,-25.67,23.57,605.98,86.56,286.76,0.0,1812.26,-0.0,-0.0,-0.0,-305.0,0.0,0.0,-0.0,0.9516660000000001
2.335,10403.0,-28.11,21.51,625.56,90.78,286.39,0.0,1061.17,-0.0,-0.0,-0.0,-305.0,0.0,0.0,-0.0,0.953333
2.336667,10387.0,-30.31,20.29,637.82,92.66,285.55,0.0,727.24,-6.92,-6.23,28.38,-304.63,3.59,0.0,160.07,0.9549999999999998
2.338333,10412.0,-30.69,20.52,645.14,93.19,285.58,0.0,530.31,-7.53,-6.08,27.89,-294.97,-9.43,0.0,282.52,0.956666
2.34,10404.0,-30.69,20.97,650.71,92.99,285.56,0.0,661.85,-7.84,-6.39,28.38,-311.78,8.07,0.0,44.2,0.9583329999999999
2.341667,10410.0,-25.9,26.39,634.29,85.38,287.21,0.0,1904.41,-0.0,-0.0,-0.0,-305.0,0.0,0.0,-0.0,0.9600000000000002
2.343333,10381.0,-28.26,24.33,652.92,89.79,286.89,0.0,1246.74,-0.0,-0.0,-0.0,-305.0,0.0,0.0,-0.0,0.9616659999999999
2.345,10400.0,-30.77,23.26,665.5,92.06,286.27,0.0,766.75,-7.23,-6.23,27.42,-301.99,8.51,0.0,67.9,0.9633330000000002
2.346667,10404.0,-31.31,22.8,671.07,92.09,286.49,0.0,516.89,-7.68,-6.62,28.86,-307.17,1.85,0.0,190.02,0.9650000000000001
2.348333,10412.0,-31.23,22.88,677.6,92.69,287.18,0.0,647.51,-7.91,-6.15,28.86,-307.47,0.17,0.0,17.99,0.9666659999999998
2.35,10405.0,-26.66,28.45,658.79,85.41,288.7,0.0,1947.17,-0.0,-0.0,-0.0,-305.0,0.0,0.0,-0.0,0.9683330000000001
2.351667,10390.0,-29.4,26.08,675.99,89.73,288.46,0.0,1349.49,-0.0,-0.0,-0.0,-305.0,0.0,0.0,-0.0,0.97
2.353333,10404.0,-31.46,23.87,687.94,91.88,288.48,0.0,715.65,-7.08,-6.0,28.55,-309.24,5.11,0.0,-3.03,0.9716660000000001
2.355,10399.0,-32.07,23.95,693.19,92.17,288.73,0.0,680.99,-7.61,-5.92,28.54,-295.49,2.84,0.0,193.12,0.973333
2.356667,10405.0,-32.3,23.72,695.42,92.35,289.55,0.0,605.21,-7.99,-6.46,27.91,-313.55,-7.45,0.0,175.0,0.9749999999999999
2.358333,10408.0,-27.27,28.37,676.77,85.02,291.27,0.0,1986.7,-0.0,-0.0,-0.0,-305.0,0.0,0.0,-0.0,0.976666
2.36,10392.0,-29.94,25.86,692.7,89.1,291.33,0.0,1277.7,-0.0,-0.0,-0.0,-305.0,0.0,0.0,-0.0,0.9783329999999999
2.361667,10413.0,-32.3,23.57,702.74,92.27,291.79,0.0,741.08,-7.46,-6.08,27.11,-314.53,6.44,0.0,12.59,0.9800000000000002
2.363333,10433.0,-33.06,22.73,707.52,91.88,292.22,0.0,477.42,-7.38,-6.16,28.54,-300.92,0.15,0.0,282.38,0.9816659999999999
2.365,10404.0,-33.21,22.42,708.15,91.94,292.92,0.0,501.86,-7.68,-6.0,28.69,-308.5,-7.82,0.0,17.69,0.9833330000000002
2.366667,10403.0,-28.18,26.93,687.6,85.82,295.79,0.0,2023.89,-0.0,-0.0,-0.0,-305.0,0.0,0.0,-0.0,0.9850000000000001
2.368333,10398.0,-31.23,24.03,701.46,89.12,295.62,0.0,1227.21,-0.0,-0.0,-0.0,-305.0,0.0,0.0,-0.0,0.9866659999999998
2.37,10413.0,-33.36,21.59,709.75,91.69,295.88,0.0,684.63,-7.46,-5.77,27.75,-308.36,1.94,0.0,-35.44,0.9883330000000001
2.371667,10391.0,-33.74,20.67,710.71,91.83,296.99,0.0,578.56,-7.76,-6.39,28.06,-299.94,1.01,0.0,255.08,0.99
2.373333,10402.0,-33.74,18.54,711.66,91.76,298.12,0.0,438.37,-8.14,-7.46,27.43,-315.4,-7.89,0.0,249.67,0.9916660000000002
2.375,10402.0,-28.56,22.28,688.89,85.71,300.76,0.0,1827.68,-0.0,-0.0,-0.0,-305.0,0.0,0.0,-0.0,0.993333
2.376667,10390.0,-31.53,19.15,702.75,89.24,300.76,0.0,988.0,-0.0,-0.0,-0.0,-305.0,0.0,0.0,-0.0,0.9949999999999999
2.378333,10401.0,-33.66,17.24,710.08,91.88,301.16,0.0,516.63,-7.99,-7.0,27.27,-310.67,-8.48,0.0,139.06,0.996666
2.38,10400.0,-34.5,15.79,709.77,92.09,302.32,0.0,426.29,-7.76,-7.69,28.86,-304.37,-4.35,0.0,233.92,0.9983329999999999
2.381667,10399.0,-34.65,15.18,709.93,92.18,303.55,0.0,326.76,-8.06,-6.93,28.21,-298.84,-5.78,0.0,388.11,1.0000000000000002
2.383333,10400.0,-29.78,19.07,686.52,86.04,306.34,0.0,1604.73,-0.0,-0.0,-0.0,-305.0,0.0,0.0,-0.0,1.001666
2.385,10405.0,-32.67,15.95,697.51,89.42,306.75,0.0,953.21,-0.0,-0.0,-0.0,-305.0,0.0,0.0,-0.0,1.0033329999999998
2.386667,10383.0,-34.35,12.9,704.21,91.92,307.26,0.0,322.83,-8.37,-7.08,26.94,-305.11,-6.3,0.0,230.85,1.0050000000000001
2.388333,10400.0,-35.11,11.75,703.1,92.31,308.0,0.0,428.1,-8.6,-7.77,28.7,-312.82,10.66,0.0,142.78,1.0066659999999998
2.39,10402.0,-35.18,10.84,701.19,91.97,309.15,0.0,284.0,-8.37,-8.16,29.02,-303.84,0.79,0.0,422.04,1.0083330000000001
2.391667,10396.0,-29.78,14.2,679.53,85.9,312.42,0.0,1501.15,-0.0,-0.0,-0.0,-305.0,0.0,0.0,-0.0,1.01
2.393333,10405.0,-32.75,11.22,689.41,89.63,312.41,0.0,901.27,-0.0,-0.0,-0.0,-305.0,0.0,0.0,-0.0,1.0116660000000002
2.395,10418.0,-34.88,8.7,695.79,92.15,312.75,0.0,223.14,-8.37,-7.85,27.27,-320.4,-2.35,0.0,365.86,1.013333
2.396667,10398.0,-35.41,8.09,695.0,92.3,313.5,0.0,273.3,-8.67,-7.46,28.86,-308.56,2.93,0.0,147.06,1.015
2.398333,10409.0,-36.17,7.87,693.41,92.49,314.79,0.0,228.19,-8.82,-7.31,27.58,-287.88,0.79,0.0,461.04,1.016666
2.4,10406.0,-31.91,12.98,669.84,85.68,318.59,0.0,1548.07,-0.0,-0.0,-0.0,-305.0,0.0,0.0,-0.0,1.018333
2.401667,10418.0,-35.41,11.22,680.36,89.89,317.81,0.0,1001.65,-0.0,-0.0,-0.0,-305.0,0.0,0.0,-0.0,1.0200000000000002
2.403333,10395.0,-38.76,9.7,686.89,92.23,318.09,0.0,314.52,-8.75,-5.93,27.27,-305.79,2.93,0.0,455.88,1.021666
2.405,10404.0,-39.68,10.38,685.47,92.65,319.01,0.0,270.43,-9.13,-6.0,27.75,-316.8,-3.19,0.0,248.56,1.0233329999999998
2.406667,10394.0,-40.97,11.76,683.56,92.6,319.77,0.0,435.7,-8.52,-5.54,28.71,-309.84,4.58,0.0,232.27,1.0250000000000001
2.408333,10410.0,-36.48,17.71,660.62,85.53,323.07,0.0,1792.66,-0.0,-0.0,-0.0,-305.0,0.0,0.0,-0.0,1.0266659999999999
2.41,10406.0,-40.06,15.49,671.78,89.75,322.41,0.0,1313.86,-0.0,-0.0,-0.0,-305.0,0.0,0.0,-0.0,1.0283330000000002
2.411667,10376.0,-42.95,12.98,678.79,91.75,321.91,0.0,612.94,-7.38,-4.46,27.43,-308.25,3.89,0.0,214.35,1.03
2.413333,10410.0,-42.49,12.52,679.75,92.55,322.56,0.0,440.75,-8.14,-4.31,29.02,-303.49,1.61,0.0,-36.96,1.0316660000000002
2.415,10404.0,-41.35,13.59,675.93,92.19,322.64,0.0,533.24,-8.14,-5.39,28.22,-302.02,10.74,0.0,18.79,1.033333
2.416667,10402.0,-35.11,18.01,652.51,85.42,326.61,0.0,1781.66,-0.0,-0.0,-0.0,-305.0,0.0,0.0,-0.0,1.035
2.418333,10395.0,-37.16,15.57,663.83,89.64,325.5,0.0,1169.48,-0.0,-0.0,-0.0,-305.0,0.0,0.0,-0.0,1.036666
2.42,10394.0,-39.07,12.52,667.66,92.1,324.58,0.0,172.77,-8.52,-7.16,27.11,-297.87,9.72,0.0,271.06,1.038333
2.421667,10402.0,-38.68,10.76,667.5,92.63,325.54,0.0,59.47,-9.05,-8.0,28.23,-312.15,-4.82,0.0,221.66,1.0399999999999998
2.423333,10400.0,-38.0,9.7,664.95,92.13,325.66,0.0,89.05,-8.82,-8.46,29.5,-308.76,-0.72,0.0,194.03,1.041666
2.425,10395.0,-32.44,13.74,640.75,85.78,329.09,0.0,1134.95,-0.0,-0.0,-0.0,-305.0,0.0,0.0,-0.0,1.0433329999999998
2.426667,10415.0,-34.65,10.31,649.99,89.58,327.95,0.0,449.74,-0.0,-0.0,-0.0,-305.0,0.0,0.0,-0.0,1.0450000000000002
2.428333,10398.0,-36.7,7.71,654.93,91.36,326.95,0.0,-258.51,-8.37,-8.69,28.55,-308.21,5.91,0.0,234.23,1.0466659999999999
2.43,10401.0,-36.48,7.1,653.66,92.11,327.47,0.0,-368.91,-9.28,-8.31,28.21,-300.64,-3.04,0.0,379.76,1.0483330000000002
2.431667,10402.0,-37.77,7.1,650.8,92.51,327.6,0.0,-461.64,-8.98,-8.62,28.71,-310.51,9.47,0.0,167.1,1.05
2.433333,10401.0,-31.83,13.58,624.83,84.59,330.56,0.0,825.45,-0.0,-0.0,-0.0,-305.0,0.0,0.0,-0.0,1.0516660000000002
2.435,10402.0,-32.75,12.67,635.19,89.16,329.34,0.0,249.1,-0.0,-0.0,-0.0,-305.0,0.0,0.0,-0.0,1.053333
2.436667,10401.0,-33.36,12.06,639.02,91.95,328.3,0.0,-197.48,-8.22,-8.23,27.43,-303.52,10.43,0.0,157.92,1.055
2.438333,10398.0,-32.52,12.36,633.45,91.8,328.64,0.0,-227.74,-8.29,-8.31,29.18,-313.69,-0.53,0.0,263.51,1.056666
2.44,10409.0,-32.29,12.59,631.07,92.15,328.58,0.0,-232.19,-8.37,-8.31,29.18,-308.11,-2.83,0.0,137.37,1.058333
2.441667,10396.0,-26.81,17.4,603.67,84.57,332.36,0.0,1172.14,-0.0,-0.0,-0.0,-305.0,0.0,0.0,-0.0,1.0599999999999998
2.443333,10416.0,-29.02,14.42,611.01,88.24,331.28,0.0,544.97,-0.0,-0.0,-0.0,-305.0,0.0,0.0,-0.0,1.061666
2.445,10401.0,-30.16,11.98,615.31,91.73,329.95,0.0,-59.54,-7.76,-8.31,28.23,-310.25,-0.56,0.0,116.36,1.0633329999999999
2.446667,10400.0,-29.62,11.45,610.22,91.52,330.03,0.0,-67.98,-8.6,-8.62,29.35,-304.3,9.33,0.0,281.47,1.0650000000000002
2.448333,10402.0,-28.86,10.84,605.61,92.38,330.43,0.0,-35.85,-8.98,-8.85,28.08,-316.52,-2.49,0.0,120.19,1.066666
2.45,10403.0,-23.15,15.41,578.06,84.37,334.19,0.0,1414.78,-0.0,-0.0,-0.0,-305.0,0.0,0.0,-0.0,1.0683330000000002
2.451667,10406.0,-25.36,13.05,585.39,89.05,332.17,0.0,624.23,-0.0,-0.0,-0.0,-305.0,0.0,0.0,-0.0,1.07
2.453333,10409.0,-26.65,10.91,586.68,91.68,331.49,0.0,110.97,-8.6,-8.85,26.47,-319.58,-7.82,0.0,273.92,1.0716660000000002
2.455,10404.0,-26.27,10.61,581.27,91.33,331.88,0.0,-31.25,-8.6,-9.16,29.03,-307.09,8.63,0.0,298.44,1.073333
2.456667,10406.0,-25.82,10.68,574.9,92.22,331.75,0.0,-43.23,-8.82,-8.54,28.85,-300.11,-7.9,0.0,406.97,1.075
2.458333,10403.0,-20.56,15.79,545.76,84.0,335.83,0.0,1518.57,-0.0,-0.0,-0.0,-305.0,0.0,0.0,-0.0,1.0766660000000001
2.46,10404.0,-22.84,13.73,552.46,88.56,333.9,0.0,790.07,-0.0,-0.0,-0.0,-305.0,0.0,0.0,-0.0,1.078333
2.461667,10419.0,-24.29,11.44,552.95,91.86,332.87,0.0,75.29,-8.37,-8.54,27.42,-309.68,-4.68,0.0,222.73,1.0799999999999998
2.463333,10401.0,-24.52,11.6,546.9,92.87,332.81,0.0,46.23,-8.75,-9.0,29.02,-304.41,6.51,0.0,276.14,1.081666
2.465,10400.0,-24.29,11.6,539.74,91.74,333.11,0.0,-71.72,-8.9,-8.85,28.07,-316.38,-2.52,0.0,265.18,1.0833329999999999
2.466667,10397.0,-18.65,16.17,511.23,84.37,337.66,0.0,1436.81,-0.0,-0.0,-0.0,-305.0,0.0,0.0,-0.0,1.0850000000000002
2.468333,10396.0,-21.17,13.81,516.5,89.34,335.47,0.0,535.09,-0.0,-0.0,-0.0,-305.0,0.0,0.0,-0.0,1.086666
2.47,10394.0,-23.15,11.75,516.51,92.72,334.13,0.0,-145.61,-8.37,-8.77,26.63,-317.58,-16.41,0.0,246.74,1.0883330000000002
2.471667,10400.0,-22.92,11.21,509.35,92.99,334.29,0.0,-151.56,-8.06,-9.31,29.19,-316.25,2.68,0.0,41.75,1.09
2.473333,10404.0,-22.69,10.98,503.62,93.28,334.43,0.0,-380.8,-8.37,-8.85,29.19,-302.51,3.3,0.0,402.01,1.0916659999999998
2.475,10402.0,-17.44,15.79,472.41,84.44,339.44,0.0,1132.91,-0.0,-0.0,-0.0,-305.0,0.0,0.0,-0.0,1.093333
2.476667,10405.0,-20.02,13.35,476.88,89.37,336.84,0.0,319.67,-0.0,-0.0,-0.0,-305.0,0.0,0.0,-0.0,1.095
2.478333,10403.0,-21.7,11.06,477.53,92.63,335.26,0.0,-358.66,-7.91,-8.54,26.78,-309.03,-14.79,0.0,378.17,1.0966660000000001
2.48,10403.0,-21.62,10.6,471.33,93.86,335.42,0.0,-336.19,-8.29,-8.92,28.71,-315.28,9.04,0.0,-50.91,1.098333
2.481667,10397.0,-21.7,10.75,463.21,94.08,335.85,0.0,-433.65,-7.91,-8.92,28.71,-308.98,4.39,0.0,333.25,1.0999999999999999
2.483333,10406.0,-16.44,15.33,434.07,83.68,340.28,0.0,1018.8,-0.0,-0.0,-0.0,-305.0,0.0,0.0,-0.0,1.101666
2.485,10377.0,-19.26,13.19,437.9,90.62,337.9,0.0,334.72,-0.0,-0.0,-0.0,-305.0,0.0,0.0,-0.0,1.103333
2.486667,10378.0,-20.86,10.75,438.39,93.44,337.04,0.0,-418.57,-7.68,-8.62,26.47,-315.04,-7.46,0.0,214.25,1.1050000000000002
2.488333,10409.0,-21.01,10.14,432.03,95.37,336.4,0.0,-555.4,-7.84,-8.85,29.19,-310.25,5.59,0.0,5.55,1.106666
2.49,10402.0,-21.09,10.6,424.07,95.62,336.33,0.0,-604.49,-8.06,-8.46,28.87,-296.3,6.17,0.0,267.34,1.1083330000000002
2.491667,10406.0,-15.76,15.1,395.09,84.29,342.46,0.0,801.95,-0.0,-0.0,-0.0,-305.0,0.0,0.0,-0.0,1.11
2.493333,10404.0,-18.19,12.73,398.76,90.92,339.43,0.0,151.32,-0.0,-0.0,-0.0,-305.0,0.0,0.0,-0.0,1.1116659999999998
2.495,10409.0,-20.33,10.37,399.89,95.74,337.68,0.0,-752.93,-7.68,-7.92,26.47,-299.42,-3.89,0.0,353.38,1.1133330000000001
2.496667,10409.0,-20.4,9.83,393.36,96.45,337.63,0.0,-806.97,-8.29,-8.62,28.23,-313.93,-1.03,0.0,119.2,1.115
2.498333,10402.0,-20.55,9.45,385.41,96.09,337.31,0.0,-883.87,-7.84,-9.31,28.87,-310.3,2.69,0.0,257.55,1.1166660000000002
2.5,10403.0,-14.69,14.34,356.59,85.71,343.91,0.0,695.74,-0.0,-0.0,-0.0,-305.0,0.0,0.0,-0.0,1.118333
2.501667,10397.0,-17.81,11.89,361.06,92.6,340.61,0.0,-129.95,-0.0,-0.0,-0.0,-305.0,0.0,0.0,-0.0,1.1199999999999999
2.503333,10391.0,-19.72,9.61,360.9,97.01,338.25,0.0,-830.21,-7.53,-8.62,26.63,-307.0,-6.16,0.0,384.66,1.121666
2.505,10400.0,-19.41,8.69,355.18,97.96,339.0,0.0,-948.17,-8.37,-8.69,28.53,-302.29,-5.87,0.0,144.34,1.123333
2.506667,10405.0,-19.49,9.22,348.5,99.07,338.08,0.0,-922.45,-8.29,-8.85,28.86,-305.16,5.59,0.0,199.94,1.1250000000000002
2.508333,10417.0,-14.38,13.72,318.24,85.53,345.36,0.0,544.22,-0.0,-0.0,-0.0,-305.0,0.0,0.0,-0.0,1.126666
2.51,10410.0,-16.52,11.28,323.98,92.65,341.5,0.0,-208.64,-0.0,-0.0,-0.0,-305.0,0.0,0.0,-0.0,1.1283329999999998
2.511667,10402.0,-18.5,9.15,324.15,98.0,339.01,0.0,-948.62,-7.68,-8.54,26.79,-293.36,5.18,0.0,299.11,1.1300000000000001
2.513333,10411.0,-18.57,8.46,318.9,99.47,339.44,0.0,-1046.86,-7.84,-8.69,27.58,-310.37,-13.32,0.0,233.36,1.1316659999999998
2.515,10414.0,-18.34,8.54,312.22,100.51,339.01,0.0,-1055.48,-7.68,-8.77,29.51,-312.81,7.91,0.0,74.51,1.1333330000000001
2.516667,10405.0,-13.01,13.04,282.92,85.55,346.76,0.0,251.38,-0.0,-0.0,-0.0,-305.0,0.0,0.0,-0.0,1.135
2.518333,10400.0,-15.3,10.67,288.34,94.73,343.66,0.0,-390.18,-0.0,-0.0,-0.0,-305.0,0.0,0.0,-0.0,1.1366660000000002
2.52,10402.0,-17.35,8.46,288.99,100.35,339.89,0.0,-1000.17,-7.15,-8.23,26.94,-300.19,-8.06,0.0,264.82,1.138333
2.521667,10400.0,-17.2,8.31,283.9,102.33,339.36,0.0,-1127.93,-7.76,-8.16,28.37,-305.71,-13.4,0.0,381.59,1.14
2.523333,10409.0,-17.12,8.08,277.37,102.61,340.34,0.0,-1109.9,-8.29,-8.46,28.23,-316.89,6.3,0.0,74.67,1.141666
2.525,10401.0,-11.72,12.66,248.71,86.37,348.02,0.0,234.19,-0.0,-0.0,-0.0,-305.0,0.0,0.0,-0.0,1.143333
2.526667,10415.0,-14.0,10.14,254.61,96.66,343.63,0.0,-616.29,-0.0,-0.0,-0.0,-305.0,0.0,0.0,-0.0,1.1450000000000002
2.528333,10406.0,-15.75,8.15,256.21,101.86,340.63,0.0,-1052.76,-7.68,-8.08,26.47,-305.67,0.9,0.0,275.02,1.146666
2.53,10409.0,-16.06,7.7,251.12,103.39,340.8,0.0,-1178.04,-7.84,-8.39,28.38,-305.9,-1.91,0.0,342.78,1.1483329999999998
2.531667,10404.0,-15.53,7.39,245.55,104.92,340.48,0.0,-1212.0,-7.76,-8.0,29.19,-312.97,2.21,0.0,-101.49,1.1500000000000001
2.533333,10405.0,-10.35,12.2,216.72,86.97,350.2,0.0,152.98,-0.0,-0.0,-0.0,-305.0,0.0,0.0,-0.0,1.1516659999999999
2.535,10404.0,-12.79,9.37,223.58,98.07,345.26,0.0,-707.74,-0.0,-0.0,-0.0,-305.0,0.0,0.0,-0.0,1.1533330000000002
2.536667,10420.0,-14.0,7.09,225.82,106.46,341.81,0.0,-1155.04,-7.3,-7.54,28.39,-308.14,4.09,0.0,85.64,1.155
2.538333,10401.0,-14.16,6.86,221.69,109.18,340.16,0.0,-1435.95,-7.99,-7.85,28.22,-295.88,0.04,0.0,402.39,1.1566660000000002
2.54,10408.0,-13.85,6.55,215.16,109.02,340.82,0.0,-1363.32,-8.44,-8.08,28.23,-314.14,-9.69,0.0,103.41,1.158333
2.541667,10403.0,-8.52,10.98,187.45,85.86,352.73,0.0,129.84,-0.0,-0.0,-0.0,-305.0,0.0,0.0,-0.0,1.16
2.543333,10396.0,-10.73,8.61,194.94,101.09,345.35,0.0,-732.69,-0.0,-0.0,-0.0,-305.0,0.0,0.0,-0.0,1.161666
2.545,10434.0,-12.56,6.1,196.86,110.23,342.87,0.0,-1294.83,-7.76,-7.46,26.48,-315.23,9.49,0.0,33.11,1.163333
2.546667,10402.0,-12.41,5.87,193.04,109.51,340.85,0.0,-1426.11,-7.46,-7.69,28.22,-298.03,-2.1,0.0,264.39,1.1649999999999998
2.548333,10405.0,-12.03,5.33,188.27,111.79,341.25,0.0,-1459.09,-7.84,-7.39,28.37,-305.82,-9.94,0.0,218.83,1.166666
2.55,10401.0,-6.92,9.99,161.36,89.58,356.22,0.0,230.87,-0.0,-0.0,-0.0,-305.0,0.0,0.0,-0.0,1.1683329999999998
2.551667,10396.0,-9.29,7.32,169.01,103.95,346.79,0.0,-748.51,-0.0,-0.0,-0.0,-305.0,0.0,0.0,-0.0,1.1700000000000002
2.553333,10394.0,-10.73,4.8,172.04,113.09,341.95,0.0,-1267.89,-7.53,-7.08,27.27,-313.07,-1.22,0.0,-52.97,1.1716659999999999
2.555,10391.0,-10.81,4.65,168.22,114.24,342.41,0.0,-1250.37,-7.61,-7.39,27.75,-302.66,4.37,0.0,115.1,1.1733330000000002
2.556667,10406.0,-10.66,3.81,163.45,115.94,342.03,0.0,-1422.37,-7.68,-7.62,28.22,-307.14,-6.71,0.0,298.28,1.175
2.558333,10404.0,-5.1,8.77,137.65,91.45,357.37,0.0,210.28,-0.0,-0.0,-0.0,-305.0,0.0,0.0,-0.0,1.1766660000000002
2.56,10418.0,-7.61,6.48,144.82,104.81,348.4,0.0,-708.63,-0.0,-0.0,-0.0,-305.0,0.0,0.0,-0.0,1.178333
2.561667,10408.0,-9.29,3.12,149.12,116.39,342.16,0.0,-1357.54,-7.53,-6.69,26.8,-314.77,-4.35,0.0,54.14,1.18
2.563333,10401.0,-9.51,2.59,145.47,118.25,342.71,0.0,-1339.73,-7.23,-7.16,27.75,-308.01,-4.92,0.0,125.09,1.181666
2.565,10388.0,-9.06,2.28,142.44,121.2,341.54,0.0,-1492.28,-7.53,-6.85,28.37,-296.65,-6.81,0.0,331.36,1.183333
2.566667,10394.0,-3.95,7.01,115.85,90.08,362.8,0.0,109.97,-0.0,-0.0,-0.0,-305.0,0.0,0.0,-0.0,1.1849999999999998
2.568333,10420.0,-6.54,4.04,124.77,110.26,351.59,0.0,-781.56,-0.0,-0.0,-0.0,-305.0,0.0,0.0,-0.0,1.186666
2.57,10385.0,-7.99,1.52,128.92,122.35,342.85,0.0,-1312.61,-7.15,-6.31,26.46,-301.63,-9.02,0.0,176.34,1.1883329999999999
2.571667,10397.0,-8.45,1.14,127.01,126.71,340.95,0.0,-1248.77,-7.46,-7.08,27.74,-311.31,4.78,0.0,26.66,1.1900000000000002
2.573333,10404.0,-8.07,0.53,123.83,127.05,342.01,0.0,-1376.68,-6.92,-7.31,29.49,-308.82,-5.98,0.0,236.38,1.191666
2.575,10402.0,-2.81,5.03,98.03,89.52,366.09,0.0,173.82,-0.0,-0.0,-0.0,-305.0,0.0,0.0,-0.0,1.1933330000000002
2.576667,10377.0,-5.25,2.59,106.31,114.39,350.42,0.0,-631.14,-0.0,-0.0,-0.0,-305.0,0.0,0.0,-0.0,1.195
2.578333,10390.0,-7.15,0.07,112.21,126.05,343.32,0.0,-1173.43,-7.15,-6.46,26.63,-309.51,-2.85,0.0,145.73,1.1966660000000002
2.58,10409.0,-7.08,-0.77,111.1,129.18,341.84,0.0,-1271.45,-7.08,-6.77,28.38,-307.74,0.44,0.0,-18.77,1.198333
2.581667,10408.0,-6.92,-1.0,108.71,133.49,341.6,0.0,-1270.83,-7.15,-6.77,28.86,-303.56,1.63,0.0,128.92,1.2
2.583333,10410.0,-1.97,3.35,83.23,90.77,372.64,0.0,27.94,-0.0,-0.0,-0.0,-305.0,0.0,0.0,-0.0,1.2016660000000001
2.585,10394.0,-4.49,0.68,93.74,120.28,349.84,0.0,-722.82,-0.0,-0.0,-0.0,-305.0,0.0,0.0,-0.0,1.203333
2.586667,10399.0,-6.31,-1.68,98.53,133.3,344.0,0.0,-1245.53,-6.85,-6.23,25.98,-293.14,-5.22,0.0,268.21,1.2049999999999998
2.588333,10412.0,-6.85,-1.91,97.1,138.73,342.87,0.0,-1200.65,-7.61,-6.85,27.59,-313.11,-0.84,0.0,-10.31,1.206666
2.59,10402.0,-6.47,-2.14,93.91,137.83,340.22,0.0,-1302.2,-6.85,-6.92,28.71,-304.55,0.26,0.0,-3.62,1.2083329999999999
2.591667,10400.0,-0.98,2.51,70.34,92.41,375.12,0.0,-21.13,-0.0,-0.0,-0.0,-305.0,0.0,0.0,-0.0,1.2100000000000002
2.593333,10414.0,-3.5,0.91,80.38,124.86,351.57,0.0,-637.36,-0.0,-0.0,-0.0,-305.0,0.0,0.0,-0.0,1.211666
2.595,10404.0,-5.93,-2.29,85.32,139.2,341.39,0.0,-1243.41,-6.39,-6.69,27.43,-303.76,0.55,0.0,227.51,1.2133330000000002
2.596667,10399.0,-5.93,-2.75,85.48,143.86,338.26,0.0,-1293.46,-7.15,-6.31,28.38,-304.91,-3.61,0.0,-74.96,1.215
2.598333,10402.0,-6.09,-2.67,83.41,145.37,337.68,0.0,-1188.23,-7.15,-6.62,28.55,-306.44,8.88,0.0,-22.28,1.2166659999999998
2.6,10398.0,-0.83,1.9,59.2,93.98,377.89,0.0,-7.38,-0.0,-0.0,-0.0,-305.0,0.0,0.0,-0.0,1.218333
2.601667,10386.0,-3.27,-0.84,70.19,130.21,352.89,0.0,-774.49,-0.0,-0.0,-0.0,-305.0,0.0,0.0,-0.0,1.22
2.603333,10408.0,-5.55,-2.37,75.61,149.95,338.48,0.0,-1150.94,-6.69,-6.31,27.27,-293.65,12.16,0.0,72.76,1.2216660000000001
2.605,10394.0,-5.63,-3.06,74.82,149.96,339.5,0.0,-1247.42,-7.3,-6.46,28.07,-316.99,-3.78,0.0,0.79,1.223333
2.606667,10405.0,-5.4,-3.13,73.87,154.89,337.88,0.0,-1082.31,-6.92,-6.54,28.55,-306.1,1.98,0.0,-70.11,1.2249999999999999
2.608333,10406.0,-0.6,1.52,48.54,92.38,380.15,0.0,-131.31,-0.0,-0.0,-0.0,-305.0,0.0,0.0,-0.0,1.226666
2.61,10372.0,-3.27,-0.84,60.17,136.99,350.57,0.0,-745.8,-0.0,-0.0,-0.0,-305.0,0.0,0.0,-0.0,1.228333
2.611667,10415.0,-5.17,-3.28,67.18,155.34,338.57,0.0,-1087.05,-6.16,-6.54,27.59,-307.95,2.01,0.0,-32.75,1.2300000000000002
2.613333,10384.0,-5.55,-3.44,67.02,161.58,334.18,0.0,-1224.64,-7.15,-5.85,28.06,-298.99,-3.0,0.0,146.93,1.231666
2.615,10409.0,-5.71,-3.89,65.59,164.14,334.2,0.0,-1283.49,-7.15,-6.69,28.06,-310.82,0.56,0.0,-76.1,1.2333330000000002
2.616667,10400.0,-0.45,0.91,42.49,98.04,379.19,0.0,-195.65,-0.0,-0.0,-0.0,-305.0,0.0,0.0,-0.0,1.235
2.618333,10383.0,-2.97,-1.61,54.12,146.52,351.33,0.0,-803.53,-0.0,-0.0,-0.0,-305.0,0.0,0.0,-0.0,1.2366659999999998
2.62,10413.0,-4.79,-3.67,60.02,170.76,334.93,0.0,-1054.98,-6.54,-6.31,27.43,-313.09,13.33,0.0,-127.59,1.2383330000000001
2.621667,10397.0,-5.48,-3.82,59.22,169.25,328.63,0.0,-1311.26,-6.85,-6.38,28.06,-301.54,1.01,0.0,101.64,1.24
2.623333,10402.0,-5.33,-3.82,58.75,171.81,330.98,0.0,-1143.21,-7.0,-6.46,27.9,-303.14,-7.52,0.0,-76.62,1.2416660000000002
2.625,10399.0,-0.22,0.91,35.81,106.83,377.14,0.0,-174.23,-0.0,-0.0,-0.0,-305.0,0.0,0.0,-0.0,1.243333
2.626667,10388.0,-2.81,-1.45,45.21,149.33,344.83,0.0,-781.89,-0.0,-0.0,-0.0,-305.0,0.0,0.0,-0.0,1.2449999999999999
2.628333,10402.0,-4.64,-3.59,53.65,175.58,328.86,0.0,-1070.52,-6.39,-6.08,27.76,-312.81,3.95,0.0,-202.16,1.246666
2.63,10415.0,-5.25,-3.89,54.29,176.59,320.32,0.0,-1259.17,-7.0,-6.38,27.75,-298.75,3.43,0.0,78.48,1.248333
2.631667,10408.0,-5.1,-4.35,52.86,183.53,327.55,0.0,-1192.63,-7.3,-6.69,27.59,-315.59,-10.32,0.0,107.17,1.2500000000000002
2.633333,10400.0,-0.07,0.68,30.4,105.3,384.05,0.0,-203.02,-0.0,-0.0,-0.0,-305.0,0.0,0.0,-0.0,1.251666
2.635,10422.0,-3.12,-1.76,42.98,162.42,337.0,0.0,-920.94,-0.0,-0.0,-0.0,-305.0,0.0,0.0,-0.0,1.2533329999999998
2.636667,10410.0,-4.87,-4.12,49.36,187.18,330.53,0.0,-1064.32,-7.08,-6.23,27.44,-322.96,-1.06,0.0,-49.83,1.2550000000000001
2.638333,10408.0,-5.1,-4.43,49.2,184.11,325.78,0.0,-1234.06,-6.69,-6.62,28.38,-301.37,3.01,0.0,30.72,1.2566659999999998
2.64,10409.0,-5.17,-4.43,48.56,189.35,318.51,0.0,-1202.74,-7.15,-6.31,28.22,-306.34,-7.2,0.0,173.59,1.2583330000000001
2.641667,10405.0,-0.07,0.38,25.94,110.13,393.68,0.0,-185.64,-0.0,-0.0,-0.0,-305.0,0.0,0.0,-0.0,1.26
2.643333,10418.0,-2.97,-2.29,37.73,164.25,338.77,0.0,-867.73,-0.0,-0.0,-0.0,-305.0,0.0,0.0,-0.0,1.2616660000000002
2.645,10398.0,-4.57,-4.58,45.7,193.81,324.13,0.0,-1095.83,-6.85,-5.85,26.95,-312.03,-9.32,0.0,33.09,1.263333
2.646667,10401.0,-5.25,-4.81,46.34,198.26,317.13,0.0,-1005.61,-6.92,-6.69,28.23,-311.97,8.87,0.0,58.69,1.265
2.648333,10404.0,-4.87,-4.58,45.7,191.72,319.75,0.0,-1186.16,-7.07,-6.46,28.23,-312.15,-7.35,0.0,168.27,1.266666
2.65,10404.0,-0.0,-0.0,-0.0,300.0,250.0,0.0,-0.0,-0.0,-0.0,-0.0,-305.0,0.0,0.0,-0.0,1.268333
2.651667,10404.0,-2.89,-2.75,36.3,176.1,331.61,0.0,-782.26,-0.0,-0.0,-0.0,-305.0,0.0,0.0,-0.0,1.2700000000000002
2.653333,10392.0,-4.87,-4.66,42.51,199.18,320.17,0.0,-1102.2,-6.85,-6.08,27.27,-315.06,-4.6,0.0,144.76,1.271666
2.655,10397.0,-4.64,-5.04,44.11,201.17,317.28,0.0,-937.42,-6.85,-6.23,28.87,-314.62,7.06,0.0,-141.62,1.2733329999999998
2.656667,10390.0,-4.87,-5.19,44.58,201.1,315.67,0.0,-1080.22,-7.38,-6.08,28.39,-296.59,6.18,0.0,171.93,1.2750000000000001
2.658333,10406.0,-0.0,-0.0,-0.0,300.0,250.0,0.0,-0.0,-0.0,-0.0,-0.0,-305.0,0.0,0.0,-0.0,1.2766659999999999
2.66,10412.0,-2.05,-2.98,33.75,175.1,331.55,0.0,-708.98,-0.0,-0.0,-0.0,-305.0,0.0,0.0,-0.0,1.2783330000000002
2.661667,10417.0,-4.26,-5.11,42.2,200.98,315.5,0.0,-1044.44,-6.92,-5.92,26.63,-309.14,-2.04,0.0,244.04,1.28
2.663333,10408.0,-4.56,-5.5,41.88,209.83,314.01,0.0,-963.12,-7.38,-6.31,28.39,-311.13,3.5,0.0,50.04,1.2816660000000002
2.665,10410.0,-4.79,-5.5,42.2,204.41,308.78,0.0,-1070.27,-6.92,-6.15,29.02,-304.66,-0.95,0.0,75.19,1.283333
2.666667,10404.0,-0.0,-0.0,-0.0,300.0,250.0,0.0,-0.0,-0.0,-0.0,-0.0,-305.0,0.0,0.0,-0.0,1.285
2.668333,10394.0,-1.98,-3.51,32.16,187.03,332.81,0.0,-646.95,-0.0,-0.0,-0.0,-305.0,0.0,0.0,-0.0,1.286666
2.67,10402.0,-4.03,-5.34,40.29,208.85,311.72,0.0,-991.0,-6.39,-5.92,27.58,-308.26,0.49,0.0,175.82,1.288333
2.671667,10409.0,-4.11,-5.65,41.24,210.91,303.5,0.0,-1001.91,-7.07,-5.85,28.7,-304.83,-0.57,0.0,23.32,1.2899999999999998
2.673333,10392.0,-4.11,-5.5,39.97,214.27,307.03,0.0,-872.92,-7.38,-6.23,28.71,-305.35,10.56,0.0,6.43,1.291666
2.675,10408.0,-0.0,-0.0,-0.0,300.0,250.0,0.0,-0.0,-0.0,-0.0,-0.0,-305.0,0.0,0.0,-0.0,1.2933329999999998
2.676667,10392.0,-1.6,-3.21,30.09,192.16,326.7,0.0,-729.27,-0.0,-0.0,-0.0,-305.0,0.0,0.0,-0.0,1.2950000000000002
2.678333,10406.0,-4.03,-5.04,38.38,215.1,302.93,0.0,-1015.19,-6.92,-6.15,27.11,-301.54,6.32,0.0,164.07,1.2966659999999999
2.68,10410.0,-4.03,-5.57,38.22,211.48,306.96,0.0,-997.9,-7.23,-6.15,28.87,-312.29,-2.07,0.0,-43.43,1.2983330000000002
2.681667,10402.0,-4.03,-5.72,38.22,220.16,305.02,0.0,-842.58,-6.92,-6.31,29.03,-307.56,5.76,0.0,-45.33,1.3
2.683333,10402.0,-0.0,-0.0,-0.0,300.0,250.0,0.0,-0.0,-0.0,-0.0,-0.0,-305.0,0.0,0.0,-0.0,1.3016660000000002
2.685,10400.0,-1.44,-3.44,29.46,195.68,316.68,0.0,-727.87,-0.0,-0.0,-0.0,-305.0,0.0,0.0,-0.0,1.303333
2.686667,10400.0,-3.42,-5.65,36.47,213.6,299.51,0.0,-880.4,-6.24,-6.39,28.54,-305.07,-2.51,0.0,-1.88,1.305
2.688333,10401.0,-3.65,-5.73,37.58,219.23,298.84,0.0,-971.26,-7.15,-6.0,29.02,-304.96,-3.06,0.0,184.48,1.306666
2.69,10409.0,-3.65,-5.73,36.63,226.17,300.1,0.0,-943.85,-7.3,-6.31,28.55,-312.49,9.36,0.0,-65.07,1.308333
2.691667,10400.0,-0.0,-0.0,-0.0,300.0,250.0,0.0,-0.0,-0.0,-0.0,-0.0,-305.0,0.0,0.0,-0.0,1.3099999999999998
2.693333,10396.0,-0.99,-3.74,27.23,193.89,316.77,0.0,-720.58,-0.0,-0.0,-0.0,-305.0,0.0,0.0,-0.0,1.311666
2.695,10413.0,-3.04,-5.65,34.08,231.08,296.08,0.0,-728.53,-6.85,-6.0,27.43,-310.5,8.91,0.0,-43.53,1.3133329999999999
2.696667,10406.0,-3.42,-6.49,35.35,219.07,293.47,0.0,-1020.55,-6.85,-6.39,29.02,-310.24,-1.28,0.0,181.76,1.3150000000000002
2.698333,10402.0,-3.19,-6.56,35.2,224.86,292.62,0.0,-828.76,-7.15,-6.23,28.7,-304.94,-1.12,0.0,-1.06,1.316666
2.7,10411.0,-0.0,-0.0,-0.0,300.0,250.0,0.0,-0.0,-0.0,-0.0,-0.0,-305.0,0.0,0.0,-0.0,1.3183330000000002
2.701667,10424.0,-1.06,-4.43,26.27,205.65,320.67,0.0,-611.31,-0.0,-0.0,-0.0,-305.0,0.0,0.0,-0.0,1.32
2.703333,10406.0,-3.12,-6.72,33.44,224.72,289.67,0.0,-709.11,-6.69,-5.85,27.27,-314.86,0.66,0.0,-51.66,1.3216660000000002
2.705,10399.0,-3.12,-7.02,35.19,229.65,290.19,0.0,-731.16,-7.08,-6.08,28.54,-297.62,4.96,0.0,104.27,1.323333
2.706667,10410.0,-3.27,-7.25,34.4,236.26,293.75,0.0,-761.37,-7.46,-6.23,28.07,-317.19,-3.46,0.0,-19.58,1.325
2.708333,10405.0,-0.0,-0.0,-0.0,300.0,250.0,0.0,-0.0,-0.0,-0.0,-0.0,-305.0,0.0,0.0,-0.0,1.3266660000000001
2.71,10409.0,-0.0,-0.0,-0.0,300.0,250.0,0.0,-0.0,-0.0,-0.0,-0.0,-305.0,0.0,0.0,-0.0,1.328333
2.711667,10396.0,-2.89,-6.56,31.37,231.9,289.3,0.0,-608.8,-6.92,-5.85,26.79,-316.87,-3.11,0.0,58.45,1.3299999999999998
2.713333,10402.0,-3.42,-7.02,31.06,233.19,278.32,0.0,-646.09,-6.85,-6.46,28.87,-308.87,2.09,0.0,91.36,1.331666
2.715,10404.0,-3.35,-6.87,31.69,239.85,284.28,0.0,-759.48,-7.23,-6.0,28.69,-307.87,-7.8,0.0,153.62,1.3333329999999999
2.716667,10410.0,-0.0,-0.0,-0.0,300.0,250.0,0.0,-0.0,-0.0,-0.0,-0.0,-305.0,0.0,0.0,-0.0,1.3350000000000002
2.718333,10415.0,-0.0,-0.0,-0.0,300.0,250.0,0.0,-0.0,-0.0,-0.0,-0.0,-305.0,0.0,0.0,-0.0,1.336666
2.72,10411.0,-3.19,-6.56,28.51,250.76,272.13,0.0,-434.59,-6.85,-5.31,27.41,-301.33,-4.76,0.0,-69.75,1.3383330000000002
2.721667,10405.0,-3.73,-6.64,27.4,258.56,257.03,0.0,-425.53,-7.15,-6.23,28.38,-307.88,8.29,0.0,105.29,1.34
2.723333,10401.0,-4.03,-6.64,25.96,263.72,269.02,0.0,-394.55,-7.15,-6.15,28.38,-307.84,-1.02,0.0,248.09,1.3416659999999998
2.725,10403.0,-0.0,-0.0,-0.0,300.0,250.0,0.0,-0.0,-0.0,-0.0,-0.0,-305.0,0.0,0.0,-0.0,1.343333
2.726667,10434.0,-0.0,-0.0,-0.0,300.0,250.0,0.0,-0.0,-0.0,-0.0,-0.0,-305.0,0.0,0.0,-0.0,1.345
2.728333,10403.0,-0.0,-0.0,-0.0,300.0,250.0,0.0,-0.0,-7.15,-5.77,25.99,-309.54,-9.59,0.0,120.77,1.3466660000000001
2.73,10400.0,-0.0,-0.0,-0.0,300.0,250.0,0.0,-0.0,-6.69,-6.08,28.71,-318.76,3.84,0.0,-174.7,1.348333
2.731667,10405.0,-0.0,-0.0,-0.0,300.0,250.0,0.0,-0.0,-7.0,-5.46,29.19,-303.41,5.78,0.0,78.44,1.3499999999999999
2.733333,10409.0,-0.0,-0.0,-0.0,300.0,250.0,0.0,-0.0,-0.0,-0.0,-0.0,-305.0,0.0,0.0,-0.0,1.351666
2.735,10411.0,-0.0,-0.0,-0.0,300.0,250.0,0.0,-0.0,-0.0,-0.0,-0.0,-305.0,0.0,0.0,-0.0,1.353333
2.736667,10395.0,-0.0,-0.0,-0.0,300.0,250.0,0.0,-0.0,-6.77,-5.31,26.45,-300.98,-15.08,0.0,281.48,1.3550000000000002
2.738333,10400.0,-0.0,-0.0,-0.0,300.0,250.0,0.0,-0.0,-7.23,-5.69,27.75,-317.0,9.3,0.0,-61.25,1.356666
2.74,10409.0,-0.0,-0.0,-0.0,300.0,250.0,0.0,-0.0,-6.92,-5.77,28.55,-311.94,5.47,0.0,40.38,1.3583330000000002
2.741667,10404.0,-0.0,-0.0,-0.0,300.0,250.0,0.0,-0.0,-0.0,-0.0,-0.0,-305.0,0.0,0.0,-0.0,1.36
2.743333,10404.0,-0.0,-0.0,-0.0,300.0,250.0,0.0,-0.0,-0.0,-0.0,-0.0,-305.0,0.0,0.0,-0.0,1.3616659999999998
2.745,10403.0,-0.0,-0.0,-0.0,300.0,250.0,0.0,-0.0,-6.92,-5.54,27.11,-313.68,-5.07,0.0,220.98,1.3633330000000001
2.746667,10422.0,-0.0,-0.0,-0.0,300.0,250.0,0.0,-0.0,-7.15,-5.46,28.7,-304.94,-0.02,0.0,-81.3,1.365
2.748333,10405.0,-0.0,-0.0,-0.0,300.0,250.0,0.0,-0.0,-7.23,-5.92,28.7,-305.07,1.67,0.0,105.85,1.3666660000000002
2.75,10404.0,-0.0,-0.0,-0.0,300.0,250.0,0.0,-0.0,-0.0,-0.0,-0.0,-305.0,0.0,0.0,-0.0,1.368333
2.751667,10375.0,-0.0,-0.0,-0.0,300.0,250.0,0.0,-0.0,-0.0,-0.0,-0.0,-305.0,0.0,0.0,-0.0,1.3699999999999999
2.753333,10412.0,-0.0,-0.0,-0.0,300.0,250.0,0.0,-0.0,-6.92,-5.15,26.47,-298.24,0.4,0.0,190.04,1.371666
2.755,10392.0,-0.0,-0.0,-0.0,300.0,250.0,0.0,-0.0,-7.23,-5.85,26.95,-315.73,-4.33,0.0,2.9,1.373333
2.756667,10401.0,-0.0,-0.0,-0.0,300.0,250.0,0.0,-0.0,-6.69,-6.15,28.86,-311.49,0.2,0.0,-14.62,1.3750000000000002
2.758333,10401.0,-0.0,-0.0,-0.0,300.0,250.0,0.0,-0.0,-0.0,-0.0,-0.0,-305.0,0.0,0.0,-0.0,1.376666
2.76,10425.0,-0.0,-0.0,-0.0,300.0,250.0,0.0,-0.0,-0.0,-0.0,-0.0,-305.0,0.0,0.0,-0.0,1.3783329999999998
2.761667,10409.0,-0.0,-0.0,-0.0,300.0,250.0,0.0,-0.0,-6.69,-5.39,27.43,-304.24,-2.33,0.0,181.8,1.3800000000000001
2.763333,10408.0,-0.0,-0.0,-0.0,300.0,250.0,0.0,-0.0,-7.08,-5.31,27.41,-307.65,-16.94,0.0,159.89,1.3816659999999998
2.765,10412.0,-0.0,-0.0,-0.0,300.0,250.0,0.0,-0.0,-7.0,-5.92,28.07,-316.51,6.46,0.0,-34.95,1.3833330000000001
2.766667,10403.0,-0.0,-0.0,-0.0,300.0,250.0,0.0,-0.0,-0.0,-0.0,-0.0,-305.0,0.0,0.0,-0.0,1.385
2.768333,10395.0,-0.0,-0.0,-0.0,300.0,250.0,0.0,-0.0,-0.0,-0.0,-0.0,-305.0,0.0,0.0,-0.0,1.3866660000000002
2.77,10404.0,-0.0,-0.0,-0.0,300.0,250.0,0.0,-0.0,-6.92,-5.23,26.15,-301.32,2.83,0.0,105.69,1.388333
2.771667,10412.0,-0.0,-0.0,-0.0,300.0,250.0,0.0,-0.0,-6.77,-5.77,27.59,-317.83,-4.09,0.0,175.88,1.39
2.773333,10408.0,-0.0,-0.0,-0.0,300.0,250.0,0.0,-0.0,-7.15,-5.54,28.87,-315.02,3.4,0.0,-37.7,1.391666
2.775,10406.0,-0.0,-0.0,-0.0,300.0,250.0,0.0,-0.0,-0.0,-0.0,-0.0,-305.0,0.0,0.0,-0.0,1.393333
2.776667,10409.0,-0.0,-0.0,-0.0,300.0,250.0,0.0,-0.0,-0.0,-0.0,-0.0,-305.0,0.0,0.0,-0.0,1.3950000000000002
2.778333,10405.0,-0.0,-0.0,-0.0,300.0,250.0,0.0,-0.0,-6.47,-5.15,27.27,-305.38,-0.79,0.0,-46.64,1.396666
2.78,10392.0,-0.0,-0.0,-0.0,300.0,250.0,0.0,-0.0,-7.08,-5.16,28.06,-301.82,-1.99,0.0,276.43,1.3983329999999998
2.781667,10402.0,-0.0,-0.0,-0.0,300.0,250.0,0.0,-0.0,-7.15,-5.54,28.23,-318.14,-1.26,0.0,-77.48,1.4000000000000001
2.783333,10411.0,-0.0,-0.0,-0.0,300.0,250.0,0.0,-0.0,-0.0,-0.0,-0.0,-305.0,0.0,0.0,-0.0,1.4016659999999999
2.785,10387.0,-0.0,-0.0,-0.0,300.0,250.0,0.0,-0.0,-0.0,-0.0,-0.0,-305.0,0.0,0.0,-0.0,1.4033330000000002
2.786667,10411.0,-0.0,-0.0,-0.0,300.0,250.0,0.0,-0.0,-6.62,-5.39,26.63,-318.0,-1.19,0.0,12.04,1.405
2.788333,10410.0,-0.0,-0.0,-0.0,300.0,250.0,0.0,-0.0,-6.69,-5.46,28.38,-310.12,0.01,0.0,146.12,1.4066660000000002
2.79,10405.0,-0.0,-0.0,-0.0,300.0,250.0,0.0,-0.0,-7.15,-4.92,28.38,-304.88,-3.98,0.0,-9.08,1.408333
2.791667,10401.0,-0.0,-0.0,-0.0,300.0,250.0,0.0,-0.0,-0.0,-0.0,-0.0,-305.0,0.0,0.0,-0.0,1.41
2.793333,10427.0,-0.0,-0.0,-0.0,300.0,250.0,0.0,-0.0,-0.0,-0.0,-0.0,-305.0,0.0,0.0,-0.0,1.411666
2.795,10347.0,-0.0,-0.0,-0.0,300.0,250.0,0.0,-0.0,-6.77,-4.69,27.59,-311.84,-0.07,0.0,-145.79,1.413333
2.796667,10414.0,-0.0,-0.0,-0.0,300.0,250.0,0.0,-0.0,-7.0,-5.15,27.9,-297.29,4.0,0.0,153.77,1.4149999999999998
2.798333,10408.0,-0.0,-0.0,-0.0,300.0,250.0,0.0,-0.0,-7.3,-5.15,27.91,-315.5,-7.92,0.0,65.68,1.416666
2.8,10394.0,-0.0,-0.0,-0.0,300.0,250.0,0.0,-0.0,-0.0,-0.0,-0.0,-305.0,0.0,0.0,-0.0,1.4183329999999998
2.801667,10413.0,-0.0,-0.0,-0.0,300.0,250.0,0.0,-0.0,-0.0,-0.0,-0.0,-305.0,0.0,0.0,-0.0,1.4200000000000002
2.803333,10382.0,-0.0,-0.0,-0.0,300.0,250.0,0.0,-0.0,-7.08,-4.92,26.32,-318.88,-5.52,0.0,-3.41,1.4216659999999999
2.805,10396.0,-0.0,-0.0,-0.0,300.0,250.0,0.0,-0.0,-6.69,-5.39,28.86,-305.74,-1.04,0.0,29.25,1.4233330000000002
2.806667,10400.0,-0.0,-0.0,-0.0,300.0,250.0,0.0,-0.0,-7.23,-4.69,28.22,-303.53,-2.49,0.0,190.65,1.425
