,Name,Sync,F1X1,F1X3,F1Y1,F1Y2,F1Z1,F1Z2,F1Z3,F1Z4,F2X1,F2X3,F2Y1,F2Y2,F2Z1,F2Z2,F2Z3,F2Z4
0,0.0,10400.0,-23.0,-19.0,-47.0,-32.0,-45.0,-43.0,-54.0,-53.0,-42.0,-46.0,-58.0,-67.0,-53.0,-50.0,-45.0,-53.0
1,0.001667,10411.0,-8.0,-1.0,-32.0,-15.0,-26.0,-20.0,-33.0,-34.0,-15.0,-27.0,-27.0,-34.0,-23.0,-19.0,-14.0,-29.0
2,0.003333,10409.0,4.0,11.0,-15.0,-1.0,-12.0,-6.0,-19.0,-26.0,0.0,-8.0,-15.0,-22.0,-10.0,-4.0,-10.0,-17.0
3,0.005,10391.0,10.0,12.0,-13.0,0.0,-8.0,-7.0,-16.0,-23.0,1.0,-8.0,-14.0,-17.0,-14.0,-3.0,-4.0,-14.0
4,0.006667,10403.0,6.0,13.0,-14.0,-1.0,-9.0,-6.0,-16.0,-21.0,0.0,-4.0,-18.0,-20.0,-10.0,-2.0,-5.0,-12.0
5,0.008333,10417.0,-24.0,-18.0,-49.0,-33.0,-45.0,-41.0,-51.0,-56.0,-41.0,-54.0,-56.0,-64.0,-54.0,-47.0,-45.0,-65.0
6,0.01,10409.0,-10.0,-1.0,-30.0,-15.0,-23.0,-21.0,-34.0,-36.0,-14.0,-19.0,-29.0,-33.0,-23.0,-19.0,-17.0,-28.0
7,0.011667,10408.0,4.0,12.0,-16.0,-2.0,-13.0,-10.0,-18.0,-23.0,0.0,-8.0,-15.0,-20.0,-18.0,-5.0,-3.0,-19.0
8,0.013333,10381.0,7.0,12.0,-12.0,-2.0,-8.0,-5.0,-19.0,-21.0,1.0,0.0,-20.0,-18.0,-10.0,-4.0,-1.0,-19.0
9,0.015,10428.0,8.0,13.0,-16.0,1.0,-9.0,-5.0,-14.0,-21.0,-1.0,-6.0,-14.0,-19.0,-8.0,-4.0,0.0,-21.0
10,0.016667,10414.0,-23.0,-17.0,-46.0,-33.0,-43.0,-40.0,-54.0,-57.0,-40.0,-44.0,-56.0,-62.0,-51.0,-53.0,-45.0,-58.0
11,0.018333,10400.0,-7.0,3.0,-30.0,-14.0,-23.0,-23.0,-30.0,-33.0,-15.0,-20.0,-28.0,-36.0,-27.0,-18.0,-12.0,-30.0
12,0.02,10410.0,5.0,12.0,-13.0,-2.0,-10.0,-6.0,-23.0,-26.0,1.0,-6.0,-22.0,-22.0,-10.0,-7.0,-5.0,-16.0
13,0.021667,10408.0,10.0,14.0,-15.0,0.0,-9.0,-5.0,-18.0,-18.0,-1.0,-8.0,-14.0,-19.0,-8.0,-4.0,-2.0,-18.0
14,0.023333,10439.0,7.0,12.0,-12.0,3.0,-9.0,-3.0,-19.0,-24.0,0.0,-5.0,-14.0,-18.0,-5.0,-9.0,-2.0,-14.0
15,0.025,10397.0,-22.0,-19.0,-47.0,-32.0,-44.0,-42.0,-49.0,-56.0,-37.0,-45.0,-54.0,-68.0,-54.0,-47.0,-46.0,-57.0
16,0.026667,10401.0,-8.0,-1.0,-30.0,-17.0,-26.0,-22.0,-32.0,-34.0,-13.0,-22.0,-32.0,-34.0,-22.0,-19.0,-17.0,-22.0
17,0.028333,10406.0,8.0,13.0,-16.0,-2.0,-10.0,-9.0,-19.0,-20.0,-4.0,-7.0,-18.0,-21.0,-13.0,-4.0,-5.0,-20.0
18,0.03,10398.0,8.0,14.0,-13.0,0.0,-9.0,-4.0,-22.0,-19.0,3.0,-5.0,-13.0,-18.0,-10.0,-8.0,-2.0,-16.0
19,0.031667,10408.0,7.0,15.0,-15.0,1.0,-9.0,-5.0,-18.0,-22.0,0.0,-1.0,-13.0,-24.0,-10.0,-5.0,-5.0,-17.0
20,0.033333,10409.0,-21.0,-18.0,-47.0,-33.0,-45.0,-42.0,-50.0,-58.0,-36.0,-47.0,-60.0,-61.0,-53.0,-48.0,-43.0,-53.0
21,0.035,10404.0,-6.0,-3.0,-28.0,-14.0,-23.0,-20.0,-32.0,-35.0,-15.0,-20.0,-28.0,-36.0,-22.0,-17.0,-21.0,-27.0
22,0.036667,10410.0,6.0,12.0,-15.0,-3.0,-10.0,-9.0,-21.0,-22.0,0.0,-5.0,-18.0,-19.0,-15.0,-6.0,-4.0,-15.0
23,0.038333,10402.0,8.0,18.0,-15.0,0.0,-10.0,-5.0,-18.0,-20.0,0.0,-4.0,-13.0,-26.0,-9.0,-2.0,-1.0,-17.0
24,0.04,10410.0,10.0,17.0,-14.0,-1.0,-10.0,-6.0,-16.0,-20.0,4.0,-8.0,-14.0,-19.0,-13.0,-3.0,-2.0,-17.0
25,0.041667,10402.0,-22.0,-17.0,-46.0,-32.0,-43.0,-41.0,-53.0,-60.0,-40.0,-49.0,-56.0,-64.0,-50.0,-47.0,-49.0,-55.0
26,0.043333,10403.0,-7.0,-3.0,-30.0,-15.0,-26.0,-22.0,-31.0,-34.0,-13.0,-18.0,-30.0,-32.0,-28.0,-18.0,-15.0,-27.0
27,0.045,10404.0,6.0,11.0,-14.0,0.0,-15.0,-8.0,-19.0,-24.0,0.0,-3.0,-18.0,-26.0,-13.0,-5.0,-4.0,-18.0
28,0.046667,10418.0,7.0,18.0,-17.0,0.0,-8.0,-6.0,-16.0,-19.0,4.0,-9.0,-16.0,-19.0,-9.0,-5.0,0.0,-18.0
29,0.048333,10424.0,7.0,14.0,-13.0,0.0,-8.0,-4.0,-18.0,-24.0,1.0,-3.0,-16.0,-22.0,-7.0,-3.0,-5.0,-15.0
30,0.05,10410.0,-23.0,-16.0,-47.0,-34.0,-44.0,-43.0,-56.0,-56.0,-38.0,-46.0,-57.0,-60.0,-60.0,-49.0,-46.0,-56.0
31,0.051667,10406.0,-7.0,-1.0,-28.0,-15.0,-26.0,-20.0,-31.0,-37.0,-13.0,-15.0,-34.0,-33.0,-23.0,-20.0,-16.0,-24.0
32,0.053333,10404.0,6.0,13.0,-18.0,-3.0,-14.0,-7.0,-19.0,-22.0,0.0,-8.0,-16.0,-23.0,-10.0,-7.0,-1.0,-17.0
33,0.055,10384.0,6.0,14.0,-10.0,0.0,-10.0,-5.0,-16.0,-23.0,1.0,-2.0,-15.0,-19.0,-8.0,-6.0,-2.0,-13.0
34,0.056667,10437.0,7.0,18.0,-15.0,1.0,-6.0,-8.0,-16.0,-20.0,4.0,-4.0,-12.0,-20.0,-14.0,-3.0,-3.0,-17.0
35,0.058333,10423.0,-22.0,-17.0,-45.0,-34.0,-46.0,-43.0,-53.0,-56.0,-35.0,-44.0,-62.0,-65.0,-54.0,-46.0,-48.0,-56.0
36,0.06,10411.0,-7.0,0.0,-31.0,-17.0,-26.0,-19.0,-34.0,-35.0,-14.0,-23.0,-30.0,-33.0,-28.0,-16.0,-16.0,-32.0
37,0.061667,10403.0,3.0,9.0,-15.0,-4.0,-12.0,-8.0,-18.0,-24.0,0.0,-6.0,-18.0,-21.0,-8.0,-8.0,-5.0,-16.0
38,0.063333,10416.0,7.0,15.0,-12.0,0.0,-9.0,-8.0,-17.0,-23.0,4.0,-5.0,-15.0,-21.0,-10.0,-3.0,-4.0,-18.0
39,0.065,10396.0,7.0,13.0,-12.0,-2.0,-10.0,-6.0,-17.0,-18.0,4.0,-3.0,-21.0,-21.0,-9.0,-3.0,-1.0,-16.0
40,0.066667,10410.0,-21.0,-15.0,-47.0,-34.0,-45.0,-41.0,-49.0,-56.0,-44.0,-45.0,-58.0,-62.0,-55.0,-47.0,-43.0,-64.0
41,0.068333,10403.0,-9.0,0.0,-30.0,-15.0,-23.0,-21.0,-35.0,-33.0,-12.0,-17.0,-30.0,-34.0,-23.0,-23.0,-14.0,-30.0
42,0.07,10398.0,5.0,13.0,-15.0,-1.0,-12.0,-7.0,-21.0,-23.0,0.0,-4.0,-15.0,-26.0,-10.0,-6.0,-2.0,-20.0
43,0.071667,10396.0,8.0,13.0,-13.0,-1.0,-8.0,-6.0,-17.0,-21.0,3.0,-4.0,-18.0,-19.0,-7.0,-6.0,0.0,-13.0
44,0.073333,10423.0,10.0,11.0,-13.0,0.0,-9.0,-5.0,-14.0,-22.0,-1.0,-2.0,-15.0,-21.0,-7.0,-5.0,-3.0,-15.0
45,0.075,10411.0,-24.0,-17.0,-47.0,-36.0,-43.0,-42.0,-57.0,-54.0,-38.0,-43.0,-56.0,-63.0,-53.0,-51.0,-45.0,-57.0
46,0.076667,10403.0,-7.0,0.0,-30.0,-14.0,-27.0,-23.0,-31.0,-36.0,-13.0,-19.0,-28.0,-42.0,-23.0,-17.0,-17.0,-28.0
47,0.078333,10403.0,6.0,14.0,-18.0,-2.0,-9.0,-7.0,-21.0,-23.0,4.0,-14.0,-18.0,-22.0,-10.0,-5.0,-4.0,-14.0
48,0.08,10406.0,7.0,13.0,-13.0,-1.0,-8.0,-5.0,-17.0,-22.0,1.0,-4.0,-13.0,-20.0,-9.0,-2.0,-9.0,-12.0
49,0.081667,10422.0,7.0,15.0,-14.0,0.0,-10.0,-6.0,-20.0,-22.0,1.0,-2.0,-14.0,-18.0,-14.0,-5.0,-3.0,-15.0
50,0.083333,10399.0,-22.0,-20.0,-45.0,-31.0,-46.0,-43.0,-50.0,-56.0,-37.0,-45.0,-58.0,-68.0,-54.0,-47.0,-45.0,-56.0
51,0.085,10405.0,-7.0,1.0,-30.0,-17.0,-24.0,-22.0,-32.0,-34.0,-9.0,-24.0,-30.0,-34.0,-27.0,-17.0,-15.0,-29.0
52,0.086667,10405.0,6.0,12.0,-18.0,-1.0,-9.0,-8.0,-18.0,-21.0,-1.0,-5.0,-17.0,-22.0,-13.0,-3.0,-8.0,-17.0
53,0.088333,10403.0,7.0,17.0,-13.0,0.0,-8.0,-6.0,-19.0,-21.0,1.0,-2.0,-15.0,-17.0,-14.0,-3.0,-3.0,-16.0
54,0.09,10409.0,8.0,14.0,-14.0,1.0,-10.0,-5.0,-18.0,-19.0,5.0,0.0,-18.0,-22.0,-10.0,-4.0,-3.0,-14.0
55,0.091667,10404.0,-22.0,-16.0,-51.0,-32.0,-46.0,-41.0,-51.0,-57.0,-37.0,-49.0,-60.0,-62.0,-53.0,-48.0,-41.0,-64.0
56,0.093333,10398.0,-8.0,-2.0,-30.0,-15.0,-24.0,-21.0,-29.0,-38.0,-12.0,-18.0,-31.0,-36.0,-23.0,-19.0,-17.0,-28.0
57,0.095,10406.0,8.0,13.0,-17.0,-3.0,-12.0,-12.0,-16.0,-23.0,1.0,-5.0,-14.0,-21.0,-16.0,-7.0,-5.0,-16.0
58,0.096667,10403.0,8.0,18.0,-13.0,-1.0,-7.0,-6.0,-18.0,-19.0,3.0,-1.0,-20.0,-21.0,-8.0,-3.0,-5.0,-14.0
59,0.098333,10415.0,9.0,15.0,-15.0,0.0,-8.0,-6.0,-17.0,-20.0,1.0,-6.0,-17.0,-19.0,-10.0,-4.0,-1.0,-20.0
60,0.1,10410.0,-26.0,-17.0,-47.0,-32.0,-43.0,-40.0,-53.0,-58.0,-35.0,-44.0,-57.0,-62.0,-53.0,-53.0,-46.0,-58.0
61,0.101667,10404.0,-7.0,0.0,-31.0,-13.0,-26.0,-23.0,-30.0,-35.0,-12.0,-20.0,-28.0,-34.0,-28.0,-18.0,-14.0,-28.0
62,0.103333,10406.0,7.0,14.0,-14.0,-4.0,-12.0,-8.0,-18.0,-23.0,3.0,-2.0,-24.0,-22.0,-14.0,-6.0,-2.0,-16.0
63,0.105,10415.0,9.0,15.0,-15.0,0.0,-8.0,-6.0,-14.0,-20.0,0.0,-3.0,-14.0,-21.0,-9.0,-5.0,-2.0,-19.0
64,0.106667,10419.0,5.0,19.0,-13.0,0.0,-9.0,-3.0,-20.0,-23.0,4.0,-1.0,-15.0,-19.0,-6.0,-8.0,-3.0,-14.0
65,0.108333,10409.0,-22.0,-17.0,-46.0,-33.0,-44.0,-43.0,-54.0,-54.0,-36.0,-44.0,-56.0,-68.0,-54.0,-49.0,-45.0,-58.0
66,0.11,10406.0,-7.0,0.0,-28.0,-19.0,-26.0,-21.0,-32.0,-37.0,-9.0,-18.0,-33.0,-36.0,-23.0,-19.0,-13.0,-26.0
67,0.111667,10408.0,7.0,11.0,-16.0,-3.0,-12.0,-9.0,-16.0,-22.0,-3.0,-5.0,-14.0,-21.0,-9.0,-3.0,-7.0,-20.0
68,0.113333,10399.0,9.0,14.0,-14.0,0.0,-9.0,-4.0,-20.0,-21.0,4.0,-4.0,-15.0,-19.0,-9.0,-7.0,-3.0,-14.0
69,0.115,10419.0,7.0,18.0,-14.0,3.0,-8.0,-7.0,-17.0,-19.0,4.0,-4.0,-10.0,-27.0,-8.0,-3.0,-5.0,-15.0
70,0.116667,10415.0,-23.0,-17.0,-46.0,-35.0,-45.0,-43.0,-50.0,-54.0,-33.0,-48.0,-59.0,-64.0,-55.0,-45.0,-46.0,-58.0
71,0.118333,10410.0,-6.0,0.0,-30.0,-16.0,-22.0,-21.0,-32.0,-33.0,-14.0,-18.0,-27.0,-33.0,-23.0,-15.0,-23.0,-33.0
72,0.12,10402.0,8.0,12.0,-13.0,-1.0,-12.0,-7.0,-20.0,-24.0,1.0,-5.0,-18.0,-18.0,-15.0,-7.0,-5.0,-18.0
73,0.121667,10404.0,9.0,14.0,-14.0,0.0,-13.0,-6.0,-16.0,-21.0,5.0,-1.0,-19.0,-26.0,-9.0,-4.0,0.0,-17.0
74,0.123333,10397.0,9.0,19.0,-14.0,0.0,-9.0,-5.0,-15.0,-21.0,7.0,-5.0,-17.0,-20.0,-10.0,-5.0,0.0,-15.0
75,0.125,10392.0,-22.0,-16.0,-46.0,-32.0,-43.0,-42.0,-53.0,-56.0,-38.0,-41.0,-59.0,-63.0,-50.0,-47.0,-50.0,-57.0
76,0.126667,10404.0,-6.0,-1.0,-29.0,-15.0,-26.0,-22.0,-32.0,-34.0,-10.0,-17.0,-31.0,-33.0,-28.0,-20.0,-15.0,-27.0
77,0.128333,10400.0,7.0,15.0,-15.0,-2.0,-10.0,-7.0,-19.0,-22.0,3.0,-2.0,-21.0,-24.0,-12.0,-5.0,-3.0,-16.0
78,0.13,10412.0,7.0,18.0,-14.0,0.0,-8.0,-7.0,-17.0,-18.0,4.0,-5.0,-15.0,-21.0,-9.0,-3.0,3.0,-17.0
79,0.131667,10409.0,8.0,15.0,-14.0,0.0,-9.0,-5.0,-16.0,-27.0,4.0,-1.0,-15.0,-20.0,-7.0,-6.0,-7.0,-13.0
80,0.133333,10395.0,-22.0,-15.0,-48.0,-33.0,-43.0,-44.0,-49.0,-54.0,-34.0,-45.0,-57.0,-61.0,-60.0,-47.0,-45.0,-56.0
81,0.135,10406.0,-7.0,1.0,-29.0,-16.0,-23.0,-21.0,-32.0,-35.0,-8.0,-16.0,-35.0,-34.0,-23.0,-17.0,-18.0,-27.0
82,0.136667,10409.0,7.0,17.0,-18.0,-1.0,-10.0,-9.0,-19.0,-22.0,1.0,-5.0,-18.0,-24.0,-13.0,-5.0,-4.0,-21.0
83,0.138333,10400.0,9.0,17.0,-10.0,0.0,-10.0,-5.0,-17.0,-23.0,6.0,-2.0,-16.0,-19.0,-6.0,-7.0,-4.0,-15.0
84,0.14,10413.0,9.0,18.0,-14.0,0.0,-8.0,-7.0,-19.0,-19.0,5.0,-2.0,-13.0,-22.0,-14.0,-2.0,-1.0,-16.0
85,0.141667,10402.0,-21.0,-15.0,-45.0,-35.0,-45.0,-43.0,-50.0,-58.0,-34.0,-42.0,-65.0,-64.0,-55.0,-47.0,-45.0,-56.0
86,0.143333,10406.0,-7.0,0.0,-32.0,-15.0,-23.0,-21.0,-32.0,-31.0,-12.0,-16.0,-33.0,-33.0,-26.0,-17.0,-16.0,-37.0
87,0.145,10405.0,4.0,14.0,-16.0,-2.0,-13.0,-8.0,-21.0,-22.0,3.0,-1.0,-20.0,-22.0,-9.0,-10.0,-4.0,-17.0
88,0.146667,10401.0,11.0,21.0,-13.0,0.0,-8.0,-5.0,-21.0,-19.0,5.0,0.0,-14.0,-23.0,-10.0,-6.0,-1.0,-17.0
89,0.148333,10406.0,10.0,19.0,-13.0,-3.0,-9.0,-6.0,-15.0,-22.0,7.0,-1.0,-21.0,-20.0,-8.0,-3.0,0.0,-14.0
90,0.15,10408.0,-19.0,-16.0,-47.0,-34.0,-44.0,-42.0,-50.0,-56.0,-40.0,-44.0,-59.0,-65.0,-53.0,-48.0,-45.0,-62.0
91,0.151667,10402.0,-7.0,0.0,-28.0,-15.0,-24.0,-20.0,-31.0,-31.0,-7.0,-16.0,-31.0,-35.0,-21.0,-24.0,-17.0,-24.0
92,0.153333,10398.0,8.0,17.0,-14.0,-2.0,-12.0,-10.0,-18.0,-23.0,5.0,-3.0,-15.0,-28.0,-10.0,-6.0,-6.0,-18.0
93,0.155,10386.0,9.0,20.0,-15.0,-1.0,-8.0,-7.0,-17.0,-17.0,6.0,-2.0,-19.0,-21.0,-9.0,-4.0,-3.0,-10.0
94,0.156667,10409.0,12.0,17.0,-13.0,0.0,-9.0,-4.0,-16.0,-19.0,0.0,-1.0,-14.0,-21.0,-9.0,-2.0,-6.0,-13.0
95,0.158333,10405.0,-21.0,-14.0,-46.0,-31.0,-43.0,-43.0,-54.0,-55.0,-32.0,-42.0,-58.0,-62.0,-56.0,-51.0,-46.0,-57.0
96,0.16,10412.0,-5.0,0.0,-28.0,-14.0,-27.0,-21.0,-29.0,-36.0,-7.0,-16.0,-28.0,-41.0,-24.0,-18.0,-15.0,-30.0
97,0.161667,10403.0,8.0,19.0,-16.0,-4.0,-10.0,-8.0,-19.0,-22.0,8.0,-4.0,-19.0,-24.0,-10.0,-6.0,-3.0,-16.0
98,0.163333,10409.0,12.0,18.0,-15.0,1.0,-10.0,-7.0,-16.0,-21.0,3.0,1.0,-17.0,-21.0,-6.0,-1.0,-5.0,-18.0
99,0.165,10398.0,11.0,20.0,-12.0,-1.0,-7.0,-5.0,-21.0,-18.0,7.0,1.0,-15.0,-22.0,-10.0,-6.0,-5.0,-14.0
100,0.166667,10381.0,-20.0,-10.0,-46.0,-33.0,-47.0,-41.0,-51.0,-56.0,-35.0,-42.0,-58.0,-69.0,-51.0,-48.0,-45.0,-57.0
101,0.168333,10410.0,-5.0,1.0,-29.0,-15.0,-24.0,-21.0,-33.0,-34.0,-6.0,-21.0,-32.0,-35.0,-23.0,-18.0,-14.0,-32.0
102,0.17,10399.0,7.0,12.0,-14.0,-1.0,-12.0,-7.0,-17.0,-26.0,4.0,-3.0,-17.0,-23.0,-13.0,-6.0,-9.0,-17.0
103,0.171667,10389.0,11.0,20.0,-12.0,0.0,-7.0,-6.0,-17.0,-21.0,7.0,-1.0,-15.0,-19.0,-13.0,-5.0,0.0,-13.0
104,0.173333,10391.0,11.0,21.0,-13.0,0.0,-9.0,-8.0,-16.0,-19.0,6.0,1.0,-19.0,-23.0,-10.0,-3.0,-3.0,-16.0
105,0.175,10405.0,-20.0,-10.0,-50.0,-32.0,-42.0,-38.0,-54.0,-58.0,-34.0,-47.0,-58.0,-64.0,-54.0,-48.0,-43.0,-60.0
106,0.176667,10406.0,-7.0,3.0,-28.0,-15.0,-23.0,-22.0,-30.0,-35.0,-8.0,-16.0,-32.0,-35.0,-22.0,-16.0,-19.0,-30.0
107,0.178333,10404.0,9.0,15.0,-14.0,-2.0,-9.0,-8.0,-20.0,-24.0,3.0,0.0,-17.0,-22.0,-15.0,-5.0,-4.0,-19.0
108,0.18,10283.0,8.0,20.0,-10.0,0.0,-10.0,-8.0,-17.0,-20.0,8.0,5.0,-19.0,-22.0,-12.0,-6.0,-2.0,-14.0
109,0.181667,10423.0,10.0,18.0,-16.0,1.0,-9.0,-6.0,-16.0,-19.0,6.0,1.0,-15.0,-20.0,-9.0,-4.0,0.0,-18.0
110,0.183333,10402.0,-22.0,-13.0,-47.0,-34.0,-44.0,-42.0,-51.0,-57.0,-33.0,-40.0,-58.0,-65.0,-49.0,-53.0,-46.0,-58.0
111,0.185,10406.0,-5.0,4.0,-28.0,-15.0,-23.0,-24.0,-33.0,-34.0,-8.0,-14.0,-30.0,-36.0,-30.0,-19.0,-15.0,-26.0
112,0.186667,10409.0,9.0,18.0,-14.0,-2.0,-10.0,-7.0,-20.0,-23.0,5.0,0.0,-23.0,-24.0,-10.0,-4.0,-5.0,-14.0
113,0.188333,10409.0,12.0,17.0,-14.0,1.0,-10.0,-5.0,-16.0,-21.0,4.0,-2.0,-16.0,-21.0,-8.0,-4.0,-3.0,-18.0
114,0.19,10397.0,8.0,21.0,-10.0,0.0,-7.0,-5.0,-19.0,-20.0,8.0,0.0,-16.0,-19.0,-4.0,-6.0,-5.0,-14.0
115,0.191667,10398.0,-20.0,-13.0,-47.0,-34.0,-45.0,-45.0,-50.0,-54.0,-32.0,-43.0,-58.0,-67.0,-56.0,-47.0,-46.0,-57.0
116,0.193333,10399.0,-7.0,3.0,-28.0,-18.0,-24.0,-21.0,-32.0,-34.0,-7.0,-17.0,-35.0,-37.0,-24.0,-18.0,-17.0,-27.0
117,0.195,10405.0,9.0,14.0,-16.0,-2.0,-10.0,-8.0,-19.0,-21.0,0.0,-2.0,-18.0,-22.0,-13.0,-4.0,-4.0,-23.0
118,0.196667,10411.0,8.0,20.0,-9.0,0.0,-7.0,-4.0,-21.0,-22.0,7.0,0.0,-16.0,-21.0,-9.0,-8.0,-1.0,-16.0
119,0.198333,10411.0,10.0,18.0,-13.0,0.0,-9.0,-5.0,-15.0,-18.0,6.0,0.0,-17.0,-27.0,-12.0,-5.0,0.0,-17.0
120,0.2,10394.0,-19.0,-13.0,-45.0,-34.0,-44.0,-41.0,-53.0,-56.0,-33.0,-37.0,-61.0,-67.0,-55.0,-49.0,-41.0,-56.0
121,0.201667,10408.0,-5.0,0.0,-31.0,-14.0,-23.0,-22.0,-30.0,-33.0,-14.0,-10.0,-31.0,-36.0,-22.0,-18.0,-16.0,-30.0
122,0.203333,10400.0,6.0,14.0,-15.0,-2.0,-9.0,-7.0,-21.0,-23.0,3.0,-1.0,-19.0,-23.0,-9.0,-13.0,-2.0,-14.0
123,0.205,10390.0,7.0,20.0,-12.0,0.0,-9.0,-6.0,-18.0,-18.0,6.0,0.0,-15.0,-28.0,-10.0,-6.0,-1.0,-13.0
124,0.206667,10414.0,9.0,18.0,-14.0,0.0,-9.0,-3.0,-19.0,-21.0,8.0,-4.0,-16.0,-22.0,-8.0,-5.0,-1.0,-9.0
125,0.208333,10408.0,-20.0,-18.0,-47.0,-36.0,-44.0,-40.0,-50.0,-57.0,-37.0,-43.0,-58.0,-65.0,-53.0,-46.0,-50.0,-55.0
126,0.21,10400.0,-5.0,-1.0,-31.0,-17.0,-26.0,-21.0,-33.0,-35.0,-6.0,-18.0,-31.0,-35.0,-27.0,-19.0,-19.0,-26.0
127,0.211667,10409.0,6.0,19.0,-17.0,-2.0,-13.0,-8.0,-19.0,-18.0,4.0,-3.0,-17.0,-29.0,-13.0,-7.0,-7.0,-17.0
128,0.213333,10418.0,5.0,19.0,-16.0,0.0,-8.0,-5.0,-17.0,-19.0,6.0,-7.0,-17.0,-21.0,-8.0,-2.0,-3.0,-17.0
129,0.215,10401.0,8.0,18.0,-13.0,-1.0,-8.0,-5.0,-18.0,-19.0,6.0,0.0,-14.0,-21.0,-9.0,-2.0,-8.0,-16.0
130,0.216667,10391.0,-23.0,-17.0,-46.0,-34.0,-43.0,-44.0,-54.0,-56.0,-35.0,-44.0,-58.0,-63.0,-60.0,-48.0,-45.0,-58.0
131,0.218333,10409.0,-6.0,1.0,-29.0,-14.0,-26.0,-19.0,-32.0,-36.0,-9.0,-10.0,-34.0,-37.0,-24.0,-18.0,-15.0,-31.0
132,0.22,10409.0,6.0,13.0,-19.0,-3.0,-10.0,-8.0,-19.0,-17.0,4.0,-5.0,-20.0,-22.0,-13.0,-5.0,-1.0,-23.0
133,0.221667,10398.0,9.0,21.0,-13.0,-3.0,-8.0,-7.0,-18.0,-23.0,5.0,0.0,-18.0,-23.0,-8.0,-5.0,-5.0,-15.0
134,0.223333,10410.0,9.0,21.0,-17.0,-1.0,-6.0,-7.0,-19.0,-20.0,8.0,0.0,-18.0,-22.0,-13.0,-3.0,0.0,-15.0
135,0.225,10406.0,-18.0,-13.0,-46.0,-35.0,-45.0,-42.0,-55.0,-56.0,-32.0,-37.0,-62.0,-70.0,-54.0,-48.0,-46.0,-56.0
136,0.226667,10400.0,-6.0,1.0,-35.0,-17.0,-24.0,-23.0,-32.0,-33.0,-9.0,-18.0,-33.0,-38.0,-21.0,-17.0,-13.0,-33.0
137,0.228333,10408.0,5.0,15.0,-17.0,-4.0,-13.0,-9.0,-18.0,-26.0,5.0,-3.0,-19.0,-26.0,-8.0,-8.0,-5.0,-16.0
138,0.23,10399.0,10.0,22.0,-14.0,-2.0,-7.0,-9.0,-18.0,-21.0,7.0,0.0,-17.0,-23.0,-15.0,-5.0,-3.0,-15.0
139,0.231667,10409.0,9.0,18.0,-14.0,-5.0,-9.0,-6.0,-16.0,-19.0,6.0,0.0,-22.0,-23.0,-9.0,-5.0,-3.0,-12.0
140,0.233333,10404.0,-20.0,-12.0,-48.0,-36.0,-41.0,-41.0,-51.0,-54.0,-36.0,-41.0,-61.0,-68.0,-54.0,-48.0,-45.0,-60.0
141,0.235,10406.0,-8.0,3.0,-30.0,-18.0,-23.0,-20.0,-33.0,-35.0,-9.0,-14.0,-33.0,-37.0,-21.0,-21.0,-18.0,-28.0
142,0.236667,10405.0,8.0,19.0,-17.0,-3.0,-12.0,-8.0,-19.0,-22.0,5.0,0.0,-16.0,-29.0,-12.0,-7.0,-4.0,-18.0
143,0.238333,10405.0,11.0,23.0,-14.0,-3.0,-7.0,-6.0,-16.0,-19.0,6.0,0.0,-22.0,-24.0,-8.0,-3.0,-1.0,-14.0
144,0.24,10386.0,11.0,21.0,-15.0,-5.0,-7.0,-4.0,-18.0,-20.0,0.0,-1.0,-17.0,-24.0,-9.0,-2.0,-3.0,-17.0
145,0.241667,10405.0,-22.0,-9.0,-49.0,-37.0,-43.0,-41.0,-55.0,-51.0,-35.0,-38.0,-60.0,-70.0,-54.0,-55.0,-45.0,-55.0
146,0.243333,10405.0,-6.0,6.0,-31.0,-19.0,-24.0,-21.0,-32.0,-36.0,-9.0,-15.0,-31.0,-43.0,-24.0,-19.0,-17.0,-28.0
147,0.245,10401.0,8.0,19.0,-17.0,-9.0,-9.0,-7.0,-19.0,-22.0,3.0,-5.0,-22.0,-26.0,-10.0,-6.0,-3.0,-16.0
148,0.246667,10404.0,13.0,20.0,-16.0,-5.0,-9.0,-5.0,-18.0,-21.0,3.0,0.0,-19.0,-26.0,-8.0,-2.0,-6.0,-17.0
149,0.248333,10406.0,10.0,23.0,-17.0,-6.0,-8.0,-5.0,-18.0,-19.0,6.0,1.0,-19.0,-23.0,-10.0,-6.0,-2.0,-14.0
150,0.25,10408.0,-22.0,-13.0,-50.0,-36.0,-45.0,-42.0,-51.0,-56.0,-36.0,-41.0,-59.0,-74.0,-54.0,-49.0,-46.0,-60.0
151,0.251667,10405.0,-5.0,7.0,-32.0,-20.0,-22.0,-22.0,-32.0,-33.0,-10.0,-18.0,-32.0,-40.0,-23.0,-20.0,-14.0,-26.0
152,0.253333,10410.0,7.0,14.0,-18.0,-6.0,-13.0,-9.0,-18.0,-26.0,-1.0,-1.0,-19.0,-29.0,-12.0,-5.0,-9.0,-18.0
153,0.255,10413.0,10.0,23.0,-15.0,-3.0,-6.0,-5.0,-19.0,-17.0,4.0,0.0,-18.0,-22.0,-13.0,-7.0,-1.0,-14.0
154,0.256667,10413.0,9.0,20.0,-15.0,-1.0,-13.0,-4.0,-16.0,-21.0,4.0,1.0,-19.0,-29.0,-6.0,-4.0,-2.0,-16.0
155,0.258333,10434.0,-20.0,-9.0,-49.0,-40.0,-43.0,-41.0,-53.0,-56.0,-33.0,-47.0,-60.0,-70.0,-53.0,-48.0,-43.0,-56.0
156,0.26,10405.0,-6.0,5.0,-31.0,-19.0,-23.0,-21.0,-30.0,-35.0,-9.0,-16.0,-33.0,-41.0,-22.0,-17.0,-22.0,-26.0
157,0.261667,10403.0,6.0,18.0,-17.0,-4.0,-10.0,-8.0,-23.0,-21.0,5.0,-2.0,-18.0,-26.0,-16.0,-6.0,-5.0,-15.0
158,0.263333,10404.0,8.0,14.0,-14.0,-4.0,-13.0,-6.0,-18.0,-21.0,4.0,0.0,-20.0,-26.0,-9.0,-3.0,-4.0,-14.0
159,0.265,10403.0,6.0,14.0,-17.0,-3.0,-8.0,-6.0,-20.0,-22.0,1.0,-9.0,-17.0,-24.0,-12.0,-3.0,0.0,-19.0
160,0.266667,10398.0,-24.0,-17.0,-48.0,-35.0,-44.0,-42.0,-48.0,-56.0,-36.0,-43.0,-58.0,-68.0,-54.0,-46.0,-49.0,-56.0
161,0.268333,10405.0,-10.0,-2.0,-31.0,-17.0,-23.0,-21.0,-31.0,-35.0,-9.0,-17.0,-32.0,-36.0,-31.0,-17.0,-18.0,-30.0
162,0.27,10401.0,7.0,19.0,-15.0,-3.0,-10.0,-9.0,-18.0,-22.0,7.0,1.0,-28.0,-28.0,-15.0,-6.0,-6.0,-17.0
163,0.271667,10388.0,8.0,20.0,-14.0,0.0,-9.0,-5.0,-18.0,-19.0,4.0,0.0,-19.0,-26.0,-10.0,-3.0,0.0,-24.0
164,0.273333,10401.0,5.0,20.0,-15.0,-2.0,-9.0,-2.0,-19.0,-19.0,8.0,3.0,-22.0,-28.0,-5.0,-7.0,0.0,-17.0
165,0.275,10402.0,-23.0,-14.0,-47.0,-35.0,-44.0,-43.0,-50.0,-56.0,-35.0,-35.0,-60.0,-72.0,-55.0,-48.0,-43.0,-60.0
166,0.276667,10401.0,-7.0,9.0,-27.0,-22.0,-24.0,-22.0,-33.0,-36.0,-6.0,-10.0,-38.0,-44.0,-23.0,-18.0,-13.0,-26.0
167,0.278333,10400.0,10.0,21.0,-16.0,-8.0,-12.0,-8.0,-18.0,-20.0,0.0,-1.0,-22.0,-35.0,-9.0,-4.0,-5.0,-19.0
168,0.28,10389.0,9.0,28.0,-15.0,-5.0,-8.0,-5.0,-21.0,-19.0,8.0,4.0,-24.0,-33.0,-7.0,-10.0,-3.0,-14.0
169,0.281667,10424.0,7.0,22.0,-17.0,-6.0,-10.0,-6.0,-17.0,-21.0,7.0,6.0,-18.0,-37.0,-8.0,-5.0,-4.0,-16.0
170,0.283333,10388.0,-31.0,-15.0,-53.0,-51.0,-43.0,-41.0,-54.0,-56.0,-40.0,-47.0,-69.0,-78.0,-51.0,-48.0,-44.0,-54.0
171,0.285,10405.0,-18.0,-7.0,-40.0,-31.0,-26.0,-20.0,-29.0,-35.0,-22.0,-20.0,-37.0,-51.0,-26.0,-16.0,-19.0,-26.0
172,0.286667,10410.0,-6.0,6.0,-26.0,-17.0,-14.0,-8.0,-23.0,-26.0,-7.0,-9.0,-23.0,-37.0,-15.0,-8.0,-5.0,-17.0
173,0.288333,10401.0,-8.0,4.0,-30.0,-15.0,-14.0,-9.0,-15.0,-16.0,-7.0,-9.0,-18.0,-42.0,-10.0,-4.0,-2.0,-16.0
174,0.29,10417.0,-15.0,-6.0,-32.0,-18.0,-9.0,-3.0,-19.0,-22.0,-10.0,-19.0,-20.0,-34.0,-9.0,-3.0,-1.0,-16.0
175,0.291667,10410.0,-57.0,-51.0,-68.0,-48.0,-46.0,-42.0,-49.0,-57.0,-61.0,-61.0,-61.0,-74.0,-55.0,-46.0,-47.0,-61.0
176,0.293333,10403.0,-46.0,-37.0,-51.0,-30.0,-28.0,-19.0,-32.0,-38.0,-37.0,-35.0,-31.0,-41.0,-28.0,-20.0,-14.0,-28.0
177,0.295,10402.0,-31.0,-30.0,-36.0,-12.0,-15.0,-4.0,-16.0,-23.0,-23.0,-24.0,-16.0,-34.0,-14.0,-4.0,-1.0,-17.0
178,0.296667,10397.0,-32.0,-29.0,-34.0,-7.0,-14.0,-3.0,-13.0,-24.0,-19.0,-30.0,-9.0,-24.0,-12.0,-3.0,0.0,-17.0
179,0.298333,10419.0,-34.0,-31.0,-32.0,-2.0,-12.0,-4.0,-15.0,-22.0,-21.0,-26.0,-10.0,-21.0,-10.0,-1.0,-6.0,-17.0
180,0.3,10405.0,-65.0,-64.0,-59.0,-32.0,-44.0,-40.0,-51.0,-58.0,-58.0,-67.0,-49.0,-58.0,-59.0,-48.0,-43.0,-59.0
181,0.301667,10406.0,-45.0,-46.0,-38.0,-7.0,-28.0,-16.0,-31.0,-37.0,-28.0,-36.0,-26.0,-30.0,-23.0,-18.0,-17.0,-30.0
182,0.303333,10398.0,-30.0,-34.0,-24.0,8.0,-15.0,-4.0,-15.0,-28.0,-12.0,-27.0,-8.0,-10.0,-13.0,-5.0,-2.0,-20.0
183,0.305,10411.0,-27.0,-30.0,-15.0,15.0,-10.0,-1.0,-14.0,-27.0,-6.0,-18.0,-5.0,-9.0,-9.0,-3.0,-7.0,-15.0
184,0.306667,10422.0,-22.0,-28.0,-13.0,14.0,-9.0,-3.0,-13.0,-22.0,-4.0,-18.0,-2.0,-5.0,-15.0,-2.0,-2.0,-15.0
185,0.308333,10410.0,-53.0,-56.0,-43.0,-17.0,-48.0,-37.0,-50.0,-59.0,-43.0,-57.0,-51.0,-51.0,-55.0,-47.0,-45.0,-59.0
186,0.31,10406.0,-38.0,-43.0,-32.0,0.0,-27.0,-19.0,-31.0,-32.0,-20.0,-34.0,-19.0,-20.0,-26.0,-18.0,-13.0,-32.0
187,0.311667,10409.0,-26.0,-28.0,-15.0,12.0,-13.0,-2.0,-19.0,-30.0,-5.0,-15.0,-6.0,-9.0,-8.0,-8.0,-6.0,-17.0
188,0.313333,10409.0,-21.0,-29.0,-14.0,12.0,-13.0,-6.0,-15.0,-24.0,-2.0,-16.0,-4.0,-7.0,-13.0,-3.0,-2.0,-16.0
189,0.315,10424.0,-20.0,-24.0,-12.0,12.0,-13.0,-2.0,-15.0,-26.0,-2.0,-14.0,-10.0,-7.0,-7.0,-2.0,-2.0,-13.0
190,0.316667,10404.0,-51.0,-53.0,-50.0,-22.0,-44.0,-40.0,-48.0,-54.0,-46.0,-59.0,-48.0,-51.0,-51.0,-45.0,-44.0,-63.0
191,0.318333,10409.0,-35.0,-35.0,-30.0,-6.0,-27.0,-18.0,-32.0,-36.0,-17.0,-28.0,-22.0,-24.0,-21.0,-21.0,-17.0,-26.0
192,0.32,10405.0,-18.0,-19.0,-17.0,6.0,-13.0,-6.0,-17.0,-22.0,-1.0,-17.0,-7.0,-16.0,-13.0,-3.0,-5.0,-19.0
193,0.321667,10402.0,-13.0,-12.0,-12.0,5.0,-9.0,-2.0,-16.0,-22.0,3.0,-12.0,-10.0,-12.0,-10.0,-3.0,-7.0,-14.0
194,0.323333,10398.0,-8.0,-12.0,-13.0,10.0,-10.0,-3.0,-16.0,-21.0,0.0,-8.0,-7.0,-10.0,-8.0,-2.0,-5.0,-21.0
195,0.325,10398.0,-40.0,-41.0,-43.0,-22.0,-46.0,-38.0,-50.0,-59.0,-31.0,-46.0,-51.0,-54.0,-53.0,-55.0,-48.0,-61.0
196,0.326667,10409.0,-21.0,-20.0,-26.0,-2.0,-26.0,-20.0,-31.0,-34.0,-4.0,-17.0,-22.0,-31.0,-24.0,-17.0,-15.0,-30.0
197,0.328333,10400.0,-7.0,-5.0,-9.0,8.0,-12.0,-6.0,-20.0,-23.0,11.0,-6.0,-15.0,-14.0,-9.0,-6.0,-1.0,-16.0
198,0.33,10416.0,0.0,-3.0,-5.0,15.0,-7.0,-2.0,-21.0,-24.0,13.0,0.0,-10.0,-12.0,-8.0,-2.0,-4.0,-18.0
199,0.331667,10414.0,0.0,-1.0,-2.0,17.0,-9.0,-3.0,-20.0,-22.0,18.0,1.0,-8.0,-7.0,-9.0,-8.0,-3.0,-16.0
200,0.333333,10410.0,-32.0,-33.0,-34.0,-13.0,-47.0,-40.0,-54.0,-60.0,-20.0,-37.0,-54.0,-59.0,-51.0,-49.0,-45.0,-57.0
201,0.335,10403.0,-15.0,-14.0,-20.0,3.0,-24.0,-20.0,-31.0,-34.0,6.0,-18.0,-27.0,-23.0,-22.0,-19.0,-16.0,-26.0
202,0.336667,10414.0,-2.0,-4.0,-3.0,20.0,-10.0,-6.0,-18.0,-24.0,19.0,0.0,-9.0,-13.0,-8.0,-5.0,-9.0,-13.0
203,0.338333,10391.0,1.0,3.0,0.0,21.0,-5.0,-2.0,-17.0,-21.0,22.0,5.0,-7.0,-4.0,-10.0,-4.0,-6.0,-13.0
204,0.34,10395.0,3.0,1.0,3.0,23.0,-13.0,-3.0,-18.0,-23.0,23.0,4.0,-13.0,-10.0,-8.0,-3.0,-5.0,-15.0
205,0.341667,10399.0,-27.0,-32.0,-33.0,-10.0,-45.0,-38.0,-50.0,-58.0,-13.0,-42.0,-51.0,-50.0,-53.0,-49.0,-47.0,-59.0
206,0.343333,10404.0,-14.0,-15.0,-14.0,10.0,-27.0,-18.0,-29.0,-41.0,12.0,-9.0,-26.0,-21.0,-21.0,-20.0,-22.0,-27.0
207,0.345,10406.0,0.0,0.0,1.0,22.0,-10.0,-7.0,-19.0,-26.0,25.0,4.0,-10.0,-7.0,-15.0,-7.0,-5.0,-18.0
208,0.346667,10406.0,4.0,5.0,5.0,25.0,-10.0,-5.0,-15.0,-23.0,28.0,13.0,-17.0,-7.0,-9.0,-3.0,-5.0,-15.0
209,0.348333,10409.0,7.0,4.0,3.0,26.0,-8.0,-2.0,-17.0,-22.0,28.0,10.0,-9.0,-5.0,-8.0,-5.0,-1.0,-20.0
210,0.35,10404.0,-28.0,-28.0,-26.0,-5.0,-44.0,-37.0,-54.0,-59.0,-7.0,-28.0,-54.0,-47.0,-51.0,-51.0,-47.0,-60.0
211,0.351667,10404.0,-8.0,-12.0,-6.0,14.0,-24.0,-20.0,-32.0,-37.0,20.0,-3.0,-24.0,-22.0,-27.0,-20.0,-16.0,-29.0
212,0.353333,10408.0,6.0,3.0,6.0,24.0,-13.0,-6.0,-17.0,-26.0,35.0,11.0,-20.0,-7.0,-7.0,-8.0,-6.0,-16.0
213,0.355,10371.0,11.0,5.0,9.0,32.0,-8.0,-3.0,-16.0,-22.0,34.0,15.0,-12.0,-6.0,-7.0,-5.0,-4.0,-18.0
214,0.356667,10434.0,6.0,6.0,11.0,34.0,-7.0,-2.0,-19.0,-18.0,37.0,15.0,-10.0,-4.0,-2.0,-10.0,-5.0,-15.0
215,0.358333,10399.0,-21.0,-28.0,-21.0,0.0,-43.0,-40.0,-53.0,-58.0,0.0,-29.0,-48.0,-49.0,-50.0,-49.0,-47.0,-60.0
216,0.36,10402.0,-8.0,-10.0,-1.0,17.0,-23.0,-20.0,-32.0,-36.0,27.0,-2.0,-26.0,-17.0,-21.0,-19.0,-17.0,-27.0
217,0.361667,10409.0,6.0,-5.0,13.0,36.0,-13.0,-4.0,-20.0,-28.0,37.0,13.0,-9.0,-4.0,-7.0,-5.0,-8.0,-15.0
218,0.363333,10420.0,8.0,-1.0,15.0,39.0,-10.0,-3.0,-21.0,-23.0,43.0,17.0,-8.0,0.0,-7.0,-10.0,-3.0,-12.0
219,0.365,10436.0,6.0,-2.0,17.0,42.0,-12.0,-5.0,-17.0,-22.0,43.0,19.0,-6.0,-6.0,-7.0,-5.0,-3.0,-16.0
220,0.366667,10404.0,-28.0,-33.0,-18.0,5.0,-42.0,-38.0,-53.0,-56.0,4.0,-32.0,-48.0,-40.0,-49.0,-49.0,-48.0,-59.0
221,0.368333,10402.0,-10.0,-26.0,3.0,26.0,-24.0,-17.0,-32.0,-40.0,24.0,1.0,-19.0,-13.0,-19.0,-19.0,-22.0,-27.0
222,0.37,10400.0,-1.0,-8.0,18.0,40.0,-8.0,-5.0,-26.0,-24.0,41.0,11.0,-8.0,3.0,-12.0,-7.0,-6.0,-17.0
223,0.371667,10388.0,0.0,-8.0,19.0,46.0,-13.0,-2.0,-16.0,-23.0,45.0,13.0,-3.0,0.0,-5.0,-3.0,-5.0,-16.0
224,0.373333,10408.0,1.0,-7.0,20.0,45.0,-9.0,-2.0,-18.0,-23.0,48.0,7.0,-3.0,6.0,-7.0,-4.0,-4.0,-15.0
225,0.375,10398.0,-28.0,-45.0,-15.0,11.0,-45.0,-41.0,-49.0,-57.0,1.0,-27.0,-45.0,-37.0,-50.0,-49.0,-54.0,-62.0
226,0.376667,10400.0,-15.0,-24.0,1.0,28.0,-23.0,-17.0,-35.0,-37.0,29.0,-2.0,-17.0,-6.0,-27.0,-19.0,-19.0,-28.0
227,0.378333,10405.0,0.0,-12.0,15.0,42.0,-14.0,-2.0,-20.0,-23.0,42.0,12.0,-6.0,1.0,-7.0,-5.0,-6.0,-17.0
228,0.38,10398.0,0.0,-10.0,18.0,46.0,-9.0,-2.0,-17.0,-26.0,43.0,7.0,-4.0,5.0,-7.0,-4.0,-3.0,-19.0
229,0.381667,10415.0,-2.0,-12.0,19.0,43.0,-7.0,-2.0,-14.0,-26.0,43.0,15.0,-2.0,6.0,-5.0,-6.0,-6.0,-18.0
230,0.383333,10397.0,-31.0,-44.0,-15.0,9.0,-45.0,-37.0,-50.0,-60.0,5.0,-27.0,-46.0,-34.0,-57.0,-50.0,-46.0,-58.0
231,0.385,10405.0,-15.0,-27.0,3.0,29.0,-26.0,-18.0,-30.0,-36.0,27.0,1.0,-21.0,-8.0,-20.0,-20.0,-18.0,-28.0
232,0.386667,10404.0,-3.0,-16.0,14.0,43.0,-12.0,-4.0,-19.0,-24.0,40.0,10.0,-5.0,4.0,-7.0,-7.0,-2.0,-20.0
233,0.388333,10389.0,-4.0,-14.0,18.0,46.0,-7.0,-2.0,-18.0,-24.0,45.0,14.0,-3.0,5.0,-2.0,-6.0,-5.0,-12.0
234,0.39,10424.0,0.0,-17.0,20.0,48.0,-7.0,-4.0,-16.0,-27.0,47.0,13.0,0.0,7.0,-10.0,-4.0,-2.0,-14.0
235,0.391667,10403.0,-34.0,-49.0,-13.0,9.0,-43.0,-38.0,-50.0,-58.0,4.0,-28.0,-49.0,-36.0,-48.0,-48.0,-47.0,-55.0
236,0.393333,10406.0,-18.0,-34.0,1.0,29.0,-24.0,-18.0,-31.0,-37.0,26.0,-2.0,-16.0,-6.0,-21.0,-19.0,-19.0,-34.0
237,0.395,10402.0,-9.0,-18.0,15.0,43.0,-9.0,-4.0,-21.0,-26.0,42.0,8.0,-2.0,8.0,-8.0,-9.0,-9.0,-16.0
238,0.396667,10401.0,-6.0,-19.0,19.0,48.0,-9.0,-6.0,-15.0,-21.0,46.0,8.0,0.0,8.0,-10.0,-4.0,-6.0,-16.0
239,0.398333,10428.0,-4.0,-18.0,22.0,45.0,-8.0,0.0,-18.0,-26.0,46.0,10.0,-3.0,10.0,-7.0,-4.0,-6.0,-13.0
240,0.4,10394.0,-34.0,-58.0,-13.0,13.0,-45.0,-36.0,-51.0,-56.0,0.0,-30.0,-42.0,-31.0,-53.0,-48.0,-48.0,-64.0
241,0.401667,10408.0,-24.0,-38.0,6.0,33.0,-23.0,-17.0,-33.0,-41.0,27.0,0.0,-15.0,0.0,-23.0,-24.0,-15.0,-29.0
242,0.403333,10409.0,-8.0,-23.0,19.0,46.0,-12.0,-5.0,-16.0,-23.0,40.0,9.0,0.0,5.0,-9.0,-8.0,-4.0,-19.0
243,0.405,10405.0,-4.0,-18.0,21.0,46.0,-8.0,-1.0,-15.0,-21.0,46.0,12.0,-2.0,14.0,-6.0,-7.0,-4.0,-13.0
244,0.406667,10401.0,-5.0,-22.0,22.0,48.0,-7.0,-1.0,-16.0,-22.0,40.0,13.0,1.0,12.0,-5.0,-4.0,-8.0,-17.0
245,0.408333,10402.0,-40.0,-55.0,-9.0,13.0,-46.0,-37.0,-54.0,-58.0,1.0,-31.0,-40.0,-29.0,-48.0,-54.0,-47.0,-59.0
246,0.41,10410.0,-22.0,-38.0,4.0,32.0,-27.0,-18.0,-32.0,-38.0,28.0,-3.0,-9.0,-6.0,-19.0,-19.0,-18.0,-28.0
247,0.411667,10397.0,-9.0,-26.0,19.0,42.0,-14.0,-4.0,-17.0,-28.0,43.0,5.0,0.0,12.0,-7.0,-8.0,-4.0,-14.0
248,0.413333,10406.0,-6.0,-26.0,21.0,47.0,-9.0,-2.0,-17.0,-24.0,40.0,10.0,4.0,13.0,-5.0,-4.0,-12.0,-10.0
249,0.415,10413.0,-8.0,-23.0,18.0,47.0,-9.0,-3.0,-19.0,-23.0,45.0,6.0,4.0,17.0,-8.0,-4.0,-4.0,-14.0
250,0.416667,10404.0,-40.0,-56.0,-14.0,13.0,-44.0,-36.0,-53.0,-57.0,1.0,-32.0,-38.0,-33.0,-49.0,-47.0,-48.0,-56.0
251,0.418333,10400.0,-23.0,-38.0,1.0,32.0,-24.0,-14.0,-31.0,-36.0,27.0,-14.0,-13.0,1.0,-21.0,-17.0,-16.0,-31.0
252,0.42,10409.0,-9.0,-27.0,19.0,46.0,-13.0,-4.0,-16.0,-32.0,38.0,6.0,0.0,13.0,-8.0,-5.0,-13.0,-18.0
253,0.421667,10422.0,-8.0,-23.0,21.0,46.0,-9.0,-4.0,-15.0,-19.0,45.0,8.0,3.0,18.0,-12.0,-3.0,-5.0,-18.0
254,0.423333,10398.0,-6.0,-22.0,20.0,46.0,-13.0,-3.0,-15.0,-23.0,42.0,13.0,-1.0,10.0,-8.0,-2.0,-3.0,-15.0
255,0.425,10406.0,-40.0,-53.0,-16.0,11.0,-43.0,-38.0,-50.0,-56.0,1.0,-34.0,-40.0,-28.0,-50.0,-49.0,-45.0,-63.0
256,0.426667,10406.0,-23.0,-41.0,4.0,29.0,-28.0,-17.0,-31.0,-40.0,26.0,-4.0,-13.0,0.0,-20.0,-22.0,-21.0,-33.0
257,0.428333,10409.0,-8.0,-27.0,18.0,43.0,-10.0,-5.0,-20.0,-28.0,40.0,8.0,1.0,14.0,-12.0,-6.0,-5.0,-16.0
258,0.43,10386.0,-7.0,-22.0,21.0,45.0,-12.0,-3.0,-13.0,-26.0,42.0,13.0,-4.0,13.0,-6.0,-4.0,-5.0,-16.0
259,0.431667,10405.0,-9.0,-21.0,19.0,45.0,-9.0,-3.0,-16.0,-21.0,40.0,7.0,1.0,14.0,-5.0,-4.0,-1.0,-19.0
260,0.433333,10391.0,-40.0,-54.0,-16.0,9.0,-43.0,-40.0,-48.0,-59.0,0.0,-36.0,-38.0,-29.0,-48.0,-53.0,-49.0,-57.0
261,0.435,10406.0,-24.0,-40.0,0.0,28.0,-23.0,-19.0,-33.0,-36.0,23.0,-9.0,-9.0,-2.0,-23.0,-17.0,-17.0,-28.0
262,0.436667,10402.0,-10.0,-23.0,17.0,38.0,-10.0,-5.0,-19.0,-26.0,36.0,4.0,-3.0,12.0,-6.0,-6.0,-7.0,-16.0
263,0.438333,10405.0,-8.0,-24.0,18.0,41.0,-8.0,-3.0,-17.0,-24.0,36.0,6.0,1.0,14.0,-7.0,-3.0,-4.0,-19.0
264,0.44,10401.0,-9.0,-22.0,18.0,42.0,-8.0,-2.0,-15.0,-26.0,39.0,7.0,3.0,13.0,-6.0,-7.0,-5.0,-13.0
265,0.441667,10402.0,-40.0,-53.0,-14.0,8.0,-45.0,-41.0,-53.0,-60.0,-4.0,-37.0,-37.0,-31.0,-53.0,-48.0,-46.0,-60.0
266,0.443333,10411.0,-24.0,-35.0,0.0,23.0,-23.0,-18.0,-29.0,-34.0,23.0,-7.0,-17.0,-1.0,-21.0,-19.0,-17.0,-27.0
267,0.445,10406.0,-8.0,-26.0,13.0,37.0,-10.0,-5.0,-18.0,-24.0,29.0,3.0,0.0,11.0,-8.0,-5.0,-6.0,-17.0
268,0.446667,10429.0,-8.0,-20.0,17.0,41.0,-9.0,-2.0,-19.0,-24.0,35.0,6.0,3.0,14.0,-4.0,-10.0,-5.0,-15.0
269,0.448333,10404.0,-9.0,-21.0,15.0,41.0,-10.0,-4.0,-16.0,-24.0,36.0,5.0,4.0,8.0,-5.0,-4.0,-5.0,-16.0
270,0.45,10402.0,-40.0,-53.0,-15.0,3.0,-45.0,-40.0,-53.0,-60.0,-2.0,-38.0,-43.0,-30.0,-50.0,-50.0,-46.0,-57.0
271,0.451667,10399.0,-23.0,-42.0,0.0,25.0,-26.0,-18.0,-28.0,-37.0,15.0,-10.0,-12.0,-1.0,-21.0,-16.0,-22.0,-34.0
272,0.453333,10405.0,-13.0,-23.0,13.0,37.0,-9.0,-4.0,-23.0,-22.0,35.0,1.0,0.0,12.0,-9.0,-10.0,-6.0,-17.0
273,0.455,10410.0,-6.0,-22.0,18.0,39.0,-13.0,-3.0,-16.0,-22.0,35.0,6.0,1.0,7.0,-6.0,-6.0,-4.0,-14.0
274,0.456667,10392.0,-7.0,-19.0,15.0,38.0,-9.0,-2.0,-16.0,-23.0,36.0,0.0,1.0,13.0,-6.0,-4.0,-4.0,-14.0
275,0.458333,10406.0,-41.0,-58.0,-20.0,5.0,-47.0,-38.0,-45.0,-58.0,-8.0,-38.0,-41.0,-31.0,-49.0,-48.0,-50.0,-58.0
276,0.46,10402.0,-27.0,-37.0,0.0,23.0,-24.0,-17.0,-33.0,-37.0,18.0,-12.0,-13.0,1.0,-27.0,-20.0,-17.0,-29.0
277,0.461667,10401.0,-12.0,-26.0,11.0,36.0,-14.0,-6.0,-16.0,-24.0,31.0,1.0,0.0,8.0,-10.0,-5.0,-4.0,-18.0
278,0.463333,10406.0,-12.0,-20.0,13.0,38.0,-8.0,-4.0,-18.0,-24.0,32.0,-1.0,0.0,13.0,-8.0,-5.0,-1.0,-15.0
279,0.465,10420.0,-10.0,-23.0,13.0,38.0,-9.0,-1.0,-15.0,-23.0,32.0,3.0,3.0,11.0,-5.0,-4.0,-7.0,-12.0
280,0.466667,10406.0,-43.0,-58.0,-16.0,4.0,-44.0,-38.0,-51.0,-58.0,-9.0,-42.0,-36.0,-28.0,-57.0,-49.0,-46.0,-58.0
281,0.468333,10404.0,-28.0,-40.0,0.0,22.0,-26.0,-18.0,-28.0,-36.0,17.0,-10.0,-14.0,-3.0,-22.0,-18.0,-18.0,-27.0
282,0.47,10406.0,-13.0,-26.0,8.0,36.0,-13.0,-5.0,-17.0,-24.0,26.0,-7.0,0.0,12.0,-12.0,-4.0,-4.0,-22.0
283,0.471667,10392.0,-14.0,-20.0,13.0,37.0,-8.0,-2.0,-16.0,-24.0,28.0,-2.0,3.0,14.0,-5.0,-5.0,-7.0,-16.0
284,0.473333,10408.0,-9.0,-23.0,14.0,39.0,-6.0,-3.0,-15.0,-23.0,29.0,-2.0,6.0,15.0,-14.0,-4.0,-4.0,-16.0
285,0.475,10406.0,-44.0,-55.0,-18.0,0.0,-45.0,-36.0,-51.0,-57.0,-12.0,-38.0,-45.0,-28.0,-51.0,-45.0,-48.0,-59.0
286,0.476667,10402.0,-28.0,-42.0,-3.0,21.0,-27.0,-18.0,-31.0,-38.0,9.0,-19.0,-10.0,-2.0,-22.0,-18.0,-15.0,-38.0
287,0.478333,10402.0,-17.0,-28.0,10.0,35.0,-14.0,-5.0,-17.0,-28.0,25.0,-2.0,1.0,12.0,-8.0,-8.0,-6.0,-18.0
288,0.48,10418.0,-13.0,-27.0,12.0,36.0,-10.0,-5.0,-14.0,-21.0,26.0,-1.0,6.0,12.0,-10.0,-5.0,-3.0,-17.0
289,0.481667,10367.0,-13.0,-23.0,13.0,33.0,-8.0,-3.0,-17.0,-24.0,26.0,0.0,-3.0,15.0,-5.0,-2.0,-3.0,-15.0
290,0.483333,10408.0,-44.0,-58.0,-21.0,3.0,-45.0,-38.0,-50.0,-54.0,-17.0,-45.0,-40.0,-28.0,-51.0,-49.0,-46.0,-62.0
291,0.485,10404.0,-30.0,-41.0,-3.0,21.0,-24.0,-16.0,-33.0,-41.0,11.0,-16.0,-9.0,0.0,-18.0,-22.0,-17.0,-28.0
292,0.486667,10402.0,-16.0,-28.0,10.0,35.0,-13.0,-8.0,-18.0,-24.0,23.0,-5.0,4.0,9.0,-9.0,-6.0,-5.0,-18.0
293,0.488333,10410.0,-13.0,-27.0,12.0,34.0,-9.0,-1.0,-16.0,-23.0,25.0,-5.0,3.0,13.0,-6.0,-3.0,-2.0,-8.0
294,0.49,10370.0,-12.0,-24.0,12.0,35.0,-8.0,-4.0,-16.0,-20.0,20.0,-4.0,6.0,14.0,-6.0,-2.0,-6.0,-15.0
295,0.491667,10408.0,-46.0,-57.0,-20.0,0.0,-44.0,-35.0,-53.0,-57.0,-16.0,-48.0,-37.0,-28.0,-53.0,-53.0,-47.0,-57.0
296,0.493333,10410.0,-30.0,-41.0,-3.0,20.0,-28.0,-19.0,-33.0,-35.0,7.0,-21.0,-9.0,-4.0,-22.0,-18.0,-17.0,-29.0
297,0.495,10411.0,-17.0,-30.0,8.0,32.0,-12.0,-3.0,-19.0,-27.0,23.0,-14.0,0.0,13.0,-10.0,-5.0,-5.0,-17.0
298,0.496667,10413.0,-15.0,-30.0,9.0,35.0,-10.0,-3.0,-14.0,-26.0,18.0,-6.0,6.0,14.0,-7.0,-2.0,-8.0,-17.0
299,0.498333,10412.0,-17.0,-30.0,11.0,34.0,-10.0,-1.0,-16.0,-24.0,21.0,-6.0,4.0,18.0,-7.0,-4.0,-3.0,-16.0
300,0.5,10401.0,-46.0,-57.0,-22.0,1.0,-45.0,-37.0,-50.0,-57.0,-19.0,-48.0,-35.0,-32.0,-53.0,-48.0,-46.0,-61.0
301,0.501667,10414.0,-34.0,-43.0,-4.0,18.0,-27.0,-18.0,-29.0,-35.0,6.0,-24.0,-13.0,1.0,-21.0,-19.0,-15.0,-34.0
302,0.503333,10405.0,-17.0,-32.0,7.0,32.0,-12.0,-4.0,-18.0,-27.0,15.0,-8.0,1.0,13.0,-8.0,-5.0,-8.0,-19.0
303,0.505,10385.0,-15.0,-30.0,10.0,33.0,-8.0,-1.0,-17.0,-23.0,19.0,-7.0,4.0,19.0,-12.0,-2.0,-4.0,-16.0
304,0.506667,10431.0,-15.0,-27.0,10.0,33.0,-13.0,-1.0,-14.0,-27.0,19.0,-7.0,4.0,14.0,-5.0,-1.0,-3.0,-16.0
305,0.508333,10410.0,-47.0,-59.0,-27.0,-1.0,-45.0,-41.0,-50.0,-54.0,-22.0,-56.0,-36.0,-29.0,-51.0,-47.0,-45.0,-61.0
306,0.51,10404.0,-36.0,-42.0,-7.0,15.0,-28.0,-18.0,-30.0,-40.0,3.0,-26.0,-7.0,0.0,-21.0,-17.0,-20.0,-30.0
307,0.511667,10409.0,-20.0,-29.0,6.0,28.0,-10.0,-7.0,-19.0,-23.0,14.0,-13.0,3.0,14.0,-14.0,-4.0,-3.0,-18.0
308,0.513333,10415.0,-17.0,-30.0,9.0,32.0,-12.0,-3.0,-15.0,-23.0,18.0,-8.0,-1.0,15.0,-5.0,-1.0,-3.0,-15.0
309,0.515,10395.0,-18.0,-31.0,5.0,32.0,-10.0,-3.0,-15.0,-22.0,15.0,-14.0,7.0,15.0,-8.0,-2.0,0.0,-18.0
310,0.516667,10409.0,-51.0,-62.0,-23.0,-3.0,-47.0,-37.0,-48.0,-62.0,-26.0,-51.0,-37.0,-27.0,-50.0,-51.0,-49.0,-59.0
311,0.518333,10398.0,-35.0,-44.0,-8.0,18.0,-22.0,-23.0,-31.0,-35.0,-1.0,-28.0,-5.0,0.0,-24.0,-17.0,-17.0,-31.0
312,0.52,10403.0,-20.0,-32.0,5.0,26.0,-10.0,-5.0,-18.0,-26.0,11.0,-8.0,-2.0,13.0,-12.0,-3.0,-6.0,-16.0
313,0.521667,10394.0,-18.0,-30.0,5.0,29.0,-10.0,-1.0,-17.0,-21.0,9.0,-14.0,4.0,15.0,-8.0,-3.0,-2.0,-22.0
314,0.523333,10432.0,-21.0,-30.0,7.0,32.0,-8.0,-1.0,-18.0,-23.0,12.0,-13.0,5.0,14.0,-4.0,-6.0,-2.0,-17.0
315,0.525,10396.0,-53.0,-62.0,-26.0,-3.0,-45.0,-38.0,-50.0,-59.0,-28.0,-56.0,-33.0,-31.0,-57.0,-48.0,-45.0,-59.0
316,0.526667,10408.0,-36.0,-48.0,-8.0,11.0,-27.0,-19.0,-31.0,-34.0,-2.0,-28.0,-14.0,0.0,-22.0,-18.0,-18.0,-28.0
317,0.528333,10402.0,-21.0,-34.0,3.0,26.0,-12.0,-7.0,-18.0,-26.0,6.0,-16.0,4.0,11.0,-10.0,-4.0,-5.0,-22.0
318,0.53,10434.0,-22.0,-32.0,1.0,28.0,-8.0,-4.0,-18.0,-22.0,10.0,-16.0,5.0,14.0,-6.0,-7.0,-3.0,-15.0
319,0.531667,10401.0,-21.0,-30.0,6.0,28.0,-13.0,-2.0,-19.0,-24.0,9.0,-15.0,7.0,11.0,-9.0,-2.0,-3.0,-17.0
320,0.533333,10414.0,-53.0,-63.0,-28.0,-6.0,-45.0,-38.0,-51.0,-58.0,-28.0,-59.0,-38.0,-30.0,-53.0,-47.0,-46.0,-58.0
321,0.535,10401.0,-35.0,-50.0,-10.0,11.0,-24.0,-16.0,-27.0,-40.0,-9.0,-31.0,-8.0,-1.0,-23.0,-15.0,-18.0,-31.0
322,0.536667,10398.0,-24.0,-34.0,3.0,25.0,-12.0,-4.0,-21.0,-24.0,6.0,-17.0,6.0,12.0,-12.0,-12.0,-3.0,-18.0
323,0.538333,10388.0,-21.0,-32.0,4.0,29.0,-10.0,-4.0,-14.0,-23.0,7.0,-14.0,9.0,9.0,-9.0,-3.0,-1.0,-16.0
324,0.54,10412.0,-20.0,-31.0,4.0,27.0,-10.0,-2.0,-17.0,-20.0,10.0,-17.0,6.0,12.0,-7.0,-4.0,-1.0,-14.0
325,0.541667,10406.0,-54.0,-69.0,-28.0,-6.0,-46.0,-37.0,-48.0,-59.0,-37.0,-57.0,-36.0,-30.0,-51.0,-46.0,-49.0,-60.0
326,0.543333,10425.0,-40.0,-51.0,-13.0,11.0,-24.0,-18.0,-34.0,-38.0,-6.0,-32.0,-6.0,0.0,-27.0,-19.0,-16.0,-27.0
327,0.545,10403.0,-24.0,-36.0,1.0,26.0,-15.0,-6.0,-15.0,-27.0,4.0,-17.0,6.0,7.0,-10.0,-5.0,-5.0,-16.0
328,0.546667,10405.0,-20.0,-33.0,1.0,26.0,-12.0,-2.0,-17.0,-24.0,8.0,-24.0,7.0,17.0,-8.0,-2.0,-3.0,-14.0
329,0.548333,10387.0,-22.0,-32.0,0.0,27.0,-10.0,-3.0,-14.0,-20.0,6.0,-19.0,7.0,11.0,-6.0,0.0,-9.0,-16.0
330,0.55,10405.0,-55.0,-65.0,-30.0,-5.0,-43.0,-40.0,-53.0,-58.0,-33.0,-61.0,-35.0,-28.0,-58.0,-48.0,-48.0,-58.0
331,0.551667,10406.0,-41.0,-48.0,-13.0,10.0,-30.0,-18.0,-30.0,-36.0,-8.0,-31.0,-9.0,-2.0,-23.0,-15.0,-17.0,-31.0
332,0.553333,10403.0,-24.0,-34.0,-1.0,23.0,-13.0,-4.0,-17.0,-29.0,3.0,-26.0,5.0,13.0,-10.0,-5.0,-5.0,-26.0
333,0.555,10418.0,-26.0,-35.0,1.0,26.0,-12.0,-2.0,-13.0,-24.0,3.0,-17.0,5.0,13.0,-10.0,-2.0,-5.0,-18.0
334,0.556667,10390.0,-23.0,-37.0,0.0,25.0,-8.0,-6.0,-12.0,-22.0,6.0,-19.0,6.0,15.0,-14.0,-2.0,-2.0,-19.0
335,0.558333,10383.0,-55.0,-65.0,-31.0,-10.0,-44.0,-37.0,-53.0,-56.0,-36.0,-56.0,-42.0,-31.0,-54.0,-47.0,-44.0,-62.0
336,0.56,10409.0,-42.0,-50.0,-16.0,8.0,-28.0,-17.0,-29.0,-38.0,-15.0,-37.0,-8.0,0.0,-21.0,-18.0,-14.0,-35.0
337,0.561667,10401.0,-31.0,-36.0,0.0,24.0,-13.0,-5.0,-18.0,-28.0,4.0,-20.0,3.0,12.0,-6.0,-6.0,-3.0,-18.0
338,0.563333,10392.0,-24.0,-36.0,0.0,26.0,-12.0,-4.0,-15.0,-26.0,5.0,-18.0,8.0,11.0,-13.0,-5.0,0.0,-16.0
339,0.565,10406.0,-22.0,-36.0,3.0,25.0,-13.0,-4.0,-16.0,-26.0,4.0,-17.0,0.0,14.0,-8.0,-4.0,-3.0,-12.0
340,0.566667,10412.0,-57.0,-70.0,-36.0,-7.0,-45.0,-40.0,-48.0,-56.0,-40.0,-62.0,-35.0,-30.0,-54.0,-45.0,-45.0,-62.0
341,0.568333,10398.0,-45.0,-50.0,-16.0,9.0,-24.0,-18.0,-33.0,-40.0,-13.0,-37.0,-4.0,-2.0,-21.0,-21.0,-19.0,-28.0
342,0.57,10404.0,-28.0,-37.0,-3.0,23.0,-10.0,-6.0,-18.0,-23.0,0.0,-24.0,7.0,8.0,-13.0,-3.0,-6.0,-19.0
343,0.571667,10404.0,-24.0,-38.0,4.0,24.0,-9.0,-2.0,-15.0,-27.0,1.0,-22.0,3.0,13.0,-9.0,-1.0,-5.0,-14.0
344,0.573333,10398.0,-22.0,-36.0,0.0,23.0,-8.0,-2.0,-14.0,-22.0,-4.0,-22.0,6.0,15.0,-8.0,-2.0,-4.0,-21.0
345,0.575,10398.0,-60.0,-72.0,-33.0,-10.0,-45.0,-38.0,-51.0,-60.0,-40.0,-61.0,-36.0,-29.0,-51.0,-53.0,-45.0,-62.0
346,0.576667,10406.0,-42.0,-48.0,-16.0,6.0,-26.0,-20.0,-28.0,-37.0,-16.0,-36.0,-7.0,-4.0,-23.0,-17.0,-15.0,-34.0
347,0.578333,10399.0,-28.0,-38.0,-3.0,19.0,-13.0,-5.0,-18.0,-27.0,0.0,-26.0,1.0,10.0,-9.0,-5.0,-4.0,-21.0
348,0.58,10406.0,-26.0,-37.0,-1.0,23.0,-9.0,-2.0,-19.0,-22.0,-4.0,-22.0,7.0,12.0,-7.0,0.0,-4.0,-20.0
349,0.581667,10401.0,-27.0,-43.0,-1.0,23.0,-10.0,0.0,-18.0,-24.0,0.0,-22.0,7.0,14.0,-7.0,-5.0,-1.0,-18.0
350,0.583333,10403.0,-58.0,-72.0,-33.0,-9.0,-46.0,-38.0,-48.0,-58.0,-41.0,-65.0,-33.0,-36.0,-53.0,-47.0,-44.0,-59.0
351,0.585,10411.0,-44.0,-54.0,-18.0,5.0,-24.0,-16.0,-27.0,-36.0,-13.0,-41.0,-8.0,-1.0,-23.0,-19.0,-15.0,-27.0
352,0.586667,10404.0,-29.0,-40.0,-4.0,19.0,-12.0,-6.0,-16.0,-27.0,-5.0,-28.0,5.0,9.0,-10.0,-4.0,-9.0,-19.0
353,0.588333,10397.0,-27.0,-40.0,0.0,24.0,-12.0,-2.0,-19.0,-23.0,-1.0,-24.0,8.0,14.0,-12.0,-3.0,-4.0,-14.0
354,0.59,10396.0,-26.0,-36.0,0.0,23.0,-12.0,-2.0,-16.0,-24.0,0.0,-23.0,8.0,6.0,-8.0,-1.0,-2.0,-14.0
355,0.591667,10419.0,-60.0,-70.0,-35.0,-14.0,-46.0,-38.0,-49.0,-57.0,-41.0,-72.0,-35.0,-30.0,-53.0,-47.0,-43.0,-61.0
356,0.593333,10395.0,-45.0,-59.0,-18.0,6.0,-28.0,-17.0,-28.0,-44.0,-18.0,-40.0,-6.0,-2.0,-22.0,-15.0,-19.0,-30.0
357,0.595,10402.0,-31.0,-43.0,-5.0,22.0,-12.0,-7.0,-16.0,-23.0,-2.0,-26.0,7.0,14.0,-16.0,-5.0,-5.0,-19.0
358,0.596667,10422.0,-28.0,-40.0,-3.0,22.0,-13.0,-2.0,-17.0,-24.0,-2.0,-20.0,6.0,10.0,-8.0,-2.0,-4.0,-16.0
359,0.598333,10413.0,-30.0,-37.0,-4.0,22.0,-10.0,-4.0,-18.0,-22.0,-3.0,-32.0,7.0,13.0,-8.0,-3.0,-1.0,-19.0
360,0.6,10409.0,-61.0,-75.0,-34.0,-9.0,-46.0,-37.0,-47.0,-63.0,-44.0,-67.0,-35.0,-30.0,-53.0,-47.0,-50.0,-60.0
361,0.601667,10402.0,-47.0,-57.0,-18.0,6.0,-26.0,-20.0,-29.0,-36.0,-18.0,-41.0,-5.0,0.0,-30.0,-18.0,-16.0,-31.0
362,0.603333,10404.0,-31.0,-45.0,-3.0,19.0,-16.0,-4.0,-16.0,-28.0,-4.0,-27.0,1.0,10.0,-10.0,-2.0,-7.0,-21.0
363,0.605,10412.0,-29.0,-38.0,-5.0,22.0,-9.0,-3.0,-15.0,-23.0,-4.0,-32.0,6.0,14.0,-9.0,-2.0,-1.0,-20.0
364,0.606667,10397.0,-31.0,-41.0,0.0,21.0,-12.0,-2.0,-14.0,-24.0,-3.0,-27.0,7.0,14.0,-7.0,-4.0,-5.0,-18.0
365,0.608333,10403.0,-62.0,-73.0,-36.0,-9.0,-45.0,-40.0,-50.0,-56.0,-46.0,-70.0,-33.0,-29.0,-56.0,-45.0,-45.0,-59.0
366,0.61,10404.0,-47.0,-62.0,-17.0,3.0,-28.0,-19.0,-28.0,-38.0,-20.0,-40.0,-14.0,-1.0,-26.0,-16.0,-16.0,-31.0
367,0.611667,10402.0,-34.0,-46.0,-6.0,19.0,-14.0,-3.0,-17.0,-27.0,-9.0,-29.0,7.0,12.0,-13.0,-5.0,-1.0,-26.0
368,0.613333,10417.0,-33.0,-43.0,-4.0,21.0,-12.0,-4.0,-14.0,-23.0,-5.0,-26.0,8.0,13.0,-5.0,-5.0,0.0,-17.0
369,0.615,10410.0,-31.0,-41.0,-4.0,23.0,-9.0,-5.0,-15.0,-27.0,-4.0,-23.0,9.0,11.0,-8.0,-4.0,0.0,-15.0
370,0.616667,10391.0,-64.0,-74.0,-36.0,-12.0,-46.0,-41.0,-50.0,-58.0,-44.0,-68.0,-40.0,-30.0,-53.0,-46.0,-46.0,-55.0
371,0.618333,10409.0,-45.0,-59.0,-20.0,4.0,-26.0,-18.0,-30.0,-38.0,-23.0,-43.0,-5.0,1.0,-22.0,-16.0,-16.0,-33.0
372,0.62,10408.0,-33.0,-46.0,-5.0,18.0,-13.0,-2.0,-16.0,-28.0,-7.0,-30.0,6.0,12.0,-7.0,-10.0,-4.0,-19.0
373,0.621667,10398.0,-30.0,-44.0,-3.0,22.0,-10.0,-3.0,-13.0,-26.0,-5.0,-28.0,11.0,10.0,-9.0,-1.0,-4.0,-17.0
374,0.623333,10391.0,-32.0,-43.0,-2.0,20.0,-12.0,-5.0,-14.0,-20.0,-5.0,-31.0,6.0,17.0,-8.0,-3.0,-4.0,-14.0
375,0.625,10413.0,-64.0,-79.0,-38.0,-10.0,-45.0,-38.0,-48.0,-58.0,-51.0,-73.0,-32.0,-29.0,-54.0,-43.0,-48.0,-62.0
376,0.626667,10411.0,-50.0,-60.0,-19.0,6.0,-24.0,-17.0,-33.0,-38.0,-24.0,-45.0,-6.0,0.0,-23.0,-21.0,-18.0,-31.0
377,0.628333,10406.0,-35.0,-48.0,-6.0,19.0,-15.0,-5.0,-16.0,-28.0,-8.0,-30.0,9.0,7.0,-10.0,-2.0,-2.0,-23.0
378,0.63,10411.0,-33.0,-43.0,-4.0,20.0,-15.0,-4.0,-16.0,-24.0,-3.0,-31.0,6.0,13.0,-8.0,-1.0,0.0,-17.0
379,0.631667,10413.0,-34.0,-50.0,-5.0,22.0,-13.0,-1.0,-13.0,-27.0,-9.0,-29.0,9.0,13.0,-9.0,-1.0,-2.0,-20.0
380,0.633333,10404.0,-64.0,-77.0,-38.0,-15.0,-46.0,-36.0,-51.0,-57.0,-48.0,-70.0,-35.0,-27.0,-55.0,-50.0,-42.0,-60.0
381,0.635,10409.0,-51.0,-63.0,-21.0,7.0,-28.0,-18.0,-27.0,-37.0,-23.0,-41.0,-3.0,-5.0,-22.0,-19.0,-15.0,-31.0
382,0.636667,10406.0,-35.0,-47.0,-8.0,20.0,-15.0,-2.0,-19.0,-28.0,-5.0,-36.0,6.0,10.0,-9.0,-5.0,-3.0,-20.0
383,0.638333,10381.0,-35.0,-50.0,-4.0,23.0,-13.0,-1.0,-12.0,-23.0,-9.0,-30.0,12.0,13.0,-6.0,-2.0,-7.0,-17.0
384,0.64,10418.0,-34.0,-47.0,-3.0,25.0,-10.0,-2.0,-16.0,-24.0,-8.0,-30.0,10.0,17.0,-12.0,-2.0,-1.0,-14.0
385,0.641667,10400.0,-67.0,-81.0,-37.0,-10.0,-48.0,-37.0,-49.0,-58.0,-49.0,-71.0,-33.0,-31.0,-51.0,-45.0,-46.0,-55.0
386,0.643333,10406.0,-51.0,-62.0,-22.0,7.0,-27.0,-18.0,-27.0,-36.0,-22.0,-55.0,-4.0,1.0,-26.0,-16.0,-17.0,-30.0
387,0.645,10411.0,-38.0,-50.0,-8.0,21.0,-14.0,-4.0,-17.0,-28.0,-10.0,-34.0,8.0,11.0,-9.0,-3.0,-9.0,-17.0
388,0.646667,10390.0,-35.0,-49.0,-5.0,22.0,-9.0,-3.0,-14.0,-24.0,-8.0,-31.0,12.0,19.0,-15.0,-1.0,-4.0,-17.0
389,0.648333,10386.0,-36.0,-54.0,-6.0,22.0,-13.0,-3.0,-15.0,-26.0,-6.0,-30.0,6.0,14.0,-9.0,-1.0,-4.0,-17.0
390,0.65,10405.0,-67.0,-83.0,-41.0,-9.0,-49.0,-37.0,-46.0,-59.0,-50.0,-77.0,-31.0,-26.0,-57.0,-46.0,-43.0,-63.0
391,0.651667,10408.0,-54.0,-68.0,-20.0,8.0,-26.0,-18.0,-28.0,-38.0,-24.0,-47.0,-4.0,1.0,-24.0,-18.0,-19.0,-31.0
392,0.653333,10398.0,-40.0,-50.0,-7.0,20.0,-13.0,-7.0,-17.0,-26.0,-12.0,-32.0,7.0,17.0,-18.0,-5.0,-4.0,-23.0
393,0.655,10436.0,-36.0,-48.0,-5.0,23.0,-10.0,-1.0,-15.0,-24.0,-9.0,-29.0,5.0,19.0,-7.0,-3.0,-2.0,-20.0
394,0.656667,10401.0,-37.0,-51.0,-6.0,23.0,-9.0,-2.0,-13.0,-24.0,-12.0,-31.0,10.0,18.0,-8.0,-1.0,1.0,-23.0
395,0.658333,10399.0,-70.0,-83.0,-38.0,-12.0,-47.0,-37.0,-47.0,-64.0,-50.0,-71.0,-30.0,-24.0,-50.0,-51.0,-46.0,-60.0
396,0.66,10406.0,-56.0,-69.0,-20.0,8.0,-28.0,-22.0,-26.0,-34.0,-24.0,-47.0,-1.0,3.0,-26.0,-18.0,-16.0,-31.0
397,0.661667,10398.0,-44.0,-54.0,-6.0,18.0,-14.0,-4.0,-17.0,-26.0,-10.0,-35.0,4.0,17.0,-10.0,-4.0,-5.0,-17.0
398,0.663333,10394.0,-40.0,-53.0,-6.0,21.0,-10.0,-3.0,-14.0,-20.0,-13.0,-33.0,12.0,17.0,-8.0,-3.0,-3.0,-21.0
399,0.665,10406.0,-42.0,-53.0,-4.0,23.0,-12.0,0.0,-17.0,-26.0,-9.0,-33.0,12.0,20.0,-7.0,-5.0,-4.0,-16.0
400,0.666667,10423.0,-72.0,-84.0,-37.0,-8.0,-45.0,-40.0,-47.0,-61.0,-49.0,-75.0,-27.0,-28.0,-54.0,-45.0,-46.0,-59.0
401,0.668333,10404.0,-55.0,-71.0,-21.0,6.0,-28.0,-17.0,-23.0,-40.0,-23.0,-49.0,-4.0,1.0,-23.0,-16.0,-16.0,-29.0
402,0.67,10411.0,-41.0,-58.0,-8.0,23.0,-14.0,-6.0,-14.0,-26.0,-17.0,-36.0,10.0,15.0,-9.0,-1.0,-8.0,-23.0
403,0.671667,10402.0,-42.0,-55.0,-4.0,23.0,-10.0,-2.0,-13.0,-24.0,-9.0,-31.0,11.0,19.0,-9.0,-6.0,-2.0,-18.0
404,0.673333,10412.0,-41.0,-53.0,-6.0,25.0,-13.0,-3.0,-16.0,-22.0,-9.0,-30.0,13.0,14.0,-8.0,-2.0,-3.0,-18.0
405,0.675,10398.0,-71.0,-88.0,-37.0,-10.0,-47.0,-40.0,-48.0,-60.0,-50.0,-79.0,-33.0,-23.0,-53.0,-47.0,-44.0,-58.0
406,0.676667,10414.0,-57.0,-75.0,-22.0,9.0,-27.0,-18.0,-28.0,-44.0,-30.0,-50.0,-1.0,4.0,-22.0,-16.0,-19.0,-33.0
407,0.678333,10405.0,-44.0,-58.0,-7.0,22.0,-15.0,-5.0,-15.0,-27.0,-12.0,-35.0,9.0,18.0,-10.0,-7.0,-4.0,-20.0
408,0.68,10405.0,-41.0,-56.0,-5.0,24.0,-13.0,-2.0,-14.0,-26.0,-12.0,-33.0,13.0,13.0,-9.0,-2.0,-2.0,-19.0
409,0.681667,10398.0,-43.0,-53.0,-6.0,22.0,-12.0,-2.0,-14.0,-21.0,-9.0,-43.0,13.0,20.0,-8.0,-2.0,-4.0,-18.0
410,0.683333,10394.0,-73.0,-90.0,-40.0,-9.0,-46.0,-36.0,-49.0,-61.0,-54.0,-77.0,-28.0,-22.0,-54.0,-44.0,-50.0,-60.0
411,0.685,10402.0,-59.0,-71.0,-22.0,9.0,-26.0,-18.0,-30.0,-36.0,-27.0,-48.0,0.0,9.0,-27.0,-19.0,-17.0,-30.0
412,0.686667,10406.0,-44.0,-61.0,-8.0,25.0,-18.0,-5.0,-16.0,-27.0,-15.0,-35.0,10.0,14.0,-13.0,-4.0,-5.0,-20.0
413,0.688333,10411.0,-42.0,-56.0,-6.0,24.0,-9.0,-3.0,-10.0,-23.0,-9.0,-41.0,14.0,20.0,-9.0,-1.0,-1.0,-19.0
414,0.69,10400.0,-43.0,-58.0,-4.0,24.0,-10.0,-1.0,-9.0,-24.0,-10.0,-33.0,15.0,21.0,-8.0,-1.0,-7.0,-14.0
415,0.691667,10402.0,-75.0,-87.0,-42.0,-10.0,-44.0,-40.0,-51.0,-58.0,-53.0,-77.0,-28.0,-19.0,-58.0,-48.0,-43.0,-58.0
416,0.693333,10399.0,-59.0,-74.0,-21.0,8.0,-29.0,-17.0,-28.0,-38.0,-26.0,-48.0,-3.0,4.0,-22.0,-15.0,-15.0,-31.0
417,0.695,10412.0,-46.0,-58.0,-10.0,20.0,-14.0,-3.0,-20.0,-26.0,-14.0,-44.0,11.0,19.0,-9.0,-2.0,-3.0,-22.0
418,0.696667,10403.0,-44.0,-60.0,-6.0,24.0,-13.0,0.0,-10.0,-30.0,-13.0,-36.0,12.0,22.0,-5.0,-1.0,-6.0,-19.0
419,0.698333,10437.0,-44.0,-59.0,-5.0,26.0,-10.0,-3.0,-12.0,-26.0,-10.0,-36.0,15.0,23.0,-15.0,-1.0,-3.0,-15.0
420,0.7,10412.0,-76.0,-90.0,-38.0,-9.0,-47.0,-37.0,-47.0,-58.0,-53.0,-76.0,-33.0,-22.0,-53.0,-45.0,-48.0,-61.0
421,0.701667,10409.0,-61.0,-72.0,-23.0,7.0,-24.0,-15.0,-31.0,-38.0,-29.0,-57.0,0.0,8.0,-24.0,-17.0,-16.0,-38.0
422,0.703333,10406.0,-48.0,-62.0,-8.0,22.0,-14.0,-2.0,-16.0,-23.0,-14.0,-37.0,10.0,20.0,-9.0,-5.0,-6.0,-23.0
423,0.705,10394.0,-44.0,-59.0,-5.0,24.0,-13.0,-3.0,-15.0,-26.0,-13.0,-36.0,15.0,20.0,-13.0,-2.0,-3.0,-20.0
424,0.706667,10391.0,-45.0,-59.0,-4.0,22.0,-10.0,-2.0,-13.0,-24.0,-10.0,-35.0,9.0,21.0,-10.0,-2.0,0.0,-16.0
425,0.708333,10391.0,-75.0,-91.0,-41.0,-9.0,-47.0,-38.0,-45.0,-60.0,-57.0,-78.0,-27.0,-21.0,-53.0,-45.0,-44.0,-65.0
426,0.71,10409.0,-64.0,-72.0,-24.0,7.0,-24.0,-18.0,-27.0,-37.0,-27.0,-47.0,-2.0,7.0,-21.0,-21.0,-14.0,-31.0
427,0.711667,10400.0,-46.0,-58.0,-10.0,21.0,-14.0,-5.0,-17.0,-24.0,-14.0,-36.0,13.0,15.0,-12.0,-3.0,-2.0,-22.0
428,0.713333,10418.0,-47.0,-56.0,-5.0,20.0,-9.0,0.0,-16.0,-24.0,-10.0,-36.0,10.0,21.0,-7.0,-2.0,-2.0,-16.0
429,0.715,10400.0,-43.0,-64.0,-5.0,23.0,-10.0,-2.0,-13.0,-27.0,-18.0,-35.0,14.0,21.0,-8.0,-1.0,-4.0,-19.0
430,0.716667,10394.0,-76.0,-90.0,-38.0,-14.0,-46.0,-37.0,-49.0,-60.0,-56.0,-77.0,-27.0,-21.0,-53.0,-53.0,-45.0,-56.0
431,0.718333,10406.0,-59.0,-74.0,-22.0,7.0,-31.0,-19.0,-26.0,-37.0,-27.0,-49.0,3.0,0.0,-22.0,-15.0,-19.0,-31.0
432,0.72,10400.0,-45.0,-56.0,-9.0,18.0,-14.0,-4.0,-17.0,-27.0,-13.0,-45.0,11.0,17.0,-13.0,-5.0,-4.0,-18.0
433,0.721667,10400.0,-44.0,-59.0,-8.0,23.0,-8.0,-3.0,-15.0,-24.0,-15.0,-38.0,14.0,18.0,-8.0,0.0,-8.0,-18.0
434,0.723333,10419.0,-43.0,-56.0,-7.0,23.0,-10.0,0.0,-17.0,-26.0,-13.0,-37.0,14.0,23.0,-13.0,-3.0,-3.0,-16.0
435,0.725,10408.0,-74.0,-89.0,-41.0,-10.0,-49.0,-37.0,-47.0,-57.0,-53.0,-75.0,-28.0,-28.0,-50.0,-45.0,-44.0,-61.0
436,0.726667,10405.0,-60.0,-71.0,-21.0,5.0,-28.0,-18.0,-27.0,-40.0,-24.0,-54.0,-2.0,4.0,-24.0,-18.0,-14.0,-33.0
437,0.728333,10410.0,-46.0,-57.0,-10.0,18.0,-13.0,-5.0,-13.0,-26.0,-16.0,-34.0,10.0,17.0,-10.0,-2.0,-8.0,-23.0
438,0.73,10408.0,-43.0,-54.0,-7.0,19.0,-10.0,-2.0,-16.0,-26.0,-10.0,-32.0,10.0,21.0,-12.0,-2.0,-1.0,-19.0
439,0.731667,10405.0,-41.0,-51.0,-8.0,21.0,-13.0,-2.0,-15.0,-23.0,-8.0,-33.0,9.0,17.0,-9.0,-2.0,-1.0,-18.0
440,0.733333,10412.0,-73.0,-84.0,-43.0,-14.0,-47.0,-36.0,-47.0,-60.0,-50.0,-81.0,-30.0,-23.0,-53.0,-46.0,-41.0,-61.0
441,0.735,10400.0,-60.0,-69.0,-26.0,4.0,-28.0,-16.0,-26.0,-41.0,-23.0,-47.0,-3.0,1.0,-21.0,-17.0,-18.0,-28.0
442,0.736667,10411.0,-43.0,-55.0,-10.0,18.0,-14.0,-4.0,-13.0,-27.0,-10.0,-36.0,10.0,15.0,-17.0,-2.0,-4.0,-18.0
443,0.738333,10384.0,-41.0,-50.0,-9.0,17.0,-13.0,-1.0,-14.0,-22.0,-7.0,-32.0,9.0,17.0,-7.0,-2.0,-3.0,-18.0
444,0.74,10413.0,-42.0,-48.0,-10.0,20.0,-9.0,-3.0,-15.0,-22.0,-10.0,-36.0,9.0,17.0,-7.0,1.0,0.0,-19.0
445,0.741667,10417.0,-73.0,-82.0,-41.0,-15.0,-44.0,-36.0,-49.0,-60.0,-48.0,-75.0,-31.0,-23.0,-53.0,-48.0,-46.0,-59.0
446,0.743333,10406.0,-58.0,-67.0,-24.0,1.0,-26.0,-19.0,-27.0,-40.0,-23.0,-48.0,-2.0,3.0,-28.0,-15.0,-16.0,-32.0
447,0.745,10411.0,-43.0,-51.0,-8.0,13.0,-15.0,-4.0,-17.0,-28.0,-8.0,-30.0,1.0,13.0,-12.0,-3.0,-2.0,-18.0
448,0.746667,10400.0,-38.0,-49.0,-13.0,17.0,-12.0,-4.0,-13.0,-19.0,-4.0,-29.0,7.0,20.0,-7.0,0.0,0.0,-22.0
449,0.748333,10414.0,-41.0,-46.0,-8.0,17.0,-10.0,-1.0,-15.0,-26.0,51.0,-12.0,0.0,40.0,15.0,8.0,-5.0,-17.0
450,0.75,10411.0,-67.0,-77.0,-41.0,-17.0,-45.0,-40.0,-49.0,-57.0,38.0,-30.0,-48.0,1.0,-16.0,-21.0,-40.0,-47.0
451,0.751667,10404.0,-54.0,-59.0,-20.0,-1.0,-27.0,-17.0,-31.0,-38.0,80.0,3.0,-42.0,41.0,23.0,12.0,-16.0,-22.0
452,0.753333,10401.0,-40.0,-47.0,-12.0,12.0,-12.0,-4.0,-15.0,-26.0,77.0,8.0,-20.0,55.0,24.0,18.0,-4.0,-17.0
453,0.755,10398.0,-36.0,-43.0,-7.0,18.0,-10.0,-2.0,-14.0,-26.0,85.0,17.0,-16.0,59.0,37.0,20.0,-2.0,-9.0
454,0.756667,10412.0,-35.0,-41.0,-8.0,17.0,-12.0,-3.0,-15.0,-23.0,79.0,12.0,-14.0,39.0,31.0,23.0,3.0,-7.0
455,0.758333,10406.0,-65.0,-71.0,-42.0,-21.0,-45.0,-36.0,-48.0,-57.0,40.0,-33.0,-61.0,15.0,-16.0,-23.0,-46.0,-54.0
456,0.76,10402.0,-50.0,-57.0,-26.0,-1.0,-24.0,-17.0,-31.0,-34.0,80.0,5.0,-38.0,38.0,22.0,11.0,-21.0,-24.0
457,0.761667,10400.0,-37.0,-41.0,-9.0,10.0,-14.0,-4.0,-20.0,-27.0,106.0,20.0,-24.0,57.0,38.0,23.0,0.0,-5.0
458,0.763333,10431.0,-34.0,-38.0,-7.0,15.0,-14.0,-2.0,-15.0,-24.0,118.0,27.0,-26.0,54.0,42.0,26.0,-3.0,-9.0
459,0.765,10436.0,-33.0,-38.0,-8.0,10.0,-13.0,-3.0,-12.0,-22.0,122.0,22.0,-31.0,57.0,47.0,27.0,-1.0,-5.0
460,0.766667,10418.0,-64.0,-71.0,-40.0,-20.0,-45.0,-40.0,-49.0,-58.0,91.0,-10.0,-71.0,15.0,9.0,-7.0,-45.0,-47.0
461,0.768333,10413.0,-48.0,-51.0,-26.0,-3.0,-27.0,-20.0,-32.0,-33.0,124.0,15.0,-46.0,42.0,41.0,21.0,-15.0,-18.0
462,0.77,10417.0,-33.0,-37.0,-8.0,11.0,-15.0,-6.0,-19.0,-27.0,129.0,27.0,-24.0,51.0,62.0,39.0,-6.0,-8.0
463,0.771667,10405.0,-31.0,-31.0,-8.0,12.0,-9.0,-3.0,-15.0,-21.0,102.0,10.0,-6.0,54.0,76.0,54.0,1.0,-5.0
464,0.773333,10409.0,-31.0,-36.0,-5.0,14.0,-14.0,-1.0,-15.0,-27.0,56.0,4.0,13.0,50.0,93.0,75.0,-2.0,-3.0
465,0.775,10405.0,-62.0,-70.0,-42.0,-19.0,-45.0,-38.0,-53.0,-57.0,-32.0,-53.0,-4.0,11.0,69.0,48.0,-41.0,-45.0
466,0.776667,10411.0,-48.0,-50.0,-26.0,0.0,-29.0,-19.0,-28.0,-36.0,-61.0,-41.0,48.0,32.0,127.0,109.0,-8.0,-18.0
467,0.778333,10406.0,-35.0,-35.0,-16.0,12.0,-14.0,-7.0,-15.0,-24.0,-111.0,-46.0,99.0,50.0,181.0,159.0,6.0,-7.0
468,0.78,10414.0,-33.0,-38.0,-7.0,14.0,-10.0,-2.0,-9.0,-27.0,-185.0,-61.0,143.0,43.0,238.0,205.0,8.0,-1.0
469,0.781667,10402.0,-32.0,-37.0,-9.0,15.0,-9.0,-4.0,-13.0,-23.0,-262.0,-101.0,218.0,29.0,299.0,261.0,13.0,-2.0
470,0.783333,10405.0,-65.0,-74.0,-42.0,-16.0,-50.0,-38.0,-46.0,-60.0,-403.0,-158.0,230.0,-9.0,336.0,283.0,-22.0,-35.0
471,0.785,10404.0,-51.0,-56.0,-30.0,1.0,-27.0,-17.0,-26.0,-36.0,-476.0,-144.0,306.0,33.0,451.0,375.0,13.0,-5.0
472,0.786667,10413.0,-40.0,-45.0,-12.0,17.0,-10.0,-6.0,-12.0,-27.0,-546.0,-130.0,366.0,60.0,542.0,451.0,21.0,11.0
473,0.788333,10401.0,-35.0,-44.0,-8.0,21.0,-6.0,-6.0,-14.0,-22.0,-599.0,-135.0,405.0,78.0,609.0,500.0,28.0,22.0
474,0.79,10412.0,-35.0,-45.0,-10.0,20.0,-10.0,-2.0,-12.0,-22.0,-621.0,-126.0,423.0,87.0,677.0,543.0,31.0,31.0
475,0.791667,10404.0,-67.0,-81.0,-44.0,-12.0,-48.0,-36.0,-46.0,-61.0,-645.0,-161.0,389.0,55.0,679.0,520.0,-7.0,-12.0
476,0.793333,10406.0,-53.0,-61.0,-28.0,3.0,-27.0,-19.0,-26.0,-38.0,-565.0,-113.0,399.0,88.0,747.0,558.0,17.0,24.0
477,0.795,10397.0,-35.0,-45.0,-12.0,15.0,-10.0,-7.0,-14.0,-26.0,-479.0,-84.0,382.0,96.0,778.0,572.0,28.0,39.0
478,0.796667,10406.0,-34.0,-37.0,-10.0,14.0,-13.0,-5.0,-10.0,-21.0,-398.0,-67.0,342.0,98.0,799.0,570.0,27.0,46.0
479,0.798333,10398.0,-32.0,-40.0,-12.0,15.0,-10.0,-3.0,-13.0,-21.0,-329.0,-54.0,311.0,94.0,809.0,563.0,27.0,47.0
480,0.8,10400.0,-64.0,-69.0,-43.0,-20.0,-46.0,-38.0,-49.0,-56.0,-301.0,-90.0,229.0,45.0,788.0,508.0,-15.0,12.0
481,0.801667,10405.0,-45.0,-54.0,-26.0,0.0,-28.0,-21.0,-26.0,-41.0,-205.0,-57.0,219.0,55.0,831.0,537.0,21.0,46.0
482,0.803333,10401.0,-33.0,-37.0,-12.0,9.0,-14.0,-6.0,-15.0,-28.0,-139.0,-36.0,198.0,62.0,859.0,546.0,31.0,64.0
483,0.805,10401.0,-28.0,-36.0,-7.0,14.0,-8.0,-3.0,-10.0,-21.0,-98.0,-29.0,182.0,51.0,876.0,547.0,29.0,65.0
484,0.806667,10395.0,-28.0,-31.0,-8.0,10.0,-9.0,-2.0,-16.0,-23.0,-60.0,-27.0,164.0,40.0,896.0,542.0,35.0,75.0
485,0.808333,10398.0,-61.0,-64.0,-43.0,-20.0,-48.0,-40.0,-46.0,-59.0,-79.0,-69.0,113.0,-19.0,871.0,503.0,-8.0,35.0
486,0.81,10408.0,-44.0,-45.0,-26.0,-6.0,-28.0,-18.0,-28.0,-36.0,-41.0,-50.0,123.0,-1.0,926.0,538.0,19.0,70.0
487,0.811667,10402.0,-31.0,-38.0,-13.0,10.0,-15.0,-5.0,-13.0,-28.0,-20.0,-42.0,134.0,-1.0,974.0,563.0,31.0,88.0
488,0.813333,10403.0,-27.0,-32.0,-13.0,10.0,-12.0,-3.0,-16.0,-28.0,-10.0,-45.0,134.0,-9.0,1004.0,567.0,39.0,98.0
489,0.815,10408.0,-27.0,-30.0,-13.0,10.0,-12.0,-5.0,-12.0,-18.0,-4.0,-46.0,131.0,-19.0,1030.0,574.0,35.0,104.0
490,0.816667,10429.0,-58.0,-59.0,-45.0,-23.0,-46.0,-40.0,-49.0,-58.0,-35.0,-91.0,79.0,-64.0,1003.0,534.0,-4.0,64.0
491,0.818333,10411.0,-42.0,-45.0,-28.0,-8.0,-26.0,-18.0,-24.0,-36.0,-4.0,-62.0,103.0,-45.0,1053.0,574.0,18.0,96.0
492,0.82,10410.0,-27.0,-31.0,-15.0,5.0,-12.0,-3.0,-15.0,-26.0,20.0,-46.0,110.0,-31.0,1077.0,584.0,36.0,109.0
493,0.821667,10394.0,-23.0,-23.0,-10.0,10.0,-13.0,-5.0,-10.0,-24.0,32.0,-34.0,110.0,-30.0,1096.0,592.0,38.0,109.0
494,0.823333,10419.0,-22.0,-24.0,-14.0,7.0,-10.0,-3.0,-12.0,-23.0,43.0,-38.0,110.0,-22.0,1106.0,594.0,40.0,111.0
495,0.825,10423.0,-56.0,-53.0,-47.0,-30.0,-47.0,-41.0,-46.0,-58.0,8.0,-64.0,68.0,-60.0,1072.0,551.0,-8.0,71.0
496,0.826667,10399.0,-36.0,-36.0,-29.0,-8.0,-27.0,-21.0,-27.0,-36.0,48.0,-35.0,95.0,-22.0,1105.0,581.0,22.0,102.0
497,0.828333,10408.0,-23.0,-22.0,-14.0,4.0,-14.0,-5.0,-17.0,-24.0,70.0,-13.0,105.0,-12.0,1133.0,597.0,36.0,113.0
498,0.83,10385.0,-21.0,-22.0,-16.0,5.0,-14.0,-4.0,-13.0,-23.0,81.0,-13.0,110.0,-2.0,1141.0,600.0,40.0,116.0
499,0.831667,10414.0,-23.0,-19.0,-13.0,4.0,-10.0,-2.0,-13.0,-26.0,91.0,-4.0,112.0,1.0,1152.0,598.0,33.0,118.0
500,0.833333,10400.0,-53.0,-51.0,-48.0,-29.0,-44.0,-41.0,-45.0,-57.0,56.0,-48.0,70.0,-35.0,1112.0,557.0,-6.0,77.0
501,0.835,10400.0,-36.0,-32.0,-28.0,-10.0,-27.0,-20.0,-27.0,-36.0,91.0,-18.0,93.0,-6.0,1159.0,588.0,21.0,111.0
502,0.836667,10406.0,-20.0,-18.0,-19.0,1.0,-13.0,-5.0,-15.0,-20.0,111.0,-5.0,108.0,6.0,1182.0,602.0,34.0,118.0
503,0.838333,10382.0,-20.0,-16.0,-14.0,3.0,-10.0,-2.0,-15.0,-26.0,126.0,0.0,105.0,7.0,1197.0,597.0,34.0,129.0
504,0.84,10408.0,-18.0,-15.0,-14.0,4.0,-8.0,-5.0,-9.0,-22.0,144.0,0.0,103.0,6.0,1202.0,600.0,36.0,132.0
505,0.841667,10412.0,-50.0,-47.0,-47.0,-31.0,-45.0,-40.0,-45.0,-58.0,122.0,-37.0,46.0,-42.0,1174.0,557.0,-3.0,94.0
506,0.843333,10402.0,-32.0,-29.0,-32.0,-15.0,-27.0,-20.0,-27.0,-34.0,164.0,-14.0,65.0,-20.0,1210.0,586.0,24.0,120.0
507,0.845,10404.0,-21.0,-15.0,-17.0,0.0,-15.0,-6.0,-16.0,-26.0,207.0,1.0,67.0,-15.0,1238.0,592.0,35.0,141.0
508,0.846667,10413.0,-16.0,-10.0,-17.0,0.0,-10.0,-7.0,-12.0,-22.0,235.0,4.0,56.0,-26.0,1245.0,595.0,37.0,146.0
509,0.848333,10401.0,-15.0,-12.0,-14.0,-3.0,-12.0,-4.0,-12.0,-22.0,263.0,0.0,38.0,-35.0,1255.0,593.0,37.0,154.0
510,0.85,10412.0,-46.0,-43.0,-47.0,-34.0,-44.0,-41.0,-46.0,-56.0,240.0,-40.0,-18.0,-89.0,1217.0,549.0,-4.0,109.0
511,0.851667,10406.0,-31.0,-24.0,-30.0,-15.0,-27.0,-19.0,-28.0,-36.0,291.0,-13.0,-6.0,-74.0,1250.0,569.0,24.0,144.0
512,0.853333,10405.0,-16.0,-7.0,-17.0,-4.0,-14.0,-8.0,-15.0,-23.0,320.0,-7.0,-4.0,-81.0,1268.0,584.0,40.0,156.0
513,0.855,10415.0,-14.0,-6.0,-16.0,-3.0,-10.0,-5.0,-12.0,-19.0,342.0,-9.0,-22.0,-86.0,1279.0,585.0,41.0,165.0
514,0.856667,10394.0,-10.0,-7.0,-14.0,-1.0,-10.0,-3.0,-14.0,-22.0,349.0,-7.0,-33.0,-101.0,1286.0,585.0,40.0,166.0
515,0.858333,10400.0,-45.0,-41.0,-51.0,-38.0,-48.0,-40.0,-49.0,-54.0,321.0,-50.0,-87.0,-154.0,1243.0,535.0,1.0,129.0
516,0.86,10404.0,-28.0,-19.0,-32.0,-19.0,-30.0,-19.0,-27.0,-40.0,356.0,-27.0,-70.0,-143.0,1280.0,566.0,32.0,161.0
517,0.861667,10402.0,-15.0,-7.0,-19.0,-6.0,-15.0,-8.0,-14.0,-21.0,380.0,-23.0,-68.0,-135.0,1299.0,580.0,48.0,174.0
518,0.863333,10405.0,-10.0,-1.0,-16.0,-3.0,-12.0,-5.0,-9.0,-24.0,384.0,-16.0,-75.0,-142.0,1307.0,581.0,42.0,182.0
519,0.865,10422.0,-12.0,-3.0,-17.0,-4.0,-9.0,-6.0,-16.0,-20.0,391.0,-19.0,-85.0,-151.0,1310.0,580.0,49.0,186.0
520,0.866667,10413.0,-41.0,-35.0,-48.0,-36.0,-48.0,-41.0,-48.0,-58.0,355.0,-58.0,-135.0,-209.0,1279.0,536.0,7.0,149.0
521,0.868333,10402.0,-24.0,-15.0,-34.0,-20.0,-28.0,-18.0,-23.0,-34.0,382.0,-45.0,-115.0,-186.0,1316.0,569.0,40.0,177.0
522,0.87,10408.0,-10.0,-4.0,-19.0,-6.0,-13.0,-7.0,-10.0,-29.0,395.0,-28.0,-106.0,-182.0,1338.0,585.0,41.0,194.0
523,0.871667,10397.0,-8.0,3.0,-19.0,-4.0,-9.0,-5.0,-12.0,-21.0,398.0,-29.0,-110.0,-184.0,1344.0,591.0,51.0,199.0
524,0.873333,10406.0,-6.0,1.0,-15.0,-2.0,-13.0,-6.0,-9.0,-21.0,394.0,-30.0,-116.0,-198.0,1360.0,596.0,50.0,204.0
525,0.875,10412.0,-38.0,-28.0,-51.0,-37.0,-45.0,-41.0,-49.0,-55.0,348.0,-82.0,-162.0,-246.0,1330.0,555.0,15.0,158.0
526,0.876667,10408.0,-23.0,-13.0,-32.0,-20.0,-27.0,-21.0,-26.0,-38.0,366.0,-53.0,-137.0,-225.0,1373.0,589.0,38.0,194.0
527,0.878333,10410.0,-7.0,0.0,-18.0,-6.0,-14.0,-7.0,-13.0,-24.0,371.0,-46.0,-128.0,-217.0,1396.0,611.0,56.0,205.0
528,0.88,10412.0,-5.0,3.0,-16.0,-6.0,-12.0,-8.0,-12.0,-22.0,362.0,-45.0,-137.0,-226.0,1420.0,622.0,59.0,208.0
529,0.881667,10405.0,-5.0,6.0,-20.0,-4.0,-10.0,-6.0,-13.0,-22.0,352.0,-51.0,-131.0,-230.0,1435.0,628.0,64.0,210.0
530,0.883333,10406.0,-40.0,-27.0,-51.0,-38.0,-44.0,-42.0,-45.0,-54.0,305.0,-96.0,-175.0,-279.0,1413.0,591.0,18.0,174.0
531,0.885,10406.0,-18.0,-8.0,-33.0,-20.0,-24.0,-22.0,-26.0,-36.0,321.0,-73.0,-148.0,-256.0,1450.0,631.0,51.0,208.0
532,0.886667,10412.0,-4.0,6.0,-19.0,-7.0,-10.0,-8.0,-13.0,-23.0,329.0,-61.0,-145.0,-248.0,1486.0,651.0,64.0,226.0
533,0.888333,10411.0,-2.0,5.0,-17.0,-5.0,-9.0,-6.0,-9.0,-20.0,317.0,-63.0,-139.0,-250.0,1502.0,661.0,65.0,224.0
534,0.89,10413.0,-5.0,7.0,-17.0,-4.0,-9.0,-4.0,-8.0,-22.0,316.0,-65.0,-137.0,-252.0,1517.0,666.0,65.0,233.0
535,0.891667,10401.0,-34.0,-23.0,-50.0,-41.0,-43.0,-46.0,-44.0,-55.0,266.0,-112.0,-176.0,-301.0,1484.0,630.0,23.0,193.0
536,0.893333,10405.0,-18.0,-5.0,-34.0,-23.0,-26.0,-21.0,-28.0,-33.0,289.0,-85.0,-156.0,-273.0,1525.0,665.0,52.0,230.0
537,0.895,10398.0,-3.0,5.0,-19.0,-6.0,-13.0,-6.0,-14.0,-23.0,290.0,-72.0,-137.0,-262.0,1546.0,682.0,65.0,235.0
538,0.896667,10414.0,-3.0,7.0,-15.0,-4.0,-13.0,-5.0,-14.0,-20.0,290.0,-69.0,-137.0,-259.0,1557.0,680.0,68.0,241.0
539,0.898333,10413.0,0.0,8.0,-16.0,-4.0,-12.0,-5.0,-12.0,-22.0,285.0,-69.0,-132.0,-266.0,1563.0,688.0,68.0,240.0
540,0.9,10403.0,-31.0,-18.0,-48.0,-43.0,-45.0,-43.0,-47.0,-56.0,240.0,-113.0,-180.0,-305.0,1524.0,645.0,26.0,205.0
541,0.901667,10403.0,-15.0,-4.0,-33.0,-20.0,-24.0,-22.0,-22.0,-33.0,254.0,-85.0,-144.0,-277.0,1558.0,677.0,53.0,230.0
542,0.903333,10402.0,-1.0,10.0,-18.0,-7.0,-10.0,-7.0,-18.0,-20.0,266.0,-72.0,-131.0,-266.0,1570.0,681.0,70.0,245.0
543,0.905,10388.0,3.0,11.0,-16.0,-5.0,-12.0,-5.0,-13.0,-19.0,262.0,-69.0,-127.0,-272.0,1577.0,686.0,71.0,247.0
544,0.906667,10409.0,3.0,12.0,-14.0,-5.0,-10.0,-4.0,-12.0,-22.0,261.0,-72.0,-129.0,-267.0,1581.0,687.0,71.0,248.0
545,0.908333,10386.0,-30.0,-22.0,-49.0,-38.0,-46.0,-42.0,-44.0,-56.0,209.0,-111.0,-166.0,-312.0,1537.0,641.0,22.0,208.0
546,0.91,10405.0,-13.0,-2.0,-32.0,-20.0,-22.0,-21.0,-28.0,-34.0,229.0,-87.0,-137.0,-281.0,1566.0,666.0,55.0,242.0
547,0.911667,10409.0,1.0,15.0,-19.0,-7.0,-14.0,-9.0,-13.0,-21.0,240.0,-67.0,-125.0,-276.0,1582.0,678.0,67.0,250.0
548,0.913333,10397.0,4.0,15.0,-18.0,-2.0,-10.0,-4.0,-14.0,-20.0,235.0,-74.0,-117.0,-272.0,1580.0,676.0,70.0,250.0
549,0.915,10402.0,4.0,15.0,-15.0,-4.0,-7.0,-5.0,-13.0,-24.0,231.0,-67.0,-114.0,-271.0,1583.0,672.0,65.0,256.0
550,0.916667,10401.0,-22.0,-16.0,-47.0,-38.0,-45.0,-44.0,-47.0,-57.0,186.0,-107.0,-156.0,-311.0,1532.0,624.0,27.0,215.0
551,0.918333,10404.0,-9.0,0.0,-31.0,-19.0,-26.0,-22.0,-27.0,-35.0,207.0,-73.0,-128.0,-285.0,1568.0,650.0,53.0,248.0
552,0.92,10409.0,3.0,17.0,-20.0,-6.0,-12.0,-8.0,-14.0,-22.0,215.0,-63.0,-107.0,-271.0,1581.0,658.0,70.0,255.0
553,0.921667,10410.0,6.0,21.0,-14.0,-4.0,-9.0,-5.0,-12.0,-19.0,217.0,-59.0,-103.0,-268.0,1588.0,654.0,68.0,261.0
554,0.923333,10412.0,8.0,20.0,-13.0,-5.0,-8.0,-8.0,-12.0,-20.0,215.0,-58.0,-97.0,-265.0,1585.0,652.0,68.0,262.0
555,0.925,10405.0,-22.0,-10.0,-45.0,-41.0,-47.0,-43.0,-48.0,-56.0,173.0,-95.0,-143.0,-306.0,1546.0,604.0,23.0,221.0
556,0.926667,10414.0,-5.0,4.0,-32.0,-18.0,-24.0,-22.0,-26.0,-33.0,194.0,-69.0,-105.0,-274.0,1578.0,633.0,53.0,247.0
557,0.928333,10400.0,7.0,19.0,-16.0,-5.0,-13.0,-9.0,-16.0,-26.0,208.0,-54.0,-86.0,-258.0,1597.0,637.0,63.0,265.0
558,0.93,10400.0,9.0,23.0,-17.0,-4.0,-8.0,-9.0,-10.0,-19.0,209.0,-47.0,-74.0,-258.0,1599.0,639.0,66.0,268.0
559,0.931667,10413.0,10.0,25.0,-13.0,-5.0,-9.0,-5.0,-14.0,-21.0,210.0,-45.0,-76.0,-251.0,1607.0,636.0,66.0,270.0
560,0.933333,10404.0,-17.0,-7.0,-47.0,-37.0,-43.0,-42.0,-47.0,-55.0,161.0,-87.0,-110.0,-293.0,1567.0,592.0,23.0,224.0
561,0.935,10410.0,-5.0,6.0,-29.0,-19.0,-24.0,-20.0,-28.0,-36.0,189.0,-57.0,-79.0,-262.0,1601.0,612.0,53.0,260.0
562,0.936667,10409.0,10.0,21.0,-15.0,-4.0,-13.0,-8.0,-16.0,-24.0,200.0,-41.0,-61.0,-256.0,1621.0,628.0,66.0,274.0
563,0.938333,10405.0,13.0,23.0,-10.0,-2.0,-9.0,-7.0,-13.0,-21.0,201.0,-42.0,-60.0,-246.0,1634.0,628.0,65.0,279.0
564,0.94,10392.0,18.0,26.0,-13.0,-2.0,-8.0,-7.0,-10.0,-18.0,193.0,-40.0,-54.0,-249.0,1640.0,632.0,61.0,283.0
565,0.941667,10396.0,-16.0,-6.0,-46.0,-37.0,-42.0,-43.0,-50.0,-55.0,153.0,-78.0,-95.0,-293.0,1603.0,583.0,23.0,244.0
566,0.943333,10410.0,-1.0,10.0,-28.0,-18.0,-27.0,-22.0,-31.0,-34.0,174.0,-56.0,-62.0,-273.0,1641.0,616.0,52.0,276.0
567,0.945,10401.0,13.0,21.0,-14.0,-6.0,-13.0,-9.0,-15.0,-22.0,186.0,-48.0,-50.0,-256.0,1664.0,628.0,62.0,292.0
568,0.946667,10413.0,15.0,23.0,-12.0,0.0,-10.0,-6.0,-13.0,-22.0,179.0,-47.0,-48.0,-259.0,1677.0,633.0,59.0,292.0
569,0.948333,10401.0,14.0,27.0,-10.0,-1.0,-9.0,-7.0,-15.0,-17.0,176.0,-46.0,-50.0,-262.0,1681.0,627.0,65.0,299.0
570,0.95,10414.0,-15.0,-2.0,-45.0,-35.0,-45.0,-42.0,-47.0,-55.0,133.0,-87.0,-90.0,-315.0,1649.0,585.0,21.0,256.0
571,0.951667,10402.0,0.0,14.0,-28.0,-19.0,-21.0,-23.0,-30.0,-31.0,158.0,-70.0,-63.0,-284.0,1687.0,619.0,54.0,287.0
572,0.953333,10404.0,15.0,24.0,-13.0,-4.0,-10.0,-8.0,-17.0,-23.0,167.0,-51.0,-51.0,-273.0,1711.0,634.0,61.0,302.0
573,0.955,10404.0,19.0,29.0,-12.0,-1.0,-7.0,-6.0,-14.0,-21.0,171.0,-47.0,-49.0,-273.0,1720.0,632.0,69.0,307.0
574,0.956667,10388.0,18.0,28.0,-10.0,0.0,-12.0,-8.0,-10.0,-21.0,173.0,-44.0,-53.0,-279.0,1735.0,634.0,67.0,311.0
575,0.958333,10436.0,-13.0,0.0,-48.0,-37.0,-44.0,-46.0,-49.0,-54.0,134.0,-92.0,-97.0,-321.0,1703.0,586.0,25.0,268.0
576,0.96,10402.0,3.0,15.0,-28.0,-19.0,-24.0,-21.0,-27.0,-36.0,162.0,-61.0,-67.0,-294.0,1744.0,618.0,52.0,304.0
577,0.961667,10399.0,17.0,28.0,-10.0,-4.0,-8.0,-10.0,-18.0,-20.0,181.0,-47.0,-55.0,-283.0,1756.0,631.0,67.0,320.0
578,0.963333,10386.0,18.0,31.0,-9.0,-3.0,-12.0,-7.0,-15.0,-21.0,190.0,-41.0,-57.0,-284.0,1773.0,633.0,68.0,327.0
579,0.965,10428.0,20.0,29.0,-14.0,-2.0,-9.0,-4.0,-17.0,-20.0,189.0,-50.0,-54.0,-284.0,1784.0,632.0,70.0,326.0
580,0.966667,10414.0,-12.0,-4.0,-45.0,-35.0,-45.0,-43.0,-45.0,-58.0,152.0,-88.0,-99.0,-330.0,1752.0,585.0,22.0,290.0
581,0.968333,10402.0,5.0,19.0,-26.0,-17.0,-22.0,-24.0,-28.0,-34.0,182.0,-60.0,-73.0,-302.0,1786.0,614.0,55.0,322.0
582,0.97,10406.0,18.0,32.0,-13.0,-5.0,-10.0,-9.0,-17.0,-18.0,201.0,-45.0,-67.0,-293.0,1815.0,628.0,67.0,341.0
583,0.971667,10404.0,20.0,34.0,-14.0,-1.0,-8.0,-5.0,-17.0,-19.0,201.0,-50.0,-62.0,-292.0,1825.0,630.0,74.0,340.0
584,0.973333,10414.0,18.0,33.0,-9.0,0.0,-8.0,-6.0,-14.0,-22.0,205.0,-47.0,-64.0,-296.0,1840.0,627.0,69.0,346.0
585,0.975,10405.0,-13.0,0.0,-43.0,-35.0,-44.0,-45.0,-50.0,-57.0,164.0,-90.0,-109.0,-344.0,1801.0,583.0,27.0,307.0
586,0.976667,10405.0,4.0,17.0,-26.0,-19.0,-26.0,-22.0,-28.0,-34.0,192.0,-65.0,-90.0,-316.0,1848.0,613.0,55.0,343.0
587,0.978333,10406.0,20.0,29.0,-16.0,-4.0,-10.0,-10.0,-16.0,-21.0,203.0,-58.0,-74.0,-308.0,1872.0,626.0,70.0,353.0
588,0.98,10406.0,15.0,35.0,-12.0,-4.0,-6.0,-6.0,-18.0,-19.0,212.0,-55.0,-73.0,-307.0,1887.0,624.0,69.0,363.0
589,0.981667,10400.0,21.0,32.0,-12.0,-1.0,-8.0,-9.0,-19.0,-23.0,217.0,-56.0,-74.0,-312.0,1893.0,628.0,68.0,366.0
590,0.983333,10412.0,-10.0,0.0,-44.0,-40.0,-44.0,-41.0,-51.0,-54.0,180.0,-101.0,-126.0,-356.0,1866.0,585.0,26.0,330.0
591,0.985,10406.0,6.0,13.0,-27.0,-17.0,-23.0,-23.0,-28.0,-36.0,205.0,-73.0,-97.0,-328.0,1909.0,616.0,57.0,359.0
592,0.986667,10405.0,15.0,28.0,-14.0,-4.0,-10.0,-7.0,-20.0,-22.0,230.0,-59.0,-86.0,-316.0,1937.0,619.0,69.0,376.0
593,0.988333,10413.0,20.0,32.0,-12.0,-2.0,-8.0,-9.0,-12.0,-19.0,238.0,-58.0,-83.0,-321.0,1954.0,627.0,73.0,382.0
594,0.99,10396.0,21.0,34.0,-12.0,-4.0,-7.0,-8.0,-16.0,-18.0,247.0,-58.0,-90.0,-320.0,1970.0,630.0,75.0,388.0
595,0.991667,10406.0,-7.0,-1.0,-44.0,-36.0,-43.0,-42.0,-50.0,-50.0,205.0,-100.0,-129.0,-363.0,1941.0,584.0,28.0,346.0
596,0.993333,10404.0,3.0,13.0,-28.0,-18.0,-24.0,-21.0,-35.0,-37.0,242.0,-71.0,-106.0,-336.0,1987.0,611.0,62.0,386.0
597,0.995,10410.0,18.0,27.0,-14.0,-2.0,-13.0,-10.0,-18.0,-22.0,263.0,-58.0,-91.0,-330.0,2016.0,626.0,71.0,403.0
598,0.996667,10417.0,21.0,29.0,-13.0,-3.0,-8.0,-6.0,-16.0,-20.0,274.0,-61.0,-95.0,-326.0,2035.0,628.0,76.0,411.0
599,0.998333,10402.0,22.0,34.0,-13.0,-2.0,-8.0,-7.0,-16.0,-21.0,275.0,-60.0,-96.0,-324.0,2054.0,633.0,69.0,411.0
600,1.0,10403.0,-8.0,0.0,-45.0,-36.0,-44.0,-42.0,-51.0,-55.0,244.0,-101.0,-139.0,-367.0,2019.0,585.0,28.0,373.0
601,1.001667,10404.0,6.0,19.0,-27.0,-18.0,-27.0,-22.0,-32.0,-30.0,277.0,-79.0,-115.0,-347.0,2070.0,622.0,56.0,409.0
602,1.003333,10404.0,19.0,29.0,-14.0,-5.0,-12.0,-7.0,-17.0,-23.0,299.0,-71.0,-103.0,-329.0,2097.0,634.0,70.0,422.0
603,1.005,10406.0,21.0,29.0,-10.0,-1.0,-9.0,-5.0,-15.0,-21.0,305.0,-63.0,-103.0,-329.0,2115.0,638.0,67.0,428.0
604,1.006667,10415.0,22.0,32.0,-13.0,-2.0,-7.0,-6.0,-14.0,-21.0,314.0,-62.0,-105.0,-327.0,2126.0,637.0,75.0,433.0
605,1.008333,10398.0,-8.0,4.0,-46.0,-36.0,-47.0,-43.0,-50.0,-55.0,278.0,-101.0,-153.0,-378.0,2103.0,595.0,32.0,390.0
606,1.01,10411.0,5.0,17.0,-31.0,-18.0,-23.0,-22.0,-31.0,-34.0,308.0,-81.0,-125.0,-346.0,2151.0,628.0,62.0,422.0
607,1.011667,10413.0,18.0,29.0,-14.0,-4.0,-9.0,-7.0,-20.0,-24.0,325.0,-62.0,-111.0,-332.0,2182.0,644.0,69.0,441.0
608,1.013333,10402.0,21.0,32.0,-14.0,-1.0,-9.0,-8.0,-16.0,-18.0,334.0,-63.0,-109.0,-327.0,2193.0,647.0,76.0,445.0
609,1.015,10422.0,23.0,31.0,-13.0,-2.0,-10.0,-6.0,-16.0,-27.0,335.0,-57.0,-112.0,-333.0,2214.0,649.0,77.0,453.0
610,1.016667,10404.0,-9.0,0.0,-50.0,-37.0,-44.0,-45.0,-49.0,-51.0,293.0,-105.0,-149.0,-369.0,2188.0,607.0,35.0,408.0
611,1.018333,10409.0,1.0,18.0,-29.0,-16.0,-24.0,-21.0,-32.0,-36.0,322.0,-77.0,-118.0,-341.0,2234.0,636.0,59.0,444.0
612,1.02,10408.0,20.0,32.0,-16.0,-4.0,-9.0,-13.0,-20.0,-20.0,335.0,-69.0,-100.0,-328.0,2255.0,655.0,73.0,461.0
613,1.021667,10361.0,24.0,33.0,-9.0,-1.0,-10.0,-5.0,-18.0,-21.0,340.0,-63.0,-105.0,-323.0,2275.0,661.0,75.0,470.0
614,1.023333,10413.0,24.0,32.0,-15.0,-2.0,-6.0,-7.0,-16.0,-19.0,336.0,-63.0,-97.0,-321.0,2288.0,664.0,75.0,466.0
615,1.025,10408.0,-9.0,-1.0,-46.0,-35.0,-44.0,-42.0,-53.0,-58.0,300.0,-107.0,-139.0,-363.0,2261.0,617.0,31.0,428.0
616,1.026667,10411.0,5.0,18.0,-28.0,-17.0,-23.0,-24.0,-31.0,-33.0,327.0,-79.0,-106.0,-334.0,2299.0,654.0,62.0,459.0
617,1.028333,10402.0,19.0,29.0,-15.0,-8.0,-10.0,-9.0,-18.0,-21.0,341.0,-67.0,-97.0,-318.0,2327.0,667.0,73.0,479.0
618,1.03,10398.0,23.0,33.0,-10.0,-4.0,-7.0,-7.0,-20.0,-19.0,336.0,-64.0,-87.0,-314.0,2345.0,675.0,74.0,477.0
619,1.031667,10406.0,22.0,32.0,-9.0,-2.0,-9.0,-4.0,-18.0,-23.0,342.0,-64.0,-86.0,-312.0,2360.0,674.0,75.0,483.0
620,1.033333,10405.0,-8.0,-1.0,-44.0,-36.0,-45.0,-42.0,-50.0,-57.0,301.0,-106.0,-124.0,-360.0,2325.0,635.0,33.0,442.0
621,1.035,10402.0,6.0,15.0,-28.0,-19.0,-24.0,-21.0,-31.0,-32.0,326.0,-84.0,-100.0,-325.0,2369.0,668.0,63.0,473.0
622,1.036667,10397.0,21.0,29.0,-15.0,-5.0,-9.0,-9.0,-18.0,-24.0,333.0,-68.0,-83.0,-312.0,2394.0,687.0,69.0,489.0
623,1.038333,10397.0,21.0,31.0,-13.0,-3.0,-6.0,-7.0,-18.0,-17.0,339.0,-72.0,-79.0,-309.0,2407.0,689.0,75.0,495.0
624,1.04,10367.0,23.0,33.0,-12.0,-1.0,-12.0,-6.0,-18.0,-19.0,334.0,-69.0,-75.0,-315.0,2421.0,693.0,77.0,496.0
625,1.041667,10402.0,-9.0,0.0,-47.0,-37.0,-42.0,-41.0,-51.0,-54.0,296.0,-115.0,-119.0,-353.0,2389.0,650.0,36.0,456.0
626,1.043333,10411.0,6.0,12.0,-28.0,-18.0,-24.0,-21.0,-29.0,-37.0,316.0,-84.0,-89.0,-324.0,2429.0,684.0,63.0,486.0
627,1.045,10410.0,15.0,31.0,-15.0,-4.0,-10.0,-9.0,-20.0,-20.0,331.0,-72.0,-74.0,-309.0,2451.0,697.0,76.0,502.0
628,1.046667,10413.0,21.0,34.0,-14.0,-2.0,-9.0,-7.0,-17.0,-23.0,330.0,-70.0,-74.0,-314.0,2467.0,702.0,79.0,508.0
629,1.048333,10400.0,21.0,35.0,-14.0,-4.0,-10.0,-6.0,-18.0,-19.0,332.0,-75.0,-72.0,-309.0,2477.0,704.0,81.0,507.0
630,1.05,10405.0,-9.0,0.0,-46.0,-35.0,-42.0,-42.0,-49.0,-59.0,287.0,-114.0,-112.0,-351.0,2447.0,662.0,31.0,469.0
631,1.051667,10406.0,7.0,17.0,-28.0,-18.0,-22.0,-22.0,-32.0,-33.0,313.0,-88.0,-83.0,-321.0,2477.0,693.0,66.0,501.0
632,1.053333,10400.0,20.0,31.0,-13.0,-4.0,-13.0,-10.0,-18.0,-24.0,324.0,-74.0,-74.0,-309.0,2506.0,709.0,76.0,514.0
633,1.055,10408.0,23.0,35.0,-17.0,-2.0,-7.0,-6.0,-17.0,-19.0,322.0,-78.0,-67.0,-304.0,2516.0,710.0,78.0,514.0
634,1.056667,10374.0,19.0,36.0,-12.0,-2.0,-8.0,-6.0,-14.0,-22.0,322.0,-77.0,-65.0,-305.0,2528.0,711.0,75.0,519.0
635,1.058333,10394.0,-8.0,4.0,-44.0,-37.0,-41.0,-45.0,-54.0,-54.0,282.0,-119.0,-105.0,-348.0,2483.0,668.0,34.0,479.0
636,1.06,10401.0,5.0,18.0,-28.0,-20.0,-26.0,-22.0,-31.0,-33.0,305.0,-88.0,-85.0,-320.0,2525.0,697.0,63.0,511.0
637,1.061667,10402.0,22.0,32.0,-16.0,-4.0,-10.0,-9.0,-19.0,-23.0,312.0,-79.0,-65.0,-306.0,2543.0,708.0,79.0,514.0
638,1.063333,10382.0,20.0,36.0,-13.0,-5.0,-9.0,-8.0,-16.0,-19.0,316.0,-76.0,-64.0,-306.0,2553.0,705.0,79.0,526.0
639,1.065,10417.0,23.0,35.0,-14.0,-2.0,-8.0,-9.0,-17.0,-21.0,314.0,-77.0,-61.0,-306.0,2556.0,708.0,81.0,526.0
640,1.066667,10415.0,-8.0,4.0,-45.0,-38.0,-41.0,-43.0,-50.0,-54.0,271.0,-116.0,-113.0,-349.0,2520.0,664.0,36.0,491.0
641,1.068333,10401.0,7.0,19.0,-30.0,-20.0,-24.0,-21.0,-32.0,-33.0,290.0,-91.0,-76.0,-321.0,2552.0,692.0,68.0,513.0
642,1.07,10410.0,20.0,31.0,-14.0,-4.0,-10.0,-8.0,-21.0,-22.0,304.0,-81.0,-62.0,-306.0,2572.0,696.0,78.0,531.0
643,1.071667,10397.0,23.0,31.0,-13.0,-3.0,-9.0,-6.0,-13.0,-22.0,302.0,-81.0,-56.0,-307.0,2571.0,701.0,80.0,536.0
644,1.073333,10411.0,19.0,29.0,-15.0,-5.0,-7.0,-7.0,-16.0,-19.0,301.0,-85.0,-62.0,-302.0,2574.0,703.0,78.0,542.0
645,1.075,10408.0,-12.0,-5.0,-48.0,-43.0,-44.0,-43.0,-49.0,-55.0,251.0,-129.0,-103.0,-348.0,2532.0,656.0,29.0,496.0
646,1.076667,10409.0,0.0,12.0,-34.0,-24.0,-22.0,-21.0,-35.0,-33.0,278.0,-104.0,-75.0,-316.0,2563.0,679.0,63.0,526.0
647,1.078333,10406.0,14.0,25.0,-19.0,-5.0,-10.0,-10.0,-19.0,-22.0,290.0,-88.0,-60.0,-310.0,2577.0,690.0,75.0,538.0
648,1.08,10418.0,14.0,24.0,-18.0,-8.0,-10.0,-7.0,-18.0,-22.0,293.0,-92.0,-60.0,-304.0,2578.0,691.0,77.0,540.0
649,1.081667,10408.0,17.0,23.0,-16.0,-6.0,-10.0,-8.0,-15.0,-22.0,289.0,-88.0,-58.0,-302.0,2582.0,691.0,70.0,539.0
650,1.083333,10405.0,-15.0,-4.0,-49.0,-40.0,-42.0,-43.0,-54.0,-56.0,251.0,-127.0,-104.0,-341.0,2533.0,638.0,35.0,499.0
651,1.085,10398.0,1.0,13.0,-34.0,-21.0,-24.0,-23.0,-28.0,-29.0,275.0,-99.0,-79.0,-320.0,2568.0,665.0,63.0,529.0
652,1.086667,10403.0,14.0,27.0,-20.0,-9.0,-12.0,-8.0,-20.0,-23.0,292.0,-92.0,-65.0,-301.0,2581.0,672.0,76.0,540.0
653,1.088333,10410.0,17.0,27.0,-18.0,-7.0,-8.0,-7.0,-15.0,-22.0,294.0,-85.0,-64.0,-302.0,2581.0,670.0,70.0,546.0
654,1.09,10397.0,17.0,25.0,-16.0,-4.0,-8.0,-7.0,-16.0,-22.0,296.0,-86.0,-67.0,-298.0,2574.0,666.0,75.0,548.0
655,1.091667,10399.0,-16.0,-4.0,-48.0,-41.0,-48.0,-44.0,-49.0,-56.0,260.0,-127.0,-114.0,-347.0,2534.0,620.0,28.0,507.0
656,1.093333,10411.0,0.0,10.0,-36.0,-23.0,-26.0,-23.0,-29.0,-36.0,284.0,-107.0,-85.0,-314.0,2561.0,648.0,62.0,530.0
657,1.095,10409.0,12.0,26.0,-21.0,-9.0,-10.0,-8.0,-18.0,-26.0,300.0,-89.0,-72.0,-301.0,2574.0,653.0,67.0,547.0
658,1.096667,10419.0,15.0,25.0,-17.0,-5.0,-8.0,-9.0,-17.0,-22.0,303.0,-86.0,-73.0,-297.0,2567.0,650.0,74.0,550.0
659,1.098333,10396.0,15.0,28.0,-18.0,-7.0,-10.0,-6.0,-16.0,-21.0,302.0,-82.0,-77.0,-297.0,2569.0,648.0,73.0,550.0
660,1.1,10409.0,-15.0,-4.0,-54.0,-38.0,-45.0,-44.0,-50.0,-55.0,259.0,-128.0,-117.0,-339.0,2521.0,600.0,31.0,506.0
661,1.101667,10410.0,-2.0,11.0,-33.0,-22.0,-24.0,-22.0,-31.0,-36.0,285.0,-98.0,-90.0,-312.0,2550.0,625.0,55.0,537.0
662,1.103333,10411.0,13.0,23.0,-19.0,-10.0,-10.0,-14.0,-16.0,-22.0,298.0,-84.0,-76.0,-298.0,2553.0,634.0,70.0,546.0
663,1.105,10416.0,15.0,27.0,-18.0,-8.0,-6.0,-7.0,-15.0,-22.0,299.0,-84.0,-82.0,-297.0,2561.0,634.0,69.0,553.0
664,1.106667,10399.0,17.0,27.0,-17.0,-6.0,-8.0,-6.0,-14.0,-16.0,293.0,-85.0,-75.0,-293.0,2557.0,633.0,71.0,544.0
665,1.108333,10402.0,-18.0,-6.0,-49.0,-42.0,-46.0,-41.0,-54.0,-61.0,255.0,-126.0,-116.0,-336.0,2516.0,582.0,24.0,508.0
666,1.11,10411.0,-2.0,10.0,-35.0,-21.0,-24.0,-26.0,-28.0,-34.0,275.0,-101.0,-87.0,-312.0,2541.0,616.0,54.0,536.0
667,1.111667,10402.0,13.0,24.0,-19.0,-12.0,-12.0,-9.0,-17.0,-23.0,290.0,-92.0,-78.0,-295.0,2554.0,628.0,65.0,551.0
668,1.113333,10412.0,15.0,25.0,-18.0,-8.0,-7.0,-7.0,-15.0,-17.0,284.0,-88.0,-71.0,-291.0,2557.0,627.0,65.0,548.0
669,1.115,10392.0,15.0,26.0,-17.0,-7.0,-9.0,-6.0,-18.0,-21.0,290.0,-89.0,-72.0,-288.0,2559.0,623.0,69.0,552.0
670,1.116667,10414.0,-15.0,-5.0,-51.0,-41.0,-44.0,-43.0,-48.0,-55.0,247.0,-131.0,-111.0,-336.0,2515.0,582.0,26.0,509.0
671,1.118333,10409.0,-1.0,8.0,-33.0,-22.0,-24.0,-22.0,-30.0,-36.0,273.0,-109.0,-86.0,-302.0,2549.0,609.0,56.0,539.0
672,1.12,10406.0,13.0,20.0,-20.0,-8.0,-12.0,-8.0,-17.0,-22.0,279.0,-91.0,-71.0,-291.0,2564.0,627.0,64.0,548.0
673,1.121667,10401.0,14.0,24.0,-18.0,-5.0,-9.0,-6.0,-16.0,-21.0,284.0,-89.0,-69.0,-286.0,2571.0,623.0,68.0,553.0
674,1.123333,10400.0,14.0,27.0,-17.0,-6.0,-7.0,-7.0,-15.0,-19.0,278.0,-90.0,-64.0,-292.0,2573.0,626.0,69.0,553.0
675,1.125,10420.0,-16.0,-5.0,-51.0,-41.0,-44.0,-42.0,-50.0,-55.0,238.0,-141.0,-109.0,-329.0,2533.0,581.0,29.0,512.0
676,1.126667,10413.0,0.0,7.0,-35.0,-24.0,-23.0,-22.0,-30.0,-38.0,259.0,-110.0,-78.0,-301.0,2566.0,613.0,50.0,546.0
677,1.128333,10411.0,12.0,20.0,-19.0,-9.0,-10.0,-12.0,-19.0,-19.0,268.0,-99.0,-62.0,-284.0,2575.0,626.0,65.0,556.0
678,1.13,10444.0,13.0,24.0,-18.0,-4.0,-13.0,-6.0,-16.0,-23.0,268.0,-100.0,-62.0,-291.0,2582.0,630.0,66.0,557.0
679,1.131667,10404.0,15.0,26.0,-20.0,-6.0,-8.0,-8.0,-14.0,-20.0,264.0,-105.0,-58.0,-285.0,2583.0,630.0,69.0,556.0
680,1.133333,10408.0,-17.0,-5.0,-51.0,-41.0,-44.0,-43.0,-49.0,-57.0,219.0,-144.0,-99.0,-327.0,2541.0,588.0,19.0,514.0
681,1.135,10406.0,-2.0,11.0,-34.0,-21.0,-23.0,-24.0,-32.0,-32.0,242.0,-117.0,-72.0,-297.0,2567.0,617.0,55.0,542.0
682,1.136667,10409.0,12.0,21.0,-20.0,-8.0,-13.0,-9.0,-19.0,-23.0,250.0,-103.0,-63.0,-287.0,2584.0,630.0,67.0,555.0
683,1.138333,10403.0,14.0,25.0,-19.0,-6.0,-9.0,-7.0,-16.0,-21.0,249.0,-106.0,-57.0,-283.0,2589.0,632.0,70.0,550.0
684,1.14,10413.0,14.0,25.0,-16.0,-6.0,-10.0,-6.0,-12.0,-22.0,244.0,-100.0,-54.0,-282.0,2591.0,628.0,67.0,553.0
685,1.141667,10413.0,-18.0,-8.0,-50.0,-40.0,-42.0,-47.0,-50.0,-55.0,202.0,-148.0,-93.0,-324.0,2540.0,589.0,28.0,515.0
686,1.143333,10402.0,-3.0,9.0,-33.0,-24.0,-26.0,-23.0,-27.0,-33.0,222.0,-123.0,-71.0,-295.0,2578.0,619.0,57.0,542.0
687,1.145,10402.0,11.0,22.0,-21.0,-9.0,-10.0,-9.0,-19.0,-19.0,226.0,-113.0,-49.0,-280.0,2589.0,632.0,69.0,549.0
688,1.146667,10423.0,9.0,24.0,-18.0,-6.0,-9.0,-7.0,-17.0,-23.0,226.0,-112.0,-45.0,-280.0,2596.0,634.0,68.0,555.0
689,1.148333,10403.0,13.0,24.0,-19.0,-3.0,-9.0,-10.0,-17.0,-26.0,220.0,-113.0,-38.0,-278.0,2591.0,637.0,68.0,557.0
690,1.15,10387.0,-18.0,-7.0,-51.0,-43.0,-44.0,-45.0,-49.0,-53.0,176.0,-156.0,-86.0,-320.0,2548.0,595.0,24.0,515.0
691,1.151667,10410.0,-1.0,7.0,-33.0,-21.0,-23.0,-23.0,-28.0,-33.0,189.0,-133.0,-49.0,-288.0,2577.0,627.0,56.0,540.0
692,1.153333,10403.0,9.0,22.0,-21.0,-9.0,-9.0,-8.0,-19.0,-20.0,201.0,-119.0,-36.0,-277.0,2592.0,636.0,69.0,555.0
693,1.155,10397.0,13.0,24.0,-18.0,-3.0,-9.0,-5.0,-15.0,-19.0,198.0,-119.0,-28.0,-277.0,2590.0,645.0,70.0,553.0
694,1.156667,10404.0,14.0,23.0,-17.0,-6.0,-8.0,-7.0,-16.0,-20.0,192.0,-125.0,-32.0,-272.0,2590.0,647.0,70.0,555.0
695,1.158333,10404.0,-15.0,-10.0,-49.0,-40.0,-45.0,-42.0,-47.0,-57.0,136.0,-166.0,-68.0,-313.0,2544.0,606.0,23.0,508.0
696,1.16,10401.0,-4.0,8.0,-34.0,-21.0,-24.0,-24.0,-32.0,-34.0,160.0,-142.0,-40.0,-283.0,2572.0,632.0,55.0,540.0
697,1.161667,10406.0,11.0,22.0,-20.0,-7.0,-10.0,-10.0,-16.0,-22.0,170.0,-130.0,-21.0,-277.0,2580.0,648.0,69.0,549.0
698,1.163333,10420.0,14.0,25.0,-20.0,-6.0,-9.0,-8.0,-19.0,-18.0,167.0,-135.0,-20.0,-269.0,2578.0,650.0,73.0,550.0
699,1.165,10422.0,14.0,21.0,-16.0,-4.0,-8.0,-8.0,-13.0,-22.0,157.0,-131.0,-18.0,-270.0,2574.0,658.0,65.0,544.0
700,1.166667,10411.0,-18.0,-10.0,-50.0,-40.0,-44.0,-41.0,-53.0,-55.0,115.0,-179.0,-60.0,-308.0,2521.0,609.0,24.0,502.0
701,1.168333,10406.0,-2.0,7.0,-32.0,-20.0,-28.0,-22.0,-28.0,-35.0,132.0,-152.0,-29.0,-286.0,2550.0,640.0,56.0,531.0
702,1.17,10409.0,10.0,21.0,-21.0,-8.0,-13.0,-9.0,-16.0,-22.0,137.0,-147.0,-15.0,-268.0,2557.0,655.0,70.0,537.0
703,1.171667,10375.0,10.0,22.0,-19.0,-5.0,-8.0,-6.0,-13.0,-20.0,132.0,-141.0,-10.0,-267.0,2556.0,659.0,66.0,541.0
704,1.173333,10422.0,12.0,22.0,-18.0,-4.0,-6.0,-6.0,-18.0,-22.0,130.0,-144.0,-8.0,-265.0,2547.0,659.0,73.0,539.0
705,1.175,10402.0,-19.0,-9.0,-50.0,-38.0,-46.0,-42.0,-53.0,-54.0,81.0,-185.0,-50.0,-310.0,2504.0,613.0,29.0,498.0
706,1.176667,10410.0,-2.0,6.0,-35.0,-21.0,-26.0,-22.0,-30.0,-36.0,99.0,-165.0,-20.0,-278.0,2531.0,642.0,62.0,524.0
707,1.178333,10406.0,9.0,18.0,-20.0,-7.0,-10.0,-8.0,-16.0,-26.0,111.0,-151.0,-5.0,-266.0,2545.0,653.0,67.0,539.0
708,1.18,10409.0,12.0,23.0,-18.0,-7.0,-10.0,-8.0,-14.0,-22.0,109.0,-152.0,-1.0,-263.0,2536.0,658.0,69.0,541.0
709,1.181667,10414.0,12.0,23.0,-18.0,-5.0,-8.0,-9.0,-15.0,-18.0,110.0,-152.0,-6.0,-263.0,2540.0,659.0,70.0,539.0
710,1.183333,10408.0,-18.0,-8.0,-54.0,-40.0,-43.0,-43.0,-49.0,-54.0,66.0,-198.0,-44.0,-304.0,2494.0,612.0,27.0,491.0
711,1.185,10409.0,-6.0,8.0,-33.0,-22.0,-26.0,-19.0,-31.0,-34.0,92.0,-174.0,-16.0,-276.0,2522.0,636.0,54.0,524.0
712,1.186667,10411.0,10.0,18.0,-20.0,-6.0,-10.0,-12.0,-15.0,-24.0,105.0,-159.0,-5.0,-264.0,2527.0,651.0,67.0,537.0
713,1.188333,10403.0,13.0,22.0,-19.0,-7.0,-8.0,-7.0,-15.0,-20.0,109.0,-155.0,-8.0,-260.0,2531.0,650.0,70.0,540.0
714,1.19,10400.0,14.0,22.0,-19.0,-4.0,-8.0,-8.0,-15.0,-19.0,103.0,-159.0,-4.0,-259.0,2527.0,650.0,69.0,531.0
715,1.191667,10411.0,-22.0,-8.0,-50.0,-38.0,-42.0,-43.0,-53.0,-56.0,66.0,-198.0,-50.0,-301.0,2484.0,597.0,27.0,492.0
716,1.193333,10402.0,-1.0,7.0,-35.0,-21.0,-26.0,-26.0,-28.0,-34.0,92.0,-171.0,-20.0,-277.0,2505.0,626.0,59.0,523.0
717,1.195,10405.0,9.0,21.0,-20.0,-12.0,-12.0,-8.0,-20.0,-24.0,107.0,-160.0,-16.0,-260.0,2520.0,638.0,70.0,539.0
718,1.196667,10416.0,13.0,18.0,-19.0,-4.0,-12.0,-8.0,-16.0,-19.0,102.0,-159.0,-12.0,-257.0,2522.0,640.0,69.0,534.0
719,1.198333,10400.0,12.0,22.0,-18.0,-4.0,-9.0,-5.0,-18.0,-22.0,108.0,-159.0,-8.0,-255.0,2520.0,630.0,70.0,542.0
720,1.2,10412.0,-19.0,-10.0,-51.0,-35.0,-44.0,-45.0,-49.0,-54.0,66.0,-203.0,-49.0,-305.0,2480.0,589.0,26.0,496.0
721,1.201667,10409.0,-1.0,6.0,-34.0,-22.0,-24.0,-21.0,-32.0,-34.0,94.0,-181.0,-23.0,-272.0,2508.0,617.0,54.0,528.0
722,1.203333,10398.0,10.0,18.0,-19.0,-7.0,-12.0,-8.0,-17.0,-22.0,104.0,-169.0,-9.0,-257.0,2522.0,628.0,63.0,542.0
723,1.205,10409.0,12.0,20.0,-18.0,-3.0,-9.0,-7.0,-20.0,-19.0,109.0,-169.0,-7.0,-252.0,2525.0,625.0,65.0,544.0
724,1.206667,10400.0,13.0,23.0,-17.0,-2.0,-9.0,-6.0,-16.0,-19.0,109.0,-165.0,-9.0,-258.0,2529.0,625.0,66.0,546.0
725,1.208333,10401.0,-19.0,-10.0,-55.0,-38.0,-44.0,-43.0,-48.0,-57.0,74.0,-215.0,-51.0,-296.0,2487.0,576.0,25.0,501.0
726,1.21,10408.0,-2.0,6.0,-35.0,-23.0,-23.0,-23.0,-30.0,-36.0,97.0,-182.0,-24.0,-268.0,2519.0,607.0,46.0,531.0
727,1.211667,10397.0,10.0,20.0,-21.0,-7.0,-9.0,-10.0,-20.0,-22.0,116.0,-168.0,-16.0,-252.0,2527.0,613.0,64.0,546.0
728,1.213333,10398.0,13.0,21.0,-17.0,-5.0,-12.0,-7.0,-16.0,-21.0,121.0,-163.0,-15.0,-251.0,2534.0,610.0,66.0,550.0
729,1.215,10400.0,13.0,21.0,-20.0,-4.0,-10.0,-8.0,-16.0,-21.0,126.0,-170.0,-19.0,-251.0,2539.0,608.0,67.0,546.0
730,1.216667,10413.0,-18.0,-10.0,-51.0,-41.0,-45.0,-41.0,-50.0,-58.0,87.0,-204.0,-62.0,-292.0,2496.0,560.0,18.0,506.0
731,1.218333,10404.0,-3.0,5.0,-34.0,-22.0,-23.0,-24.0,-28.0,-32.0,113.0,-180.0,-35.0,-262.0,2517.0,588.0,52.0,538.0
732,1.22,10403.0,10.0,23.0,-21.0,-9.0,-12.0,-10.0,-19.0,-24.0,130.0,-165.0,-27.0,-250.0,2538.0,596.0,62.0,550.0
733,1.221667,10426.0,14.0,24.0,-20.0,-5.0,-9.0,-6.0,-17.0,-16.0,132.0,-170.0,-22.0,-245.0,2540.0,596.0,65.0,551.0
734,1.223333,10392.0,9.0,22.0,-19.0,-2.0,-9.0,-5.0,-17.0,-23.0,131.0,-168.0,-22.0,-244.0,2543.0,590.0,60.0,553.0
735,1.225,10417.0,-17.0,-12.0,-51.0,-38.0,-42.0,-46.0,-49.0,-57.0,92.0,-210.0,-64.0,-290.0,2490.0,544.0,20.0,510.0
736,1.226667,10418.0,-4.0,3.0,-33.0,-23.0,-26.0,-23.0,-28.0,-36.0,115.0,-182.0,-45.0,-259.0,2525.0,572.0,50.0,542.0
737,1.228333,10401.0,10.0,19.0,-23.0,-7.0,-9.0,-12.0,-15.0,-21.0,126.0,-174.0,-26.0,-245.0,2535.0,583.0,63.0,546.0
738,1.23,10395.0,9.0,22.0,-19.0,-5.0,-9.0,-5.0,-15.0,-23.0,129.0,-170.0,-23.0,-243.0,2540.0,581.0,62.0,558.0
739,1.231667,10409.0,12.0,21.0,-20.0,-5.0,-9.0,-9.0,-16.0,-19.0,127.0,-168.0,-22.0,-243.0,2536.0,579.0,65.0,556.0
740,1.233333,10410.0,-18.0,-10.0,-51.0,-42.0,-47.0,-42.0,-49.0,-57.0,87.0,-212.0,-73.0,-284.0,2494.0,533.0,19.0,516.0
741,1.235,10412.0,-2.0,4.0,-36.0,-22.0,-26.0,-22.0,-30.0,-34.0,106.0,-189.0,-37.0,-255.0,2522.0,562.0,46.0,539.0
742,1.236667,10409.0,7.0,15.0,-20.0,-8.0,-14.0,-8.0,-18.0,-24.0,121.0,-176.0,-28.0,-241.0,2540.0,566.0,59.0,555.0
743,1.238333,10408.0,11.0,22.0,-18.0,-6.0,-8.0,-9.0,-16.0,-20.0,121.0,-176.0,-19.0,-243.0,2538.0,570.0,60.0,556.0
744,1.24,10412.0,11.0,23.0,-17.0,-8.0,-8.0,-7.0,-14.0,-20.0,122.0,-180.0,-27.0,-239.0,2541.0,571.0,59.0,558.0
745,1.241667,10414.0,-18.0,-14.0,-53.0,-38.0,-43.0,-42.0,-50.0,-55.0,74.0,-222.0,-64.0,-282.0,2496.0,524.0,13.0,509.0
746,1.243333,10405.0,-4.0,3.0,-35.0,-22.0,-22.0,-21.0,-32.0,-31.0,104.0,-194.0,-38.0,-251.0,2522.0,547.0,43.0,540.0
747,1.245,10405.0,9.0,18.0,-18.0,-6.0,-13.0,-9.0,-18.0,-26.0,115.0,-182.0,-22.0,-242.0,2535.0,562.0,57.0,552.0
748,1.246667,10405.0,10.0,20.0,-21.0,-10.0,-10.0,-9.0,-14.0,-21.0,118.0,-183.0,-27.0,-237.0,2539.0,560.0,60.0,557.0
749,1.248333,10398.0,10.0,17.0,-20.0,-5.0,-8.0,-7.0,-16.0,-22.0,110.0,-181.0,-23.0,-235.0,2539.0,563.0,53.0,553.0
750,1.25,10405.0,-20.0,-9.0,-51.0,-41.0,-44.0,-45.0,-54.0,-53.0,71.0,-223.0,-64.0,-273.0,2490.0,512.0,15.0,515.0
751,1.251667,10406.0,-4.0,1.0,-34.0,-20.0,-27.0,-21.0,-31.0,-35.0,94.0,-199.0,-36.0,-254.0,2524.0,543.0,45.0,542.0
752,1.253333,10400.0,8.0,18.0,-24.0,-8.0,-12.0,-9.0,-19.0,-26.0,107.0,-194.0,-23.0,-235.0,2533.0,553.0,59.0,554.0
753,1.255,10406.0,10.0,15.0,-18.0,-5.0,-10.0,-7.0,-14.0,-23.0,104.0,-187.0,-18.0,-232.0,2535.0,557.0,53.0,557.0
754,1.256667,10404.0,10.0,18.0,-17.0,-6.0,-9.0,-6.0,-17.0,-22.0,101.0,-189.0,-16.0,-229.0,2530.0,554.0,55.0,558.0
755,1.258333,10402.0,-21.0,-9.0,-53.0,-41.0,-45.0,-45.0,-47.0,-57.0,56.0,-230.0,-60.0,-273.0,2489.0,511.0,10.0,512.0
756,1.26,10408.0,-6.0,3.0,-37.0,-22.0,-23.0,-22.0,-32.0,-32.0,80.0,-213.0,-31.0,-243.0,2516.0,539.0,43.0,536.0
757,1.261667,10408.0,6.0,13.0,-23.0,-7.0,-13.0,-9.0,-18.0,-26.0,89.0,-196.0,-15.0,-231.0,2529.0,550.0,48.0,549.0
758,1.263333,10410.0,9.0,14.0,-19.0,-7.0,-9.0,-7.0,-15.0,-24.0,88.0,-196.0,-15.0,-225.0,2522.0,552.0,56.0,551.0
759,1.265,10406.0,8.0,17.0,-19.0,-7.0,-13.0,-9.0,-14.0,-19.0,87.0,-193.0,-19.0,-226.0,2528.0,554.0,54.0,550.0
760,1.266667,10411.0,-24.0,-13.0,-56.0,-42.0,-46.0,-45.0,-49.0,-55.0,41.0,-241.0,-58.0,-267.0,2479.0,507.0,15.0,502.0
761,1.268333,10408.0,-7.0,3.0,-37.0,-23.0,-24.0,-22.0,-28.0,-34.0,67.0,-212.0,-32.0,-240.0,2510.0,533.0,39.0,534.0
762,1.27,10409.0,3.0,11.0,-23.0,-8.0,-9.0,-12.0,-16.0,-22.0,75.0,-203.0,-17.0,-229.0,2514.0,549.0,53.0,541.0
763,1.271667,10394.0,6.0,17.0,-20.0,-9.0,-7.0,-5.0,-15.0,-21.0,76.0,-199.0,-23.0,-226.0,2517.0,550.0,56.0,549.0
764,1.273333,10387.0,7.0,12.0,-19.0,-4.0,-10.0,-5.0,-13.0,-23.0,67.0,-207.0,-18.0,-224.0,2515.0,552.0,54.0,540.0
765,1.275,10401.0,-30.0,-17.0,-53.0,-40.0,-47.0,-43.0,-49.0,-57.0,26.0,-250.0,-62.0,-269.0,2469.0,503.0,9.0,502.0
766,1.276667,10406.0,-9.0,-2.0,-38.0,-22.0,-27.0,-24.0,-27.0,-36.0,50.0,-225.0,-32.0,-244.0,2492.0,536.0,39.0,528.0
767,1.278333,10402.0,1.0,11.0,-22.0,-12.0,-13.0,-8.0,-16.0,-21.0,62.0,-214.0,-26.0,-229.0,2505.0,552.0,51.0,541.0
768,1.28,10372.0,6.0,8.0,-20.0,-6.0,-10.0,-5.0,-13.0,-20.0,56.0,-212.0,-21.0,-229.0,2504.0,555.0,51.0,537.0
769,1.281667,10401.0,3.0,13.0,-20.0,-7.0,-7.0,-4.0,-18.0,-22.0,57.0,-213.0,-22.0,-225.0,2499.0,548.0,55.0,536.0
770,1.283333,10402.0,-29.0,-19.0,-54.0,-38.0,-47.0,-44.0,-46.0,-58.0,13.0,-258.0,-63.0,-274.0,2453.0,510.0,13.0,494.0
771,1.285,10405.0,-10.0,-2.0,-35.0,-23.0,-27.0,-22.0,-28.0,-35.0,37.0,-235.0,-40.0,-240.0,2479.0,541.0,39.0,521.0
772,1.286667,10410.0,3.0,7.0,-24.0,-10.0,-12.0,-10.0,-15.0,-20.0,40.0,-221.0,-27.0,-228.0,2493.0,556.0,46.0,526.0
773,1.288333,10402.0,1.0,10.0,-21.0,-7.0,-8.0,-5.0,-19.0,-21.0,42.0,-219.0,-24.0,-224.0,2492.0,555.0,53.0,529.0
774,1.29,10397.0,1.0,12.0,-20.0,-4.0,-10.0,-7.0,-14.0,-19.0,42.0,-224.0,-23.0,-232.0,2491.0,558.0,52.0,527.0
775,1.291667,10414.0,-29.0,-24.0,-53.0,-40.0,-46.0,-42.0,-47.0,-58.0,1.0,-269.0,-69.0,-268.0,2445.0,514.0,8.0,483.0
776,1.293333,10404.0,-14.0,-8.0,-38.0,-24.0,-27.0,-21.0,-26.0,-36.0,23.0,-241.0,-41.0,-239.0,2473.0,550.0,28.0,508.0
777,1.295,10409.0,-1.0,5.0,-23.0,-8.0,-12.0,-8.0,-14.0,-23.0,36.0,-230.0,-27.0,-222.0,2481.0,563.0,49.0,519.0
778,1.296667,10414.0,0.0,12.0,-24.0,-5.0,-12.0,-8.0,-14.0,-21.0,34.0,-229.0,-24.0,-223.0,2487.0,566.0,49.0,521.0
779,1.298333,10427.0,1.0,10.0,-26.0,-6.0,-8.0,-7.0,-14.0,-21.0,33.0,-235.0,-24.0,-218.0,2483.0,567.0,50.0,515.0
780,1.3,10413.0,-28.0,-23.0,-56.0,-41.0,-46.0,-43.0,-48.0,-58.0,-10.0,-272.0,-65.0,-264.0,2442.0,526.0,1.0,472.0
781,1.301667,10413.0,-15.0,-10.0,-38.0,-23.0,-24.0,-22.0,-27.0,-35.0,9.0,-246.0,-36.0,-229.0,2465.0,557.0,37.0,500.0
782,1.303333,10409.0,0.0,7.0,-24.0,-7.0,-15.0,-9.0,-15.0,-23.0,23.0,-230.0,-27.0,-219.0,2485.0,571.0,46.0,510.0
783,1.305,10388.0,1.0,9.0,-24.0,-5.0,-13.0,-7.0,-15.0,-20.0,19.0,-233.0,-19.0,-215.0,2488.0,578.0,52.0,507.0
784,1.306667,10424.0,0.0,11.0,-23.0,-5.0,-8.0,-5.0,-13.0,-24.0,15.0,-233.0,-14.0,-213.0,2493.0,577.0,49.0,510.0
785,1.308333,10402.0,-31.0,-22.0,-56.0,-40.0,-42.0,-45.0,-47.0,-53.0,-29.0,-278.0,-54.0,-254.0,2444.0,540.0,7.0,467.0
786,1.31,10402.0,-15.0,-7.0,-36.0,-22.0,-27.0,-22.0,-27.0,-37.0,-7.0,-249.0,-27.0,-224.0,2478.0,572.0,33.0,492.0
787,1.311667,10410.0,0.0,3.0,-26.0,-9.0,-10.0,-7.0,-14.0,-22.0,-1.0,-240.0,-2.0,-209.0,2492.0,590.0,45.0,495.0
788,1.313333,10411.0,-3.0,6.0,-22.0,-6.0,-12.0,-8.0,-12.0,-23.0,-1.0,-239.0,0.0,-201.0,2499.0,592.0,45.0,498.0
789,1.315,10408.0,-1.0,7.0,-26.0,-6.0,-8.0,-10.0,-12.0,-19.0,-4.0,-238.0,7.0,-204.0,2497.0,598.0,46.0,496.0
790,1.316667,10410.0,-30.0,-26.0,-54.0,-42.0,-45.0,-42.0,-45.0,-56.0,-48.0,-281.0,-36.0,-241.0,2458.0,556.0,1.0,454.0
791,1.318333,10409.0,-16.0,-10.0,-40.0,-21.0,-24.0,-22.0,-28.0,-34.0,-35.0,-256.0,1.0,-212.0,2490.0,592.0,33.0,473.0
792,1.32,10406.0,-3.0,4.0,-23.0,-6.0,-13.0,-8.0,-16.0,-26.0,-23.0,-242.0,18.0,-196.0,2510.0,606.0,42.0,483.0
793,1.321667,10401.0,-1.0,8.0,-21.0,-4.0,-9.0,-6.0,-12.0,-22.0,-27.0,-239.0,32.0,-195.0,2516.0,616.0,49.0,481.0
794,1.323333,10406.0,0.0,6.0,-22.0,-8.0,-10.0,-7.0,-10.0,-23.0,-31.0,-240.0,31.0,-188.0,2524.0,623.0,48.0,485.0
795,1.325,10398.0,-32.0,-28.0,-57.0,-40.0,-43.0,-43.0,-45.0,-54.0,-84.0,-281.0,0.0,-229.0,2490.0,583.0,4.0,439.0
796,1.326667,10410.0,-19.0,-9.0,-38.0,-20.0,-27.0,-23.0,-30.0,-34.0,-60.0,-254.0,38.0,-196.0,2536.0,613.0,32.0,470.0
797,1.328333,10410.0,-4.0,0.0,-24.0,-5.0,-14.0,-9.0,-18.0,-23.0,-50.0,-241.0,64.0,-186.0,2561.0,636.0,43.0,481.0
798,1.33,10398.0,0.0,1.0,-23.0,-8.0,-13.0,-9.0,-15.0,-21.0,-53.0,-243.0,73.0,-179.0,2584.0,648.0,45.0,485.0
799,1.331667,10402.0,0.0,1.0,-20.0,-5.0,-9.0,-6.0,-15.0,-28.0,-62.0,-243.0,83.0,-176.0,2600.0,656.0,41.0,483.0
800,1.333333,10404.0,-34.0,-30.0,-55.0,-41.0,-45.0,-44.0,-49.0,-54.0,-107.0,-286.0,49.0,-215.0,2572.0,612.0,3.0,447.0
801,1.335,10412.0,-17.0,-9.0,-37.0,-19.0,-29.0,-22.0,-27.0,-36.0,-85.0,-259.0,84.0,-196.0,2620.0,650.0,32.0,479.0
802,1.336667,10409.0,-3.0,3.0,-27.0,-8.0,-12.0,-8.0,-16.0,-19.0,-75.0,-253.0,105.0,-174.0,2652.0,664.0,45.0,488.0
803,1.338333,10399.0,0.0,4.0,-19.0,-2.0,-9.0,-6.0,-13.0,-23.0,-82.0,-248.0,111.0,-170.0,2669.0,669.0,38.0,489.0
804,1.34,10396.0,0.0,1.0,-19.0,-3.0,-8.0,-8.0,-15.0,-21.0,-83.0,-252.0,118.0,-169.0,2680.0,669.0,45.0,492.0
805,1.341667,10403.0,-33.0,-30.0,-54.0,-37.0,-49.0,-40.0,-45.0,-59.0,-125.0,-287.0,75.0,-218.0,2654.0,626.0,3.0,454.0
806,1.343333,10400.0,-19.0,-9.0,-40.0,-22.0,-27.0,-24.0,-28.0,-33.0,-97.0,-269.0,106.0,-185.0,2697.0,653.0,33.0,484.0
807,1.345,10402.0,-5.0,3.0,-27.0,-7.0,-13.0,-9.0,-13.0,-24.0,-85.0,-250.0,119.0,-172.0,2723.0,668.0,37.0,498.0
808,1.346667,10412.0,-4.0,5.0,-20.0,-5.0,-8.0,-7.0,-16.0,-20.0,-78.0,-251.0,121.0,-168.0,2731.0,666.0,43.0,501.0
809,1.348333,10389.0,-3.0,4.0,-21.0,-4.0,-15.0,-6.0,-14.0,-20.0,-74.0,-248.0,119.0,-172.0,2747.0,665.0,43.0,506.0
810,1.35,10413.0,-31.0,-27.0,-57.0,-41.0,-45.0,-41.0,-49.0,-55.0,-112.0,-296.0,77.0,-213.0,2712.0,618.0,3.0,464.0
811,1.351667,10401.0,-20.0,-13.0,-40.0,-20.0,-27.0,-21.0,-24.0,-38.0,-83.0,-264.0,103.0,-186.0,2755.0,644.0,25.0,497.0
812,1.353333,10409.0,-5.0,1.0,-24.0,-6.0,-12.0,-9.0,-15.0,-22.0,-70.0,-253.0,113.0,-173.0,2769.0,652.0,40.0,509.0
813,1.355,10415.0,-2.0,5.0,-22.0,-6.0,-9.0,-5.0,-13.0,-16.0,-64.0,-246.0,106.0,-176.0,2787.0,652.0,43.0,515.0
814,1.356667,10409.0,-1.0,5.0,-24.0,-4.0,-8.0,-5.0,-15.0,-21.0,-68.0,-251.0,106.0,-179.0,2795.0,649.0,46.0,512.0
815,1.358333,10406.0,-34.0,-27.0,-56.0,-37.0,-44.0,-42.0,-47.0,-57.0,-106.0,-293.0,62.0,-225.0,2765.0,595.0,-3.0,481.0
816,1.36,10410.0,-18.0,-12.0,-36.0,-20.0,-26.0,-24.0,-29.0,-35.0,-79.0,-267.0,85.0,-201.0,2796.0,623.0,26.0,515.0
817,1.361667,10406.0,-5.0,3.0,-23.0,-10.0,-12.0,-8.0,-15.0,-23.0,-65.0,-256.0,87.0,-193.0,2823.0,632.0,38.0,528.0
818,1.363333,10406.0,-2.0,3.0,-23.0,-6.0,-10.0,-7.0,-10.0,-20.0,-64.0,-257.0,90.0,-195.0,2832.0,628.0,41.0,528.0
819,1.365,10422.0,-2.0,6.0,-23.0,-6.0,-7.0,-6.0,-16.0,-20.0,-61.0,-256.0,82.0,-200.0,2841.0,621.0,40.0,536.0
820,1.366667,10424.0,-32.0,-27.0,-55.0,-38.0,-44.0,-45.0,-49.0,-59.0,-100.0,-302.0,38.0,-254.0,2800.0,575.0,-4.0,495.0
821,1.368333,10402.0,-18.0,-10.0,-38.0,-27.0,-24.0,-22.0,-30.0,-35.0,-74.0,-284.0,52.0,-222.0,2840.0,598.0,24.0,530.0
822,1.37,10395.0,-3.0,0.0,-28.0,-7.0,-14.0,-8.0,-13.0,-26.0,-67.0,-268.0,63.0,-217.0,2856.0,607.0,35.0,539.0
823,1.371667,10395.0,-2.0,5.0,-21.0,-7.0,-9.0,-4.0,-15.0,-20.0,-62.0,-269.0,60.0,-217.0,2868.0,595.0,36.0,547.0
824,1.373333,10401.0,0.0,6.0,-24.0,-4.0,-12.0,-9.0,-13.0,-20.0,-61.0,-269.0,56.0,-226.0,2873.0,595.0,41.0,548.0
825,1.375,10402.0,-33.0,-24.0,-57.0,-43.0,-41.0,-43.0,-50.0,-54.0,-102.0,-314.0,3.0,-268.0,2835.0,546.0,-1.0,511.0
826,1.376667,10408.0,-19.0,-14.0,-40.0,-22.0,-24.0,-20.0,-28.0,-33.0,-85.0,-283.0,28.0,-244.0,2873.0,568.0,22.0,542.0
827,1.378333,10398.0,-4.0,0.0,-24.0,-9.0,-12.0,-6.0,-21.0,-28.0,-70.0,-272.0,34.0,-232.0,2890.0,568.0,36.0,561.0
828,1.38,10423.0,-2.0,1.0,-24.0,-6.0,-12.0,-8.0,-13.0,-21.0,-71.0,-272.0,35.0,-239.0,2898.0,567.0,37.0,564.0
829,1.381667,10404.0,-1.0,6.0,-23.0,-7.0,-9.0,-6.0,-14.0,-22.0,-71.0,-279.0,26.0,-235.0,2904.0,560.0,37.0,568.0
830,1.383333,10408.0,-33.0,-26.0,-58.0,-41.0,-45.0,-43.0,-45.0,-55.0,-118.0,-316.0,-18.0,-281.0,2866.0,510.0,-10.0,527.0
831,1.385,10404.0,-17.0,-10.0,-41.0,-24.0,-23.0,-20.0,-31.0,-34.0,-89.0,-290.0,3.0,-252.0,2892.0,530.0,21.0,564.0
832,1.386667,10404.0,-3.0,4.0,-28.0,-9.0,-14.0,-7.0,-18.0,-24.0,-81.0,-278.0,10.0,-245.0,2911.0,537.0,28.0,577.0
833,1.388333,10378.0,-1.0,3.0,-24.0,-7.0,-10.0,-6.0,-12.0,-24.0,-77.0,-281.0,8.0,-241.0,2915.0,529.0,32.0,579.0
834,1.39,10420.0,0.0,3.0,-26.0,-7.0,-8.0,-6.0,-10.0,-24.0,-82.0,-276.0,5.0,-242.0,2919.0,524.0,25.0,582.0
835,1.391667,10401.0,-35.0,-30.0,-59.0,-41.0,-44.0,-43.0,-48.0,-56.0,-120.0,-318.0,-42.0,-282.0,2870.0,469.0,-13.0,540.0
836,1.393333,10404.0,-18.0,-8.0,-40.0,-26.0,-28.0,-23.0,-29.0,-34.0,-97.0,-290.0,-20.0,-260.0,2906.0,491.0,17.0,574.0
837,1.395,10408.0,-4.0,3.0,-30.0,-12.0,-14.0,-9.0,-16.0,-22.0,-82.0,-281.0,-10.0,-245.0,2920.0,492.0,29.0,581.0
838,1.396667,10399.0,-1.0,4.0,-28.0,-9.0,-10.0,-5.0,-15.0,-24.0,-79.0,-272.0,-8.0,-244.0,2926.0,485.0,24.0,590.0
839,1.398333,10418.0,-1.0,4.0,-24.0,-8.0,-8.0,-8.0,-13.0,-19.0,-78.0,-274.0,-12.0,-242.0,2923.0,475.0,27.0,590.0
840,1.4,10401.0,-33.0,-27.0,-58.0,-44.0,-47.0,-42.0,-48.0,-58.0,-119.0,-311.0,-62.0,-290.0,2884.0,425.0,-14.0,554.0
841,1.401667,10397.0,-17.0,-8.0,-44.0,-24.0,-27.0,-23.0,-26.0,-31.0,-92.0,-290.0,-32.0,-257.0,2915.0,449.0,13.0,580.0
842,1.403333,10403.0,-5.0,4.0,-27.0,-10.0,-9.0,-9.0,-17.0,-26.0,-76.0,-276.0,-19.0,-245.0,2930.0,449.0,20.0,597.0
843,1.405,10400.0,0.0,7.0,-24.0,-9.0,-8.0,-8.0,-13.0,-21.0,-74.0,-274.0,-16.0,-242.0,2929.0,442.0,24.0,604.0
844,1.406667,10395.0,-2.0,5.0,-23.0,-12.0,-12.0,-6.0,-14.0,-24.0,-72.0,-270.0,-26.0,-242.0,2932.0,435.0,22.0,606.0
845,1.408333,10408.0,-32.0,-24.0,-61.0,-44.0,-47.0,-43.0,-46.0,-54.0,-115.0,-316.0,-62.0,-283.0,2889.0,381.0,-21.0,558.0
846,1.41,10399.0,-21.0,-12.0,-43.0,-27.0,-27.0,-21.0,-26.0,-40.0,-85.0,-284.0,-36.0,-255.0,2920.0,400.0,7.0,596.0
847,1.411667,10405.0,-3.0,4.0,-30.0,-14.0,-9.0,-10.0,-16.0,-23.0,-69.0,-270.0,-22.0,-239.0,2928.0,404.0,22.0,611.0
848,1.413333,10400.0,-3.0,7.0,-26.0,-14.0,-10.0,-7.0,-15.0,-21.0,-61.0,-265.0,-28.0,-237.0,2932.0,399.0,18.0,613.0
849,1.415,10376.0,-1.0,5.0,-27.0,-10.0,-9.0,-5.0,-15.0,-20.0,-61.0,-267.0,-22.0,-235.0,2935.0,388.0,15.0,609.0
850,1.416667,10411.0,-32.0,-26.0,-58.0,-44.0,-47.0,-43.0,-50.0,-57.0,-90.0,-307.0,-69.0,-274.0,2894.0,330.0,-28.0,575.0
851,1.418333,10409.0,-18.0,-9.0,-41.0,-28.0,-26.0,-22.0,-28.0,-37.0,-59.0,-279.0,-41.0,-252.0,2920.0,357.0,1.0,605.0
852,1.42,10396.0,-2.0,3.0,-28.0,-16.0,-12.0,-8.0,-14.0,-19.0,-37.0,-265.0,-35.0,-232.0,2934.0,362.0,11.0,624.0
853,1.421667,10405.0,3.0,6.0,-26.0,-9.0,-9.0,-7.0,-13.0,-20.0,-32.0,-260.0,-33.0,-225.0,2940.0,358.0,9.0,619.0
854,1.423333,10408.0,-2.0,7.0,-28.0,-12.0,-9.0,-6.0,-16.0,-20.0,-21.0,-257.0,-38.0,-222.0,2938.0,343.0,10.0,625.0
855,1.425,10409.0,-33.0,-23.0,-59.0,-44.0,-45.0,-40.0,-49.0,-55.0,-57.0,-292.0,-84.0,-268.0,2896.0,293.0,-35.0,582.0
856,1.426667,10419.0,-17.0,-9.0,-42.0,-31.0,-27.0,-22.0,-27.0,-35.0,-24.0,-266.0,-63.0,-230.0,2929.0,317.0,-4.0,618.0
857,1.428333,10405.0,-2.0,0.0,-29.0,-15.0,-14.0,-8.0,-13.0,-26.0,-13.0,-246.0,-51.0,-215.0,2943.0,325.0,3.0,625.0
858,1.43,10427.0,0.0,7.0,-27.0,-12.0,-9.0,-5.0,-16.0,-19.0,-4.0,-238.0,-53.0,-209.0,2945.0,314.0,7.0,630.0
859,1.431667,10415.0,0.0,9.0,-27.0,-12.0,-13.0,-7.0,-13.0,-22.0,-1.0,-235.0,-54.0,-210.0,2947.0,310.0,6.0,633.0
860,1.433333,10409.0,-32.0,-22.0,-60.0,-45.0,-44.0,-43.0,-48.0,-54.0,-34.0,-281.0,-102.0,-246.0,2908.0,256.0,-36.0,593.0
861,1.435,10405.0,-16.0,-9.0,-41.0,-29.0,-26.0,-21.0,-27.0,-36.0,-13.0,-246.0,-76.0,-221.0,2942.0,285.0,-15.0,624.0
862,1.436667,10404.0,-1.0,5.0,-30.0,-14.0,-12.0,-7.0,-18.0,-26.0,5.0,-235.0,-61.0,-200.0,2951.0,289.0,1.0,638.0
863,1.438333,10398.0,1.0,7.0,-27.0,-9.0,-13.0,-7.0,-12.0,-21.0,4.0,-231.0,-60.0,-203.0,2958.0,288.0,1.0,642.0
864,1.44,10392.0,1.0,11.0,-29.0,-10.0,-10.0,-7.0,-13.0,-20.0,5.0,-236.0,-57.0,-196.0,2959.0,283.0,0.0,640.0
865,1.441667,10402.0,-31.0,-23.0,-61.0,-48.0,-44.0,-44.0,-47.0,-53.0,-40.0,-271.0,-100.0,-238.0,2917.0,231.0,-48.0,599.0
866,1.443333,10402.0,-15.0,-6.0,-42.0,-30.0,-22.0,-22.0,-32.0,-38.0,-14.0,-244.0,-71.0,-205.0,2939.0,256.0,-14.0,631.0
867,1.445,10403.0,0.0,7.0,-31.0,-16.0,-13.0,-9.0,-17.0,-24.0,1.0,-226.0,-69.0,-196.0,2960.0,264.0,-6.0,641.0
868,1.446667,10422.0,0.0,10.0,-29.0,-14.0,-10.0,-7.0,-14.0,-22.0,-1.0,-227.0,-65.0,-191.0,2963.0,261.0,0.0,640.0
869,1.448333,10436.0,0.0,10.0,-26.0,-12.0,-13.0,-5.0,-13.0,-24.0,4.0,-222.0,-63.0,-190.0,2971.0,252.0,-3.0,648.0
870,1.45,10404.0,-28.0,-22.0,-61.0,-46.0,-45.0,-45.0,-48.0,-55.0,-37.0,-263.0,-109.0,-231.0,2924.0,207.0,-44.0,605.0
871,1.451667,10403.0,-14.0,-4.0,-42.0,-30.0,-24.0,-22.0,-31.0,-33.0,-12.0,-235.0,-86.0,-204.0,2961.0,232.0,-18.0,637.0
872,1.453333,10405.0,0.0,8.0,-30.0,-15.0,-14.0,-8.0,-17.0,-22.0,-2.0,-224.0,-69.0,-190.0,2976.0,241.0,-5.0,646.0
