time,grf
76.29749083518982,680.6484375
76.30754470825195,690.5517578125
76.31762480735779,699.0921020507812
76.32753658294678,705.6911010742188
76.33811044692993,712.6447143554688
76.34961867332458,718.6530151367188
76.3577151298523,721.2793579101562
76.36808347702026,717.1818237304688
76.37798857688904,704.445556640625
76.38775658607483,682.5143432617188
76.39769315719604,618.1202392578125
76.40760087966919,547.0243530273438
76.41749858856201,561.1823120117188
76.42805528640747,472.15338134765625
76.4378228187561,473.94061279296875
76.44780397415161,540.27734375
76.45768022537231,577.027587890625
76.46762657165527,527.7649536132812
76.47771668434143,300.2512512207031
76.4875979423523,314.08526611328125
76.49756050109863,314.55120849609375
76.50753831863403,301.8167419433594
76.51859760284424,238.4995880126953
76.52812957763672,137.14837646484375
76.53794360160828,90.97785186767578
76.54854965209961,82.93934631347656
76.55752754211426,75.39568328857422
76.56769728660583,70.33609008789062
76.57760167121887,62.51478958129883
76.58805513381958,45.392982482910156
76.59749269485474,43.55953598022461
76.60783052444458,40.72452163696289
76.61823582649231,38.19464874267578
76.62813305854797,37.032962799072266
76.63782238960266,47.07429885864258
76.64818334579468,56.8058967590332
76.65755867958069,63.848445892333984
76.66769242286682,67.19501495361328
76.6776556968689,69.72992706298828
76.68759512901306,70.06268310546875
76.69801330566406,69.29303741455078
76.70802712440491,69.80093383789062
76.71858406066895,70.6552505493164
76.7276668548584,70.98719787597656
76.7375693321228,73.89266204833984
76.74773454666138,45.355804443359375
76.7576756477356,29.4856014251709
76.76768112182617,20.51746940612793
76.77765965461731,16.64678955078125
76.788076877594,17.209617614746094
76.79788494110107,19.099380493164062
76.80827021598816,16.84004783630371
76.81783270835876,22.40660285949707
76.82759213447571,49.754905700683594
76.83761501312256,39.30231857299805
76.847727060318,28.213924407958984
76.85761165618896,17.224563598632812
76.86762046813965,8.879311561584473
76.87817358970642,2.2817063331604004
76.88788414001465,1.5433270931243896
76.89754891395569,3.8579773902893066
76.90762901306152,6.313592910766602
76.91834235191345,7.88859224319458
76.92758965492249,6.398620128631592
76.93760395050049,4.365549564361572
76.94767260551453,14.361289024353027
76.9575674533844,34.471309661865234
76.96818852424622,55.12384796142578
76.9779896736145,103.15357208251953
76.98758578300476,158.9092254638672
76.99794220924377,222.7445831298828
77.00768184661865,397.5368957519531
77.01763844490051,463.60003662109375
77.02793622016907,528.1913452148438
77.03755974769592,570.8969116210938
77.0476565361023,532.5930786132812
77.05798316001892,528.9302368164062
77.06826734542847,523.4779663085938
77.07780694961548,530.6677856445312
77.08821868896484,557.90234375
77.09761333465576,631.0368041992188
77.10773158073425,639.0109252929688
77.11751008033752,643.8915405273438
77.12759518623352,649.7984619140625
77.13770723342896,652.9923706054688
77.15102934837341,656.5155639648438
77.15786552429199,662.4437255859375
77.16845035552979,664.1181640625
77.1786675453186,664.4326171875
77.18761277198792,664.3943481445312
77.19757747650146,664.0803833007812
77.20748281478882,659.300048828125
77.2175760269165,653.416259765625
77.22757649421692,646.0850830078125
77.23816752433777,609.9461059570312
77.24793744087219,575.927978515625
77.2577428817749,556.9900512695312
77.2679545879364,544.0779418945312
77.27753186225891,537.9817504882812
77.28759241104126,537.2931518554688
77.29762172698975,539.9075927734375
77.30766654014587,544.31787109375
77.31760358810425,549.3523559570312
77.32777214050293,555.0896606445312
77.3378176689148,564.9568481445312
77.34822106361389,579.8098754882812
77.35785341262817,591.3369750976562
77.3677704334259,600.4744873046875
77.37754821777344,609.4757080078125
77.38770627975464,618.7138061523438
77.39756512641907,629.9889526367188
77.40759491920471,645.5443115234375
77.41795253753662,651.6627197265625
77.42770195007324,654.0139770507812
77.43779850006104,654.7217407226562
77.44755673408508,654.9925537109375
77.45749711990356,654.9768676757812
77.46791005134583,654.943359375
77.47758197784424,655.04052734375
77.48775672912598,653.1868896484375
77.4976065158844,647.8892822265625
77.50794625282288,645.325927734375
77.51840114593506,642.3828125
77.52832508087158,637.3443603515625
77.53798580169678,633.4754638671875
77.54752373695374,631.647705078125
77.55759882926941,631.9114379882812
77.56752920150757,633.1276245117188
77.5776309967041,634.7219848632812
77.58761596679688,636.1300659179688
77.59802341461182,636.5341796875
77.60938239097595,633.833251953125
77.61770391464233,623.8200073242188
77.62763547897339,608.7136840820312
77.63761281967163,595.7030639648438
77.64765214920044,591.6690673828125
77.65764856338501,588.8485717773438
77.66753506660461,587.4180297851562
77.67761135101318,587.3781127929688
77.6879403591156,589.8981323242188
77.69767141342163,595.6036376953125
77.70764803886414,603.8401489257812
77.71812319755554,611.9198608398438
77.72784566879272,618.096923828125
77.73770070075989,623.5640869140625
77.74766254425049,629.39599609375
77.7575945854187,635.0369873046875
77.76783871650696,640.9838256835938
77.77799391746521,648.2424926757812
77.7877905368805,657.5524291992188
77.79837584495544,667.1024169921875
77.80799651145935,683.5009765625
77.81775426864624,691.6856079101562
77.82758903503418,696.572021484375
77.83756732940674,697.4442138671875
77.84754800796509,693.438720703125
77.85762810707092,689.7693481445312
77.86955499649048,684.5775756835938
77.87768340110779,682.359130859375
77.88790249824524,667.0408325195312
77.89770317077637,649.8507080078125
77.90788412094116,516.8460693359375
77.91764664649963,454.2082214355469
77.92788362503052,379.6141052246094
77.93758821487427,380.7770690917969
77.94777369499207,276.43603515625
77.9581549167633,226.4853973388672
77.9699182510376,269.4383239746094
77.97766089439392,228.7040557861328
77.98821592330933,237.6939239501953
77.99764728546143,220.41505432128906
78.00754833221436,310.7464904785156
78.01771712303162,195.36819458007812
78.02766871452332,31.74228286743164
78.03760862350464,-3.3667523860931396
78.04857420921326,20.7298583984375
78.05773901939392,25.08066177368164
78.06932306289673,41.42766189575195
78.07763266563416,28.022296905517578
78.08810210227966,26.779298782348633
78.09761214256287,22.856325149536133
78.1076819896698,23.24297332763672
78.11762547492981,45.94379806518555
78.12760043144226,59.83308410644531
78.1384334564209,63.694091796875
78.14796686172485,67.29263305664062
78.16240501403809,70.97612762451172
78.16799402236938,73.91854858398438
78.17774653434753,76.25341796875
78.18768286705017,79.0194091796875
78.19760012626648,83.33502197265625
78.20771932601929,84.45629119873047
78.21753859519958,85.53256225585938
78.22826313972473,88.066162109375
78.23829913139343,90.298828125
78.24768280982971,91.25411987304688
78.25778269767761,87.00484466552734
78.2677264213562,62.099613189697266
78.27754068374634,9.981354713439941
78.28754544258118,-22.69826316833496
78.29754447937012,-18.532428741455078
78.30764842033386,7.017516613006592
78.31803441047668,44.05891799926758
78.32773399353027,58.8456916809082
78.33777713775635,37.77366638183594
78.34781980514526,9.766703605651855
78.35757160186768,5.385037899017334
78.3675947189331,2.0774664878845215
78.37756156921387,0.6668657660484314
78.38755583763123,0.3225116729736328
78.39760422706604,0.43376606702804565
78.40798306465149,3.516986846923828
78.41790580749512,3.2543365955352783
78.42917203903198,3.539669990539551
78.43899393081665,15.707873344421387
78.44765019416809,31.4632568359375
78.4577317237854,60.59059524536133
78.4675543308258,82.90065002441406
78.47770237922668,70.5367202758789
78.48779511451721,43.53959655761719
78.49819254875183,9.829858779907227
78.50809288024902,16.61956024169922
78.51793813705444,18.694644927978516
78.52776503562927,31.519723892211914
78.5376341342926,134.65536499023438
78.54746913909912,211.1219482421875
78.55763602256775,222.73565673828125
78.56772637367249,244.3122100830078
78.57746648788452,276.81103515625
78.58835673332214,365.9813232421875
78.59813714027405,465.0758056640625
78.60762286186218,487.9931640625
78.61845993995667,527.8905639648438
78.62758469581604,601.1336059570312
78.63762474060059,623.5502319335938
78.64759874343872,627.927001953125
78.65747618675232,635.1305541992188
78.66777873039246,640.9530029296875
78.67761588096619,647.2733154296875
78.68778944015503,650.6736450195312
78.69796299934387,649.7581787109375
78.70786929130554,646.2920532226562
78.71776485443115,643.1301879882812
78.72751474380493,641.3092651367188
78.73754739761353,641.2240600585938
78.74756383895874,642.203369140625
78.75755882263184,643.121826171875
78.76786088943481,643.9024047851562
78.77770113945007,644.3353881835938
78.78943419456482,644.7892456054688
78.79796361923218,645.5138549804688
78.80755996704102,647.137939453125
78.81752729415894,648.3753051757812
78.82758212089539,647.9006958007812
78.8376235961914,645.557373046875
78.84769463539124,640.0714721679688
78.85797333717346,632.1402587890625
78.86770558357239,626.3948974609375
78.87768411636353,632.7498779296875
78.88795971870422,640.5957641601562
78.89781498908997,642.4923095703125
78.90763974189758,641.2353515625
78.91760993003845,639.8421020507812
78.92759013175964,638.8717041015625
78.93761253356934,638.3502807617188
78.94845247268677,638.1056518554688
78.95884823799133,637.9249877929688
78.96757745742798,637.7486572265625
78.97783899307251,637.86474609375
78.98764657974243,638.7636108398438
78.99752187728882,640.1504516601562
79.00780391693115,640.69921875
79.01786065101624,641.896484375
79.02757406234741,645.7568359375
79.03805804252625,651.3458862304688
79.04788970947266,655.407470703125
79.0586245059967,656.6090087890625
79.06825804710388,642.65576171875
79.07760620117188,626.2865600585938
79.08774614334106,621.439208984375
79.09752893447876,617.8751831054688
79.10760641098022,615.7106323242188
79.11772799491882,614.2786254882812
79.1279616355896,613.1703491210938
79.13783812522888,612.7452392578125
79.14771842956543,613.2078247070312
79.15787053108215,615.0206909179688
79.1676435470581,618.3018188476562
79.1775450706482,624.11083984375
79.18780303001404,632.3132934570312
79.19759130477905,644.7429809570312
79.20747351646423,667.5079956054688
79.2180244922638,671.1726684570312
79.22776412963867,660.5556030273438
79.23777318000793,688.4324340820312
79.24783849716187,703.2330322265625
79.2577269077301,708.1115112304688
79.2675666809082,708.6448974609375
79.27776765823364,709.73291015625
79.28767824172974,711.2286376953125
79.29762172698975,708.6533813476562
79.30799746513367,694.6484375
79.31789636611938,683.6636962890625
79.32792663574219,679.2650146484375
79.33787798881531,687.6882934570312
79.34757924079895,613.1453247070312
79.35751485824585,560.2522583007812
79.36770367622375,418.04998779296875
79.37751197814941,324.3667297363281
79.38756513595581,240.94134521484375
79.39818716049194,219.669921875
79.40791845321655,212.80885314941406
79.41914677619934,320.1354064941406
79.42941927909851,341.46380615234375
79.43760204315186,333.8618469238281
79.4479022026062,313.09014892578125
79.45779943466187,220.3744659423828
79.46794939041138,31.072053909301758
79.47764873504639,12.994462966918945
79.4877667427063,18.22039794921875
79.49862694740295,46.45212936401367
79.50780272483826,59.03335952758789
79.51830410957336,62.92372512817383
79.52766156196594,64.47283935546875
79.53761172294617,66.5735855102539
79.54751563072205,78.6270751953125
79.55766153335571,84.66667175292969
79.56753253936768,88.9854736328125
79.57804679870605,87.63644409179688
79.5878324508667,86.64154052734375
79.59779381752014,88.76034545898438
79.60769200325012,92.51301574707031
79.61933946609497,95.9368896484375
79.62775492668152,96.40575408935547
79.63765263557434,93.86224365234375
79.64769744873047,94.22369384765625
79.65755581855774,98.47652435302734
79.66793918609619,103.20553588867188
79.678058385849,108.19049835205078
79.6877088546753,112.44770050048828
79.6979022026062,117.25558471679688
79.70774269104004,124.17879486083984
79.71766448020935,124.3783950805664
79.72753500938416,122.76737976074219
79.73766374588013,123.08641052246094
79.74753952026367,122.19605255126953
79.75816345214844,122.61953735351562
79.76796674728394,113.03185272216797
79.77775001525879,73.73200225830078
79.78779721260071,25.26752471923828
79.79772973060608,13.293310165405273
79.80759859085083,8.40449333190918
79.81752252578735,7.2749714851379395
79.8275237083435,25.141735076904297
79.83767437934875,59.15692901611328
79.8485472202301,48.50068664550781
79.8576922416687,39.27979278564453
79.86772584915161,12.14709186553955
79.87767481803894,5.3053460121154785
79.88757991790771,2.294829845428467
79.89755201339722,0.47466814517974854
79.90762305259705,0.163077712059021
79.91766238212585,0.4769905209541321
79.92753720283508,3.0309770107269287
79.93822646141052,1.1405028104782104
79.94764041900635,-0.275223046541214
79.95766592025757,0.10821127891540527
79.9678966999054,3.7014265060424805
79.97754383087158,-0.6367848515510559
79.98756814002991,-4.625336647033691
79.99764680862427,-3.1501595973968506
80.00769305229187,-4.37608003616333
80.01747393608093,45.497867584228516
80.02783107757568,176.62411499023438
80.03799486160278,166.89895629882812
80.0490391254425,50.63066864013672
80.05785131454468,90.78533935546875
80.06777834892273,165.7239532470703
80.07761025428772,342.70013427734375
80.08767414093018,426.532958984375
80.09758996963501,463.8323974609375
80.10782361030579,467.2300109863281
80.11817955970764,400.3385314941406
80.1280038356781,507.0157470703125
80.13777661323547,576.8142700195312
80.14800572395325,599.3338623046875
80.15770721435547,603.8898315429688
80.16759634017944,626.900146484375
80.1776020526886,647.7667236328125
80.1876893043518,655.5653686523438
80.19771313667297,659.5353393554688
80.21068835258484,664.0700073242188
80.21772193908691,669.9511108398438
80.22765803337097,670.8765258789062
80.23772764205933,667.2327880859375
80.24761247634888,662.2904663085938
80.25831651687622,657.615234375
80.2675621509552,654.3535766601562
80.27757334709167,651.3643188476562
80.28751397132874,647.5185546875
80.29823851585388,643.1143798828125
80.30767560005188,640.1824340820312
80.31783318519592,640.0536499023438
80.32764911651611,640.987548828125
80.33773732185364,641.344482421875
80.34761357307434,641.2096557617188
80.35757279396057,638.6953125
80.36760020256042,635.3439331054688
80.37767791748047,635.6764526367188
80.38831973075867,636.3775024414062
80.39789843559265,637.0540771484375
80.4078266620636,639.9851684570312
80.41916155815125,642.9669799804688
80.42760014533997,645.0855712890625
80.43770813941956,647.6428833007812
80.44766974449158,650.05908203125
80.4576268196106,651.1394653320312
80.46772527694702,651.6715087890625
80.47815370559692,653.0697631835938
80.48789381980896,657.3662719726562
80.50127172470093,665.67626953125
80.50789332389832,678.9324340820312
80.51776003837585,689.0423583984375
80.52759027481079,692.3888549804688
80.53764224052429,690.0447387695312
80.54766845703125,678.775146484375
80.55759572982788,669.429443359375
80.56783652305603,664.6693725585938
80.57801866531372,653.2749633789062
80.58779883384705,634.2271728515625
80.59941983222961,623.9954833984375
80.60765528678894,618.1383666992188
80.61759686470032,614.9713134765625
80.6275646686554,613.9361572265625
80.63752698898315,615.4163818359375
80.6475739479065,618.2770385742188
80.65967273712158,621.8121948242188
80.67034244537354,625.3387451171875
80.67777132987976,628.8707885742188
80.687668800354,632.29931640625
80.69770860671997,635.5618286132812
80.70779800415039,640.9576416015625
80.7175281047821,647.4699096679688
80.72759652137756,652.4649047851562
80.7377257347107,662.455078125
80.74826669692993,675.9464721679688
80.75767040252686,693.3869018554688
80.76983547210693,704.7597045898438
80.77762985229492,710.9964599609375
80.78767228126526,713.7429809570312
80.79751372337341,712.3251953125
80.807537317276,708.9296875
80.8176019191742,721.5921630859375
80.8275899887085,733.2752685546875
80.83796215057373,730.0831909179688
80.84790921211243,685.368896484375
80.85774874687195,635.5823364257812
80.86867928504944,625.2858276367188
80.87751793861389,614.8433837890625
80.88759994506836,504.3119812011719
80.89757061004639,418.7789306640625
80.90769147872925,394.50494384765625
80.91758847236633,316.7873229980469
80.92805123329163,317.96453857421875
80.93811082839966,303.8168640136719
80.94762825965881,250.9317169189453
80.95894980430603,53.57892990112305
80.96794533729553,20.959203720092773
80.9776132106781,26.124805450439453
80.9879949092865,35.82659149169922
80.99772882461548,52.192352294921875
81.00764846801758,54.84693145751953
81.01839900016785,46.60512924194336
81.02770233154297,55.6777458190918
81.03770399093628,51.722320556640625
81.04789209365845,56.05881118774414
81.05761647224426,61.40004348754883
81.06775951385498,61.20963668823242
81.07754445075989,62.829681396484375
81.08840012550354,65.8599853515625
81.09758567810059,71.70686340332031
81.10840392112732,82.56761169433594
81.11773467063904,90.19386291503906
81.12769746780396,91.85431671142578
81.13911557197571,95.23780059814453
81.14748191833496,98.75479888916016
81.15767192840576,99.5317153930664
81.16757774353027,99.67940521240234
81.17756724357605,50.90977478027344
81.187748670578,29.691694259643555
81.19848346710205,9.372518539428711
81.20759725570679,-13.671419143676758
81.21770119667053,-14.198711395263672
81.22773551940918,15.312126159667969
81.23760652542114,53.11178970336914
81.2476966381073,65.49979400634766
81.25768756866455,59.302635192871094
81.26762533187866,21.25419807434082
81.2775993347168,14.729607582092285
81.28873538970947,8.573877334594727
81.29842972755432,4.7058491706848145
81.30769419670105,1.769499659538269
81.31847047805786,0.396097332239151
81.32768845558167,0.8418457508087158
81.33758211135864,2.3515381813049316
81.34755444526672,3.76210880279541
81.35761427879333,2.456265926361084
81.3676209449768,7.315392971038818
81.37830138206482,21.65965461730957
81.38797187805176,32.07065963745117
81.39784574508667,78.72074890136719
81.40784502029419,140.03587341308594
81.41769433021545,191.2398681640625
81.42766237258911,367.239013671875
81.43763566017151,492.44970703125
81.44755172729492,501.5732421875
81.45758748054504,547.2398681640625
81.4710385799408,598.6354370117188
81.47886037826538,585.818115234375
81.4876983165741,546.8154296875
81.49776244163513,537.272705078125
81.5076048374176,551.6580810546875
81.5176682472229,596.6127319335938
81.52759146690369,641.75830078125
81.53775453567505,652.7975463867188
81.5475754737854,653.3455200195312
81.55838060379028,651.708984375
81.5678780078888,649.7449951171875
81.57766795158386,648.1175537109375
81.58808898925781,646.396728515625
81.59754014015198,644.3023681640625
81.60797715187073,642.1834716796875
81.61758828163147,640.59130859375
81.62780618667603,639.3458251953125
81.63756132125854,638.351318359375
81.64820098876953,638.8033447265625
81.65798926353455,640.2003784179688
81.66779398918152,640.3285522460938
81.67809343338013,640.4150390625
81.68778443336487,641.429443359375
81.69770193099976,640.5428466796875
81.70770931243896,640.7711181640625
81.71776461601257,643.6273193359375
81.72778081893921,645.8125
81.73829674720764,647.9734497070312
81.7478814125061,650.8453369140625
81.75766158103943,651.7726440429688
81.76955771446228,650.60595703125
81.77759003639221,650.9439086914062
81.7875611782074,654.8626098632812
81.797611951828,656.9446411132812
81.80782175064087,653.1377563476562
81.81765103340149,648.7075805664062
81.82798171043396,643.6861572265625
81.83786106109619,640.8483276367188
81.84785652160645,640.141845703125
81.85787153244019,640.2974853515625
81.86757254600525,641.451416015625
81.8776445388794,642.8115844726562
81.8877444267273,644.0255737304688
81.8975031375885,647.171630859375
81.90765595436096,655.0562133789062
81.9178421497345,666.7071533203125
81.92780756950378,681.2401123046875
81.93918418884277,689.4042358398438
81.94779324531555,684.8524169921875
81.95767307281494,671.7084350585938
81.96755075454712,654.0995483398438
81.9776611328125,637.161865234375
81.98790311813354,624.6474609375
81.99785661697388,617.1484375
82.00896859169006,613.1016235351562
82.02314448356628,611.4525756835938
82.03114557266235,612.34130859375
82.03932452201843,616.5911865234375
82.05041980743408,621.8173217773438
82.05814862251282,627.4453125
82.06837034225464,635.9950561523438
82.07801651954651,650.5149536132812
82.08793210983276,671.1172485351562
82.09837245941162,689.27734375
82.10771369934082,691.1782836914062
82.1180431842804,699.60107421875
82.12756252288818,713.5510864257812
82.1375241279602,718.6344604492188
82.14746165275574,720.7327270507812
82.15744614601135,718.30810546875
82.16751313209534,713.5100708007812
82.17742490768433,706.6927490234375
82.18757462501526,720.9125366210938
82.19787383079529,694.7501220703125
82.20828151702881,677.30419921875
82.21750259399414,680.08203125
82.22745609283447,642.2186889648438
82.23749327659607,620.1809692382812
82.2474627494812,580.832275390625
82.257483959198,468.79022216796875
82.26755666732788,267.17742919921875
82.27789568901062,236.2362823486328
82.28850984573364,228.2340545654297
82.29861545562744,230.33685302734375
82.31081771850586,269.0406494140625
82.31924724578857,281.30908203125
82.32839560508728,117.40276336669922
82.34001851081848,15.401748657226562
82.34841918945312,7.301108360290527
82.35917448997498,18.466991424560547
82.36954069137573,38.34532165527344
82.37806010246277,43.92443084716797
82.38797426223755,39.063880920410156
82.39752769470215,17.731895446777344
82.40784811973572,7.727837085723877
82.41746520996094,6.041793346405029
82.42762851715088,7.040380001068115
82.43748021125793,7.90261697769165
82.44750761985779,8.26509952545166
82.4574728012085,8.622066497802734
82.46753025054932,9.094902992248535
82.47771906852722,11.941289901733398
82.48773193359375,17.656097412109375
82.49738240242004,24.73859977722168
82.5075011253357,32.645992279052734
82.5175302028656,40.285247802734375
82.5275661945343,44.4140739440918
82.53867101669312,45.427738189697266
82.54798245429993,46.14377212524414
82.55834174156189,45.86060333251953
82.57295823097229,43.55500030517578
82.57953906059265,41.15523147583008
82.58941912651062,26.849010467529297
82.59861254692078,-0.12250598520040512
82.61003112792969,-16.0513858795166
82.61808848381042,-2.741018772125244
82.62828063964844,18.10877227783203
82.6386046409607,60.76735305786133
82.64810872077942,78.78749084472656
82.6631727218628,56.02306365966797
82.66969132423401,14.931295394897461
82.67761468887329,4.356339931488037
82.6879997253418,1.3727316856384277
82.69756698608398,0.21512122452259064
82.70752191543579,-0.11325646936893463
82.71747374534607,0.29111936688423157
82.72770571708679,0.5589648485183716
82.7375636100769,4.070045471191406
82.74768924713135,10.930991172790527
82.75748801231384,15.168659210205078
82.76741003990173,24.642011642456055
82.7774760723114,76.47807312011719
82.78741979598999,125.65657043457031
82.79757142066956,144.19577026367188
82.80738425254822,147.0076141357422
82.81761264801025,191.76573181152344
82.82772970199585,352.34625244140625
82.83767366409302,455.56719970703125
82.84776711463928,456.85650634765625
82.85762071609497,468.0936584472656
82.8683569431305,409.2901306152344
82.8775634765625,363.4283142089844
82.88755059242249,432.2567138671875
82.89763069152832,526.3336791992188
82.9081552028656,639.5906372070312
82.9193000793457,679.3560180664062
82.92778158187866,686.1356201171875
82.93783974647522,680.4688110351562
82.94776034355164,664.9242553710938
82.95758128166199,657.8363037109375
82.96759271621704,660.4310302734375
82.97768187522888,676.0326538085938
82.9886200428009,685.3026733398438
82.99817085266113,688.10546875
83.00777053833008,687.9940795898438
83.01833581924438,679.811767578125
83.03012180328369,670.8807373046875
83.03759574890137,666.8467407226562
83.04760432243347,665.22705078125
83.05761122703552,664.1961669921875
83.06778407096863,662.8202514648438
83.07775330543518,659.4967041015625
83.08779191970825,656.0786743164062
83.09798264503479,655.7034301757812
83.10784554481506,656.1544799804688
83.119882106781,655.598876953125
83.12790322303772,653.8203735351562
83.13753747940063,651.3098754882812
83.14751648902893,648.6763916015625
83.15755724906921,644.89453125
83.16762328147888,639.4429321289062
83.1781542301178,631.5457153320312
83.18781447410583,617.75390625
83.19778156280518,604.384033203125
83.20806884765625,596.9220581054688
83.21773099899292,597.0072021484375
83.22773551940918,601.2416381835938
83.23762083053589,607.9652709960938
83.24759006500244,616.1152954101562
83.2575318813324,623.3048706054688
83.26814866065979,627.9766235351562
83.27782464027405,630.9544067382812
83.28795433044434,632.5598754882812
83.29783368110657,625.825927734375
83.30767345428467,620.1522827148438
83.3178129196167,617.1892700195312
83.32773733139038,615.4010620117188
83.33760380744934,613.0923461914062
83.3475649356842,609.1338500976562
83.35800004005432,605.1052856445312
83.36823654174805,602.485595703125
83.37762951850891,601.2849731445312
83.38920545578003,602.99462890625
83.3976047039032,608.8429565429688
83.40766024589539,617.3307495117188
83.41772866249084,624.616943359375
83.42757868766785,630.103759765625
83.43765187263489,634.1962890625
83.44836020469666,638.2463989257812
83.45798134803772,646.2311401367188
83.46807479858398,664.0910034179688
83.47765254974365,677.0682983398438
83.4877758026123,684.4525146484375
83.4977650642395,694.2694702148438
83.50798439979553,704.2174682617188
83.51769185066223,711.8336181640625
83.52767300605774,718.0010986328125
83.53787398338318,720.4456176757812
83.54775500297546,718.8525390625
83.55784964561462,718.8738403320312
83.56796622276306,724.55517578125
83.57765412330627,732.3174438476562
83.58765721321106,728.4437255859375
83.59771347045898,671.9228515625
83.607501745224,612.7415161132812
83.61762952804565,594.0003051757812
83.62815952301025,591.383544921875
83.63783288002014,601.403564453125
83.64764404296875,573.5006713867188
83.65830874443054,514.4105224609375
83.66762566566467,365.0122985839844
83.67772269248962,319.02008056640625
83.68766283988953,320.8848876953125
83.69756269454956,269.7176208496094
83.70772194862366,263.4982604980469
83.71808075904846,73.74259185791016
83.72778272628784,20.35276985168457
83.73770499229431,17.671112060546875
83.74778366088867,28.491769790649414
83.75759172439575,32.31941604614258
83.76773262023926,29.8754940032959
83.77753925323486,22.133100509643555
83.78752660751343,7.223758697509766
83.797616481781,0.4189508259296417
83.80794525146484,-0.8740588426589966
83.81763339042664,0.8719767332077026
83.82770037651062,4.0891852378845215
83.83773517608643,6.889575004577637
83.84757471084595,9.020796775817871
83.85771083831787,11.297868728637695
83.86781883239746,15.013339042663574
83.8777425289154,16.244455337524414
83.8878722190857,19.181926727294922
83.89789843559265,21.765012741088867
83.90769410133362,22.791818618774414
83.91807174682617,26.52236557006836
83.92792558670044,18.725616455078125
83.9377646446228,4.887105941772461
83.94770121574402,-2.853224277496338
83.95753884315491,0.7729849219322205
83.96774101257324,13.32441234588623
83.97767972946167,37.484619140625
83.98812127113342,61.970699310302734
83.99766182899475,62.959964752197266
84.0078399181366,29.639190673828125
84.01756834983826,-0.25083795189857483
84.02781653404236,3.1997504234313965
84.03752875328064,1.0865774154663086
84.04750275611877,0.31725627183914185
84.05767583847046,0.5360212326049805
84.0675539970398,1.0544443130493164
84.07813572883606,1.3907501697540283
84.08793878555298,6.387669086456299
84.09795451164246,12.138723373413086
84.10786008834839,14.918391227722168
84.1180899143219,21.70317840576172
84.12776446342468,45.0563850402832
84.1377625465393,120.9043960571289
84.14770770072937,141.2460479736328
84.15761160850525,135.9665069580078
84.1678729057312,154.62281799316406
84.17781066894531,285.52227783203125
84.18778848648071,445.363037109375
84.1978828907013,476.5241394042969
84.20756411552429,507.41876220703125
84.21780180931091,525.8269653320312
84.22763633728027,552.525390625
84.23756456375122,597.3695678710938
84.24754476547241,623.8582763671875
84.25840401649475,641.9011840820312
84.26957154273987,645.1195068359375
84.27789092063904,651.0153198242188
84.28784608840942,653.7344970703125
84.29765558242798,654.2822265625
84.30758047103882,654.0029907226562
84.31756258010864,653.555419921875
84.32761073112488,653.0151977539062
84.33762574195862,651.4459838867188
84.34849071502686,649.2544555664062
84.35778045654297,651.864501953125
84.3682370185852,649.6622314453125
84.37779235839844,647.3386840820312
84.38767743110657,646.9268188476562
84.39770412445068,647.357666015625
84.40780806541443,647.6900634765625
84.41804552078247,648.1516723632812
84.42760133743286,649.7938842773438
84.44066286087036,653.3128051757812
84.44800639152527,658.716796875
84.45779848098755,662.3577880859375
84.4684329032898,663.0150146484375
84.47757506370544,662.0062866210938
84.4876639842987,662.3656616210938
84.49757266044617,663.2924194335938
84.5077064037323,662.994873046875
84.51776933670044,663.9561767578125
84.52829766273499,670.1853637695312
84.53789591789246,676.4700927734375
84.54765939712524,679.3566284179688
84.55789756774902,677.2896118164062
84.5678961277008,677.6329956054688
84.57753038406372,680.9175415039062
84.58752822875977,679.89892578125
84.59749865531921,675.9905395507812
84.60753273963928,672.2335205078125
84.62116050720215,671.4719848632812
84.62951993942261,669.4921264648438
84.63936758041382,666.7259521484375
84.64797854423523,662.6591186523438
84.65774345397949,656.742431640625
84.66794633865356,650.9548950195312
84.67763066291809,654.1248168945312
84.68755722045898,658.6033935546875
84.69780373573303,652.8448486328125
84.7081310749054,638.6493530273438
84.71813464164734,626.1800537109375
84.72786402702332,617.3997802734375
84.73777675628662,607.9603881835938
84.74750781059265,602.00146484375
84.75760555267334,600.3778076171875
84.76761317253113,602.689208984375
84.77747368812561,608.8658447265625
84.78761529922485,617.7255859375
84.80150437355042,625.0181884765625
84.80796241760254,630.2178955078125
84.8182168006897,635.5734252929688
84.82781529426575,641.9601440429688
84.83755397796631,650.5525512695312
84.84765601158142,662.0655517578125
84.8577470779419,674.5470581054688
84.86760807037354,685.533447265625
84.87752652168274,696.642822265625
84.88786053657532,707.4761962890625
84.89764785766602,717.7362670898438
84.90844106674194,724.1521606445312
84.91806888580322,724.765380859375
84.92763924598694,722.303466796875
84.937748670578,721.9446411132812
84.94765329360962,729.0140991210938
84.95757412910461,734.53515625
84.96800112724304,728.0037231445312
84.97995162010193,668.2198486328125
84.98844027519226,609.408447265625
84.99783420562744,601.0575561523438
85.00816798210144,595.6011352539062
85.0179853439331,605.6880493164062
85.02755451202393,597.7415161132812
85.03754806518555,510.4855041503906
85.04779243469238,373.8387756347656
85.05762600898743,354.46539306640625
85.0679976940155,316.7572021484375
85.07794332504272,238.58457946777344
85.08775663375854,229.9957275390625
85.0976996421814,46.2807731628418
85.10769701004028,11.50543212890625
85.11822414398193,14.410709381103516
85.127610206604,17.704566955566406
85.1375093460083,18.517953872680664
85.14751172065735,28.076812744140625
85.15838074684143,21.305971145629883
85.16909265518188,8.02284049987793
85.1787588596344,-2.4425718784332275
85.18768906593323,-5.349171161651611
85.1975302696228,-3.9171383380889893
85.20765352249146,-2.499950885772705
85.21765232086182,-1.330217957496643
85.22835183143616,-0.9152411818504333
85.23782014846802,-0.1891545206308365
85.25172734260559,2.2411246299743652
85.25774121284485,3.51857852935791
85.26776313781738,4.127514839172363
85.27846455574036,5.655886173248291
85.28762173652649,7.812143802642822
85.29766511917114,10.662284851074219
85.30780720710754,4.4207763671875
85.31763172149658,3.2948484420776367
85.32757639884949,-2.2278311252593994
85.33820462226868,5.869015693664551
85.34880685806274,21.105052947998047
85.35770010948181,52.92622756958008
85.3678367137909,71.44436645507812
85.3777084350586,65.11385345458984
85.38771271705627,24.246644973754883
85.39765882492065,4.895394325256348
85.40766072273254,2.332578659057617
85.41784071922302,0.5867233872413635
85.4280481338501,0.45216500759124756
85.43786644935608,0.6295774579048157
85.44771933555603,0.8576620221138
85.45772004127502,3.9473893642425537
85.46774339675903,9.67823314666748
85.47762298583984,11.075209617614746
85.48747563362122,12.23245906829834
85.49756574630737,22.400196075439453
85.50779414176941,93.80060577392578
85.51907253265381,132.6479949951172
85.52779293060303,127.21914672851562
85.5392439365387,85.79373168945312
85.54776120185852,209.87046813964844
85.55750966072083,415.2378234863281
85.56794548034668,442.41497802734375
85.5775408744812,470.5738830566406
85.58756351470947,506.39215087890625
85.59759831428528,554.8623657226562
85.6078987121582,583.5521240234375
85.61891055107117,601.3572998046875
85.62765574455261,626.3641967773438
85.63787794113159,656.1270751953125
85.64775276184082,653.9290161132812
85.65764713287354,653.5309448242188
85.6676414012909,654.8717651367188
85.67773842811584,656.5934448242188
85.68764662742615,658.18115234375
85.69853925704956,660.2357177734375
85.70785665512085,662.7337036132812
85.71954679489136,665.005126953125
85.7280580997467,665.9632568359375
85.73786187171936,665.6663818359375
85.74765014648438,664.5977172851562
85.75769639015198,663.4869384765625
85.7676203250885,662.6204223632812
85.77768325805664,662.4293823242188
85.78794384002686,664.11767578125
85.79808759689331,667.760009765625
85.80755066871643,670.5164184570312
85.81827688217163,674.6058959960938
85.82811570167542,678.426025390625
85.83767604827881,679.327392578125
85.84771275520325,679.0054931640625
85.85754132270813,678.5009765625
85.86761832237244,677.7267456054688
85.8779604434967,676.2178344726562
85.8897442817688,675.0264892578125
85.89772891998291,672.989501953125
85.90779876708984,670.0721435546875
85.91773533821106,667.3260498046875
85.92761945724487,664.3450927734375
85.93774437904358,660.7977294921875
85.94769167900085,660.13916015625
85.95774054527283,658.8671875
85.96811079978943,647.6243286132812
85.97811985015869,623.1903686523438
85.98782300949097,612.1513671875
85.9985580444336,606.44970703125
86.00771713256836,603.796142578125
86.0175154209137,602.734130859375
86.0274658203125,602.06201171875
86.03765320777893,601.49169921875
86.04753422737122,600.8689575195312
86.05828714370728,600.399169921875
86.06774520874023,601.3659057617188
86.07769513130188,604.1387329101562
86.08831691741943,609.6138916015625
86.09789681434631,616.5241088867188
86.107581615448,623.5446166992188
86.11751890182495,629.1967163085938
86.1276044845581,633.8834838867188
86.13762664794922,638.349609375
86.14810919761658,646.7460327148438
86.1579201221466,668.0852661132812
86.16820573806763,682.4854736328125
86.17775774002075,687.4117431640625
86.18771553039551,695.2614135742188
86.19766569137573,705.87646484375
86.20773553848267,713.5859985351562
86.21771454811096,720.6137084960938
86.22763156890869,722.4500122070312
86.23811173439026,721.9224243164062
86.24802279472351,722.1404418945312
86.25787234306335,722.2722778320312
86.2685170173645,722.3001708984375
86.27756452560425,729.3878173828125
86.28761005401611,725.8882446289062
86.29762864112854,669.0784912109375
86.30763912200928,596.2579956054688
86.31762266159058,576.7233276367188
86.32782793045044,579.8301391601562
86.33772397041321,584.4659423828125
86.34790134429932,576.6642456054688
86.35807824134827,525.7583618164062
86.36784672737122,421.1002502441406
86.37755131721497,379.4628601074219
86.3878960609436,343.97589111328125
86.39753913879395,267.3263244628906
86.40785646438599,276.2933044433594
86.41829657554626,77.23335266113281
86.42932724952698,30.352693557739258
86.4376015663147,18.8514461517334
86.44791293144226,39.05231857299805
86.45767974853516,40.23249435424805
86.4681408405304,41.13294982910156
86.4776086807251,31.938724517822266
86.48765969276428,21.2755184173584
86.49776792526245,7.533587455749512
86.50762462615967,0.4071387052536011
86.51772093772888,2.4449143409729004
86.52771067619324,4.0874834060668945
86.53781819343567,4.53331184387207
86.54788875579834,4.008882522583008
86.5576491355896,4.877686023712158
86.56756210327148,6.265002727508545
86.57756161689758,7.705113887786865
86.5876772403717,8.91637897491455
86.59811592102051,10.59611701965332
86.60802841186523,13.394174575805664
86.61851525306702,16.600902557373047
86.6278567314148,11.124159812927246
86.63766288757324,12.366547584533691
86.64752435684204,6.759641647338867
86.65761733055115,2.36379075050354
86.66752743721008,19.594039916992188
86.67755913734436,54.192100524902344
86.68780660629272,65.12581634521484
86.6978108882904,43.08425521850586
86.70776152610779,7.395565509796143
86.71840119361877,3.8952958583831787
86.72766995429993,1.28437077999115
86.73754954338074,0.2730007469654083
86.74756813049316,-0.41079244017601013
86.75755524635315,0.996064305305481
86.76760339736938,8.171202659606934
86.7810378074646,22.598018646240234
86.78886580467224,31.883737564086914
86.7977602481842,35.86882781982422
86.80782890319824,59.06772994995117
86.81772041320801,136.01699829101562
86.82792210578918,191.56039428710938
86.83753156661987,235.7896270751953
86.84755277633667,296.51513671875
86.85766100883484,453.4893493652344
86.86808443069458,536.8623046875
86.87802267074585,572.6223754882812
86.88769340515137,629.752197265625
86.89799761772156,665.3075561523438
86.90760278701782,671.1136474609375
86.91753005981445,662.6088256835938
86.92759013175964,658.4287719726562
86.9377236366272,660.1378173828125
86.94750213623047,660.4696044921875
86.96055793762207,658.0328369140625
86.96767139434814,655.6329345703125
86.97777366638184,653.830078125
86.98770785331726,650.590087890625
86.99759984016418,643.2913208007812
87.00820732116699,636.2936401367188
87.01795601844788,632.6808471679688
87.03028678894043,631.6489868164062
87.04138994216919,631.451904296875
87.04879069328308,632.16259765625
87.05844759941101,633.4063720703125
87.06967759132385,634.531494140625
87.0790479183197,634.81884765625
87.08818984031677,633.3235473632812
87.09861063957214,629.8256225585938
87.10766673088074,625.0405883789062
87.12113237380981,619.662109375
87.12754559516907,614.6802978515625
87.1379885673523,610.8638916015625
87.14812397956848,608.4791259765625
87.15780091285706,607.4703979492188
87.16855716705322,607.470458984375
87.17749810218811,608.1456909179688
87.18766689300537,609.17333984375
87.19762945175171,610.3358764648438
87.20754289627075,611.4639892578125
87.21762490272522,612.5833129882812
87.22782039642334,613.6590576171875
87.23778653144836,614.4954223632812
87.247713804245,614.8709106445312
87.25762033462524,614.7266235351562
87.26774644851685,614.1807861328125
87.2774715423584,613.7658081054688
87.28750038146973,613.6473388671875
87.29753279685974,613.8592529296875
87.30743646621704,614.3853149414062
87.31786274909973,615.2133178710938
87.32786774635315,616.1468505859375
87.33775734901428,617.1402587890625
87.34771513938904,618.0654296875
87.35766673088074,618.999267578125
87.36833453178406,620.089111328125
87.37803268432617,621.5658569335938
87.38760447502136,623.6068725585938
87.3980758190155,626.1434936523438
87.40886759757996,628.706298828125
87.42105174064636,630.3893432617188
87.428142786026,630.3348999023438
87.43886232376099,628.5577392578125
87.44811964035034,625.2920532226562
87.4608359336853,619.5448608398438
87.46961116790771,613.3143310546875
87.4802086353302,610.4520263671875
87.48835635185242,612.0411376953125
87.49805474281311,616.125244140625
87.50810170173645,621.6273193359375
87.51829147338867,627.799072265625
87.52775979042053,633.5349731445312
87.53764367103577,638.8047485351562
87.54739952087402,644.7887573242188
87.55738759040833,652.8849487304688
87.56739592552185,672.1652221679688
87.57737612724304,693.9012451171875
87.58783912658691,704.1119995117188
87.59740972518921,708.2655029296875
87.60800838470459,711.4945068359375
87.61768341064453,715.7960815429688
87.62750124931335,718.853515625
87.63739800453186,720.5518798828125
87.64754700660706,720.3617553710938
87.6575870513916,719.4326171875
87.66769933700562,724.4850463867188
87.67836713790894,732.59619140625
87.68831276893616,708.3361206054688
87.698575258255,609.9603271484375
87.71039891242981,547.5640258789062
87.71828699111938,570.8035888671875
87.72842669487,577.4705810546875
87.73909664154053,514.3977661132812
87.74875593185425,471.92431640625
87.75802087783813,425.8489685058594
87.76863670349121,301.9334716796875
87.77871441841125,281.505126953125
87.78844952583313,231.4328155517578
87.80047369003296,298.2012634277344
87.80990767478943,203.33897399902344
87.81970524787903,28.631494522094727
87.82769799232483,3.687612295150757
87.83748126029968,26.430641174316406
87.84749269485474,17.34770965576172
87.85763764381409,17.809185028076172
87.86755800247192,24.133869171142578
87.87790369987488,18.953170776367188
87.88741660118103,-8.436976432800293
87.89741134643555,-7.380549907684326
87.90752124786377,-8.189372062683105
87.91742300987244,-7.882115840911865
87.9275016784668,-6.995573997497559
87.93766641616821,-6.2481255531311035
87.94799399375916,-6.2007365226745605
87.95767855644226,-6.4437665939331055
87.96771621704102,-6.451244354248047
87.97750425338745,-6.307837009429932
87.98763084411621,-6.072054386138916
87.9975061416626,-5.830836296081543
88.00756907463074,-5.703305244445801
88.01753687858582,-5.987166881561279
88.02753448486328,-6.264592170715332
88.03803515434265,-6.144408702850342
88.04805660247803,-5.8910980224609375
88.05931329727173,-5.237946510314941
88.06955528259277,-4.658700942993164
88.07780885696411,-3.1770873069763184
88.08771395683289,-3.5937156677246094
88.09765982627869,-7.968234539031982
88.10770201683044,-2.6077418327331543
88.11796712875366,18.234512329101562
88.12780284881592,65.29618072509766
88.13848280906677,61.16269302368164
88.14787197113037,21.39168930053711
88.15792632102966,7.868371486663818
88.16787147521973,1.5825474262237549
88.17781972885132,0.2934817969799042
88.18756318092346,0.2985670268535614
88.19792103767395,0.06493677943944931
88.2076358795166,1.382251501083374
88.21814823150635,2.659374713897705
88.22783279418945,5.144870758056641
88.2377233505249,10.567447662353516
88.24778485298157,27.936960220336914
88.25790238380432,75.78187561035156
88.26804232597351,109.44182586669922
88.27791213989258,118.06272888183594
88.28778862953186,79.4721908569336
88.2978401184082,91.040283203125
88.30896806716919,330.01153564453125
88.31863594055176,371.43511962890625
88.32819151878357,392.2284851074219
88.3378553390503,340.8355407714844
88.34849953651428,279.58038330078125
88.35768580436707,285.9403076171875
88.36806654930115,339.0523376464844
88.37776470184326,472.650634765625
88.38772511482239,570.494384765625
88.40108609199524,655.9705810546875
88.40783357620239,663.386474609375
88.41882991790771,665.9033203125
88.427898645401,669.1239624023438
88.43818140029907,671.169921875
88.44768118858337,671.4946899414062
88.45776653289795,669.8353881835938
88.46769452095032,665.5153198242188
88.4785406589508,660.266357421875
88.48769640922546,654.3375854492188
88.49781394004822,648.543212890625
88.50975060462952,644.7814331054688
88.51780652999878,643.8218994140625
88.52807331085205,644.6702880859375
88.53760409355164,645.8733520507812
88.54758834838867,646.7184448242188
88.55794334411621,647.1708374023438
88.56774067878723,647.2178344726562
88.57820963859558,646.57421875
88.58814120292664,645.1119995117188
88.60161805152893,643.1061401367188
88.60776925086975,641.0437622070312
88.61772751808167,639.1387939453125
88.62787556648254,635.53955078125
88.63795018196106,628.5291748046875
88.64783000946045,625.7232055664062
88.65785694122314,625.5596313476562
88.66811728477478,627.30126953125
88.67779040336609,629.2771606445312
88.68823432922363,630.5478515625
88.69983172416687,630.245361328125
88.70816087722778,627.645751953125
88.71791434288025,624.2467651367188
88.72770738601685,621.2916259765625
88.73759365081787,617.7659912109375
88.74763703346252,612.4946899414062
88.75784540176392,609.2001953125
88.7690258026123,609.339599609375
88.77797293663025,610.9725341796875
88.78852534294128,613.4508056640625
88.79810667037964,616.5858764648438
88.80798435211182,619.0706787109375
88.8178288936615,620.3840942382812
88.82774639129639,620.3739624023438
88.83770227432251,619.2014770507812
88.84797787666321,617.1650390625
88.85784912109375,614.677734375
88.86770272254944,612.8987426757812
88.87768268585205,613.4398803710938
88.8888726234436,616.6044311523438
88.89767050743103,622.1508178710938
88.90769743919373,627.870361328125
88.91801476478577,632.878173828125
88.92782354354858,637.2411499023438
88.9377543926239,643.643798828125
88.94800424575806,658.8899536132812
88.95844626426697,679.6329345703125
88.96818733215332,689.4947509765625
88.97808408737183,696.4522094726562
88.9876983165741,704.403564453125
88.99765014648438,711.0848388671875
89.00773024559021,715.3279418945312
89.01759123802185,720.3231811523438
89.02782773971558,724.7139282226562
89.03780436515808,724.4032592773438
89.04788875579834,721.0341186523438
89.05837035179138,721.312744140625
89.06814050674438,730.7857055664062
89.07759404182434,726.3031616210938
89.08760404586792,678.2721557617188
89.09768581390381,641.62646484375
89.10773015022278,613.5984497070312
89.11850953102112,636.4461669921875
89.12840223312378,642.1732788085938
89.13860440254211,521.9929809570312
89.14849734306335,437.3660888671875
89.15791130065918,373.134765625
89.16782546043396,330.972412109375
89.17768573760986,298.7928161621094
89.18767166137695,293.3518371582031
89.1978006362915,230.8775634765625
89.20777034759521,41.31471633911133
89.21906161308289,29.119104385375977
89.2277479171753,40.86436462402344
89.23793053627014,50.46330642700195
89.24876761436462,57.42182922363281
89.25785756111145,41.055519104003906
89.26798105239868,35.47073745727539
89.27762532234192,41.935787200927734
89.28756761550903,52.59777069091797
89.2979142665863,60.97985076904297
89.30907440185547,64.66403198242188
89.31767511367798,64.59886932373047
89.32819843292236,61.889259338378906
89.3393931388855,60.64457702636719
89.34797859191895,61.730751037597656
89.35801339149475,63.799583435058594
89.36819958686829,67.32170104980469
89.37786316871643,67.91463470458984
89.39087963104248,67.36634826660156
89.39928698539734,67.11946105957031
89.40795850753784,67.43643951416016
89.41977953910828,69.13182067871094
89.42813992500305,50.82626724243164
89.43754959106445,25.242359161376953
89.44771194458008,5.519235610961914
89.45781755447388,-14.984349250793457
89.46798920631409,-0.07313521206378937
89.47860860824585,13.06641674041748
89.48955655097961,41.886173248291016
89.49873185157776,65.00498962402344
89.50962734222412,46.27803039550781
89.51966404914856,16.145694732666016
89.52773022651672,9.430487632751465
89.53762984275818,5.3232340812683105
89.54774332046509,0.8907560110092163
89.55771613121033,-0.18803337216377258
89.56822657585144,1.2408159971237183
89.57788872718811,12.358268737792969
89.58799338340759,24.85712242126465
89.59800672531128,28.94761848449707
89.60796213150024,48.141326904296875
89.61789226531982,97.73931121826172
89.62769412994385,136.30226135253906
89.63771915435791,147.41287231445312
89.6480062007904,173.67396545410156
89.65816330909729,243.77024841308594
89.67026972770691,521.2196044921875
89.67892122268677,606.4368896484375
89.68795657157898,637.9459838867188
89.69767546653748,648.7811279296875
89.70776557922363,659.3055419921875
89.71781992912292,654.707275390625
89.727854013443,664.9442138671875
89.73777437210083,664.764892578125
89.74818873405457,660.2182006835938
89.7583601474762,642.378662109375
89.76926827430725,619.6728515625
89.77800369262695,601.005615234375
89.78790783882141,590.7863159179688
89.79791069030762,585.0736083984375
89.80782198905945,580.2279052734375
89.81793403625488,575.6275024414062
89.82809853553772,571.9070434570312
89.83840703964233,569.7990112304688
89.84812116622925,569.1588134765625
89.85794687271118,569.2659301757812
89.86922478675842,569.4584350585938
89.87811732292175,569.3492431640625
89.88776159286499,568.6882934570312
89.89765739440918,567.0748901367188
89.90772652626038,564.4464721679688
89.91791343688965,561.6041870117188
89.92965626716614,559.0363159179688
89.93771409988403,556.9979248046875
89.9480390548706,556.2012329101562
89.95808744430542,556.9254760742188
89.9699866771698,558.5775146484375
89.97764253616333,560.5037841796875
89.98762083053589,562.4210815429688
89.99762105941772,564.4982299804688
90.00766730308533,566.6989135742188
90.01813960075378,568.6776733398438
90.02870512008667,570.3873291015625
90.03810739517212,571.7129516601562
90.04811906814575,572.7642822265625
90.05784130096436,574.2025756835938
90.06810402870178,576.3325805664062
90.07775020599365,579.411865234375
90.08771443367004,583.2671508789062
90.09800219535828,587.4266357421875
90.1077036857605,591.779541015625
90.11802172660828,596.5615844726562
90.12768959999084,601.8491821289062
90.13813257217407,607.3699340820312
90.14771318435669,612.528564453125
90.15768003463745,616.8328247070312
90.16770195960999,620.2491455078125
90.17764973640442,622.8622436523438
90.18775963783264,624.773681640625
90.19858145713806,626.1216430664062
90.20801305770874,628.0042114257812
90.2188777923584,633.3837280273438
90.22852635383606,634.9012451171875
90.23791527748108,633.8521118164062
90.24770426750183,633.11083984375
90.25770568847656,632.8671264648438
90.26765394210815,631.1271362304688
90.27773094177246,626.8475341796875
90.28860259056091,621.8193969726562
90.29775810241699,617.861572265625
90.30783319473267,614.6246337890625
90.3179841041565,612.2747192382812
90.32793116569519,611.1207885742188
90.33786129951477,612.3386840820312
90.34785437583923,616.0949096679688
90.35773754119873,621.8939819335938
90.36764454841614,627.870849609375
90.37824511528015,632.0289916992188
90.38787603378296,637.1134033203125
90.39778637886047,641.8394775390625
90.40778374671936,649.406982421875
90.41758561134338,654.4465942382812
90.42770671844482,658.6810913085938
90.4376380443573,675.2451782226562
90.44777250289917,698.7147216796875
90.4579074382782,714.80322265625
90.46779751777649,713.92431640625
90.47797346115112,699.2059326171875
90.48772239685059,511.3976135253906
