,time,vout
37226,116.23134823,0.1
37227,116.23444734,0.1
37228,116.23758802,0.1
37229,116.2408308,0.1
37230,116.24384512,0.1
37231,116.24702882,0.1
37232,116.2500843,0.1
37233,116.25324036,0.1
37234,116.25632304,0.1
37235,116.25948076,0.102
37236,116.26258888,0.1
37237,116.26575775,0.102
37238,116.2688483,0.102
37239,116.27196506,0.1
37240,116.27511015,0.1
37241,116.27824108,0.1
37242,116.28134545,0.1
37243,116.28448621,0.102
37244,116.28760874,0.1
37245,116.29082995,0.1
37246,116.29383684,0.102
37247,116.29696799,0.1
37248,116.30012467,0.098
37249,116.30325013,0.1
37250,116.30635608,0.1
37251,116.30948465,0.1
37252,116.31260113,0.098
37253,116.31576423,0.1
37254,116.31888665,0.1
37255,116.32203584,0.1
37256,116.32512125,0.102
37257,116.32826363,0.1
37258,116.33140804,0.1
37259,116.33457578,0.102
37260,116.33770467,0.1
37261,116.34082174,0.102
37262,116.34389247,0.1
37263,116.34708619,0.1
37264,116.35015578,0.102
37265,116.35326056,0.102
37266,116.35639186,0.1
37267,116.35952386,0.102
37268,116.36271593,0.098
37269,116.36578645,0.1
37270,116.36890041,0.1
37271,116.37204299,0.102
37272,116.37515663,0.102
37273,116.37835702,0.098
37274,116.38145852,0.102
37275,116.38458034,0.1
37276,116.38771806,0.102
37277,116.39087732,0.1
37278,116.39398252,0.104
37279,116.39706054,0.098
37280,116.40024904,0.104
37281,116.40335865,0.102
37282,116.4064653,0.102
37283,116.40954526,0.098
37284,116.41272415,0.1
37285,116.41585282,0.1
37286,116.4189628,0.104
37287,116.42204926,0.098
37288,116.42516169,0.098
37289,116.4283171,0.102
37290,116.43144371,0.102
37291,116.43456536,0.104
37292,116.4377276,0.096
37293,116.44083593,0.1
37294,116.44396256,0.102
37295,116.44706162,0.098
37296,116.45017971,0.096
37297,116.45330121,0.098
37298,116.4564758,0.1
37299,116.45957284,0.102
37300,116.4627908,0.102
37301,116.46584826,0.102
37302,116.4689705,0.1
37303,116.47210867,0.102
37304,116.47521891,0.102
37305,116.47838402,0.096
37306,116.48148104,0.102
37307,116.48457591,0.102
37308,116.48779747,0.102
37309,116.49089291,0.1
37310,116.49399563,0.102
37311,116.49708928,0.102
37312,116.50022534,0.1
37313,116.50341582,0.1
37314,116.50648686,0.098
37315,116.50961182,0.098
37316,116.5127433,0.098
37317,116.5158815,0.102
37318,116.51898941,0.102
37319,116.52209382,0.098
37320,116.52526389,0.1
37321,116.52834639,0.098
37322,116.53147388,0.1
37323,116.53458021,0.102
37324,116.53774408,0.098
37325,116.54086926,0.1
37326,116.54404126,0.1
37327,116.54708565,0.102
37328,116.55023462,0.096
37329,116.55335676,0.098
37330,116.55650693,0.098
37331,116.55960912,0.1
37332,116.5627408,0.104
37333,116.56588652,0.1
37334,116.56901441,0.1
37335,116.57210711,0.102
37336,116.575236,0.1
37337,116.57837047,0.098
37338,116.58149382,0.102
37339,116.58461141,0.1
37340,116.58781228,0.1
37341,116.59087545,0.1
37342,116.59398763,0.1
37343,116.5971385,0.1
37344,116.60023967,0.1
37345,116.60338149,0.1
37346,116.60649734,0.102
37347,116.60960949,0.102
37348,116.61276397,0.098
37349,116.61587558,0.1
37350,116.61901515,0.1
37351,116.62214886,0.1
37352,116.6252245,0.098
37353,116.62842026,0.098
37354,116.63146447,0.102
37355,116.63459665,0.1
37356,116.63775245,0.1
37357,116.64087752,0.102
37358,116.64401634,0.1
37359,116.64713847,0.1
37360,116.65025524,0.1
37361,116.65338052,0.1
37362,116.65655428,0.1
37363,116.65964486,0.1
37364,116.66283471,0.104
37365,116.66587473,0.098
37366,116.66916534,0.1
37367,116.67212767,0.098
37368,116.67527441,0.1
37369,116.67841341,0.1
37370,116.68151411,0.1
37371,116.6846503,0.102
37372,116.68777047,0.098
37373,116.69095419,0.098
37374,116.69403243,0.1
37375,116.69714419,0.102
37376,116.70025247,0.1
37377,116.70341538,0.102
37378,116.70652284,0.098
37379,116.70966891,0.098
37380,116.71277884,0.1
37381,116.71590074,0.1
37382,116.71903473,0.1
37383,116.72221708,0.1
37384,116.72529228,0.098
37385,116.72841776,0.1
37386,116.73160091,0.1
37387,116.73464917,0.102
37388,116.737883,0.1
37389,116.74090552,0.098
37390,116.74407324,0.1
37391,116.74714441,0.1
37392,116.75028213,0.1
37393,116.75342212,0.1
37394,116.75653938,0.1
37395,116.75965784,0.1
37396,116.76291347,0.098
37397,116.76598736,0.1
37398,116.76910537,0.1
37399,116.77217817,0.1
37400,116.77535499,0.102
37401,116.77849287,0.098
37402,116.78153773,0.1
37403,116.78471519,0.102
37404,116.78781599,0.1
37405,116.79098249,0.1
37406,116.79399326,0.102
37407,116.79713632,0.098
37408,116.80031476,0.098
37409,116.80340075,0.098
37410,116.80647771,0.1
37411,116.8096188,0.098
37412,116.81280089,0.102
37413,116.81586952,0.096
37414,116.81900061,0.1
37415,116.82217695,0.102
37416,116.82525049,0.102
37417,116.82842369,0.1
37418,116.83152089,0.1
37419,116.83472439,0.098
37420,116.83779867,0.102
37421,116.84092275,0.1
37422,116.84405302,0.098
37423,116.84714963,0.1
37424,116.8502835,0.1
37425,116.8534215,0.1
37426,116.85654086,0.096
37427,116.85965508,0.1
37428,116.86284639,0.1
37429,116.86591154,0.1
37430,116.86904113,0.1
37431,116.87216176,0.096
37432,116.8753256,0.102
37433,116.87841619,0.098
37434,116.88151293,0.1
37435,116.88470315,0.1
37436,116.88780782,0.1
37437,116.89091517,0.1
37438,116.89406615,0.102
37439,116.89721689,0.1
37440,116.90031417,0.1
37441,116.90345874,0.098
37442,116.90660586,0.098
37443,116.90970956,0.098
37444,116.91286036,0.102
37445,116.91601582,0.098
37446,116.9192005,0.1
37447,116.92234676,0.1
37448,116.92556993,0.1
37449,116.92870286,0.098
37450,116.931825,0.098
37451,116.93499652,0.1
37452,116.93812117,0.1
37453,116.94125345,0.1
37454,116.94437111,0.1
37455,116.94749526,0.1
37456,116.95062769,0.1
37457,116.95374697,0.098
37458,116.95689911,0.1
37459,116.9600726,0.1
37460,116.96357132,0.1
37461,116.96625582,0.102
37462,116.969387,0.1
37463,116.97254004,0.1
37464,116.97652067,0.1
37465,116.97879862,0.1
37466,116.98199487,0.102
37467,116.98593989,0.1
37468,116.98815373,0.1
37469,116.99131865,0.102
37470,116.99440649,0.1
37471,116.99836395,0.102
37472,117.00070673,0.1
37473,117.00381234,0.1
37474,117.00744782,0.1
37475,117.01006991,0.102
37476,117.01326539,0.1
37477,117.01682202,0.098
37478,117.02040612,0.1
37479,117.02264586,0.1
37480,117.0255626,0.1
37481,117.02899239,0.102
37482,117.0318623,0.102
37483,117.03494052,0.102
37484,117.03807515,0.102
37485,117.04151445,0.1
37486,117.04433597,0.1
37487,117.04746134,0.1
37488,117.05060224,0.1
37489,117.05371734,0.098
37490,117.05687549,0.098
37491,117.05997567,0.102
37492,117.06315906,0.1
37493,117.06627145,0.098
37494,117.06940995,0.102
37495,117.07252052,0.1
37496,117.07564104,0.098
37497,117.07883128,0.1
37498,117.08189624,0.098
37499,117.08507847,0.104
37500,117.08819639,0.1
37501,117.09133697,0.1
37502,117.09441141,0.1
37503,117.09752576,0.1
37504,117.10067791,0.102
37505,117.10388317,0.102
37506,117.10693847,0.1
37507,117.11012012,0.098
37508,117.11323647,0.102
37509,117.11630167,0.102
37510,117.1194183,0.102
37511,117.12256799,0.1
37512,117.12568897,0.102
37513,117.12889636,0.1
37514,117.13199858,0.102
37515,117.13511245,0.1
37516,117.13820643,0.1
37517,117.14135084,0.098
37518,117.14447013,0.1
37519,117.14757328,0.1
37520,117.15070513,0.1
37521,117.15395919,0.1
37522,117.15698049,0.1
37523,117.16011786,0.1
37524,117.16322313,0.1
37525,117.16641065,0.098
37526,117.16947643,0.098
37527,117.1726685,0.098
37528,117.17578223,0.1
37529,117.17892049,0.102
37530,117.18196473,0.098
37531,117.18510893,0.1
37532,117.18828998,0.098
37533,117.19136398,0.1
37534,117.19447413,0.1
37535,117.19771734,0.1
37536,117.20074098,0.098
37537,117.20391071,0.1
37538,117.20704576,0.1
37539,117.21017702,0.102
37540,117.21325361,0.1
37541,117.21637675,0.102
37542,117.21951347,0.1
37543,117.2226381,0.1
37544,117.22575834,0.1
37545,117.22892925,0.1
37546,117.23200684,0.1
37547,117.23517876,0.1
37548,117.2382505,0.102
37549,117.241375,0.098
37550,117.24459998,0.096
37551,117.24766432,0.096
37552,117.25082891,0.096
37553,117.25390523,0.094
37554,117.25706828,0.092
37555,117.26015949,0.094
37556,117.26327019,0.096
37557,117.26641686,0.096
37558,117.26951243,0.096
37559,117.27270297,0.096
37560,117.27584282,0.098
37561,117.27891928,0.098
37562,117.28202817,0.098
37563,117.28514858,0.098
37564,117.28831226,0.098
37565,117.29140832,0.096
37566,117.29456873,0.098
37567,117.29767402,0.098
37568,117.3008491,0.098
37569,117.30399754,0.1
37570,117.3071181,0.1
37571,117.3102203,0.1
37572,117.31334943,0.1
37573,117.31647873,0.1
37574,117.31959836,0.1
37575,117.32272011,0.1
37576,117.32596163,0.1
37577,117.32898615,0.1
37578,117.33210667,0.1
37579,117.33522547,0.102
37580,117.33836463,0.102
37581,117.34150306,0.1
37582,117.34460736,0.1
37583,117.34775536,0.098
37584,117.35097254,0.102
37585,117.35401917,0.098
37586,117.35711693,0.1
37587,117.36028332,0.1
37588,117.36341836,0.1
37589,117.36649441,0.1
37590,117.36959497,0.102
37591,117.37274697,0.102
37592,117.37592315,0.098
37593,117.37895932,0.1
37594,117.38211321,0.1
37595,117.38520836,0.1
37596,117.38834708,0.098
37597,117.39148212,0.098
37598,117.39462934,0.1
37599,117.39770786,0.1
37600,117.4008656,0.1
37601,117.40395545,0.102
37602,117.4070963,0.1
37603,117.41025665,0.1
37604,117.41331437,0.1
37605,117.41645899,0.1
37606,117.41959741,0.098
37607,117.42270186,0.1
37608,117.42589652,0.1
37609,117.42895663,0.1
37610,117.43211749,0.102
37611,117.43518902,0.1
37612,117.4383938,0.1
37613,117.44142213,0.1
37614,117.44457937,0.1
37615,117.44769863,0.1
37616,117.45086828,0.1
37617,117.45393041,0.1
37618,117.45703563,0.1
37619,117.46015767,0.1
37620,117.46325819,0.098
37621,117.466398,0.1
37622,117.46952845,0.1
37623,117.47262384,0.104
37624,117.47576532,0.1
37625,117.47887495,0.1
37626,117.48200206,0.1
37627,117.48515763,0.1
37628,117.48821974,0.1
37629,117.49176791,0.102
37630,117.49447143,0.1
37631,117.49759943,0.1
37632,117.5007115,0.102
37633,117.50393828,0.102
37634,117.50695273,0.1
37635,117.51009063,0.1
37636,117.5131923,0.1
37637,117.51636823,0.1
37638,117.51944786,0.1
37639,117.52258595,0.1
37640,117.52573282,0.102
37641,117.5288891,0.1
37642,117.5319486,0.1
37643,117.53510239,0.098
37644,117.53819021,0.1
37645,117.54130943,0.1
37646,117.54442428,0.1
37647,117.54760823,0.1
37648,117.55067989,0.102
37649,117.55381091,0.1
37650,117.55696813,0.102
37651,117.56005187,0.1
37652,117.56316287,0.1
37653,117.5662663,0.1
37654,117.56938628,0.1
37655,117.57256111,0.102
37656,117.57563898,0.1
37657,117.57882186,0.1
37658,117.58193058,0.1
37659,117.58503425,0.102
37660,117.58812267,0.1
37661,117.59126171,0.1
37662,117.5943421,0.102
37663,117.59754034,0.102
37664,117.60061232,0.1
37665,117.60372289,0.1
37666,117.60690045,0.1
37667,117.60997269,0.1
37668,117.61315925,0.1
37669,117.61620817,0.1
37670,117.61931656,0.1
37671,117.62244402,0.1
37672,117.62560274,0.1
37673,117.62869439,0.102
37674,117.63180478,0.1
37675,117.63509243,0.1
37676,117.63804023,0.1
37677,117.64117606,0.1
37678,117.64429184,0.1
37679,117.64744667,0.102
37680,117.65060689,0.1
37681,117.65375726,0.098
37682,117.6568358,0.1
37683,117.65996648,0.1
37684,117.66306756,0.098
37685,117.666202,0.102
37686,117.66930697,0.1
37687,117.67240012,0.1
37688,117.675508,0.1
37689,117.67871376,0.1
37690,117.68180145,0.1
37691,117.68493278,0.1
37692,117.688056,0.1
37693,117.6911535,0.1
37694,117.69422474,0.1
37695,117.69737893,0.1
37696,117.70049463,0.1
37697,117.7036013,0.1
37698,117.70670613,0.102
37699,117.70982756,0.1
37700,117.71298408,0.102
37701,117.7160703,0.1
37702,117.7191903,0.098
37703,117.72231795,0.102
37704,117.72544611,0.1
37705,117.7286818,0.1
37706,117.73195336,0.1
37707,117.73511639,0.102
37708,117.73823237,0.1
37709,117.7413151,0.098
37710,117.74447373,0.1
37711,117.7476253,0.102
37712,117.75067445,0.1
37713,117.75380034,0.1
37714,117.75693743,0.1
37715,117.7600601,0.1
37716,117.76315548,0.1
37717,117.7663348,0.1
37718,117.76943223,0.1
37719,117.77254971,0.1
37720,117.77568652,0.1
37721,117.77885634,0.1
37722,117.78197582,0.1
37723,117.78499136,0.1
37724,117.78818817,0.1
37725,117.79138202,0.102
37726,117.79444543,0.102
37727,117.79751095,0.102
37728,117.80061858,0.1
37729,117.80373567,0.1
37730,117.80689604,0.1
37731,117.81000126,0.1
37732,117.81316878,0.102
37733,117.81627493,0.102
37734,117.81937287,0.102
37735,117.82251754,0.1
37736,117.82565124,0.102
37737,117.82891389,0.102
37738,117.83163958,0.102
37739,117.83480156,0.1
37740,117.83799689,0.102
37741,117.84104752,0.102
37742,117.84414982,0.1
37743,117.84732187,0.1
37744,117.85039799,0.1
37745,117.8535236,0.102
37746,117.85672841,0.098
37747,117.85978052,0.098
37748,117.86293334,0.1
37749,117.86603184,0.1
37750,117.86917415,0.1
37751,117.87225897,0.102
37752,117.87541791,0.098
37753,117.87854204,0.102
37754,117.88166041,0.098
37755,117.88478989,0.102
37756,117.88794104,0.1
37757,117.89101673,0.098
37758,117.89416085,0.102
37759,117.89734371,0.098
37760,117.90042889,0.098
37761,117.90354313,0.102
37762,117.90669886,0.1
37763,117.90985178,0.1
37764,117.91294426,0.1
37765,117.91604895,0.102
37766,117.91918758,0.1
37767,117.92236223,0.1
37768,117.92543976,0.1
37769,117.92861524,0.1
37770,117.93170067,0.1
37771,117.93482078,0.1
37772,117.9380106,0.1
37773,117.94105017,0.102
37774,117.94423332,0.1
37775,117.94731234,0.1
37776,117.95043854,0.098
37777,117.95355289,0.102
37778,117.9567866,0.102
37779,117.95983774,0.098
37780,117.96302195,0.1
37781,117.96609274,0.096
37782,117.96921584,0.1
37783,117.9723523,0.098
37784,117.9754635,0.1
37785,117.97865436,0.102
37786,117.98174336,0.1
37787,117.98484124,0.1
37788,117.9880866,0.098
37789,117.99109363,0.1
37790,117.9942116,0.1
37791,117.99734063,0.1
37792,118.00056815,0.102
37793,118.00358824,0.1
37794,118.00670691,0.1
37795,118.00984893,0.1
37796,118.01296598,0.098
37797,118.01608024,0.102
37798,118.0192363,0.1
37799,118.02238378,0.1
37800,118.02552617,0.102
37801,118.02857291,0.1
37802,118.03182193,0.098
37803,118.03483791,0.102
37804,118.03802567,0.1
37805,118.04108204,0.1
37806,118.04429013,0.098
37807,118.04741265,0.098
37808,118.05044443,0.1
37809,118.05358593,0.1
37810,118.05671467,0.1
37811,118.05984839,0.098
37812,118.06308721,0.1
37813,118.0660848,0.1
37814,118.06922176,0.1
37815,118.07236049,0.1
37816,118.07545523,0.1
37817,118.07860161,0.104
37818,118.08173761,0.1
37819,118.08484387,0.102
37820,118.08802254,0.1
37821,118.09111056,0.1
37822,118.09422974,0.1
37823,118.09735708,0.098
37824,118.10048862,0.1
37825,118.1036286,0.1
37826,118.1067475,0.098
37827,118.10988932,0.098
37828,118.1130451,0.1
37829,118.11617949,0.1
37830,118.11928919,0.1
37831,118.1224048,0.1
37832,118.12554917,0.1
37833,118.12871035,0.1
37834,118.13185641,0.1
37835,118.13504297,0.098
37836,118.13806087,0.098
37837,118.14120065,0.1
37838,118.14431974,0.102
37839,118.14745008,0.098
37840,118.15057458,0.1
37841,118.1537346,0.102
37842,118.15689447,0.098
37843,118.15998254,0.102
37844,118.16310567,0.1
37845,118.1662168,0.098
37846,118.16937415,0.1
37847,118.1724548,0.098
37848,118.17563002,0.1
37849,118.17875484,0.098
37850,118.1818591,0.098
37851,118.18498556,0.102
37852,118.18818011,0.1
37853,118.1912488,0.098
37854,118.19438591,0.1
37855,118.19751598,0.102
37856,118.20062889,0.098
37857,118.20383271,0.1
37858,118.20689843,0.1
37859,118.21005839,0.1
37860,118.21314439,0.098
37861,118.21629515,0.1
37862,118.21941343,0.098
37863,118.22253765,0.1
37864,118.22570406,0.102
37865,118.22884491,0.102
37866,118.23200763,0.102
37867,118.23508467,0.1
37868,118.23821026,0.094
37869,118.24135387,0.098
37870,118.24447926,0.098
37871,118.24762111,0.102
37872,118.2507066,0.098
37873,118.25384854,0.102
37874,118.2569965,0.098
37875,118.26013084,0.1
37876,118.26325417,0.1
37877,118.2663768,0.098
37878,118.26951682,0.1
37879,118.272632,0.098
37880,118.27574349,0.1
37881,118.27887647,0.1
37882,118.28205334,0.1
37883,118.2851825,0.098
37884,118.2882965,0.098
37885,118.29137032,0.1
37886,118.29451149,0.1
37887,118.29765537,0.102
37888,118.30076991,0.1
37889,118.30390956,0.102
37890,118.30706985,0.102
37891,118.31021923,0.098
37892,118.31330017,0.102
37893,118.31642754,0.096
37894,118.31960052,0.098
37895,118.32270837,0.1
37896,118.32582019,0.1
37897,118.32893693,0.1
37898,118.33206961,0.102
37899,118.33517469,0.1
37900,118.33832823,0.1
37901,118.34144761,0.096
37902,118.34457298,0.102
37903,118.34770173,0.1
37904,118.35086367,0.1
37905,118.35401102,0.1
37906,118.35709148,0.098
37907,118.36024293,0.102
37908,118.36335452,0.098
37909,118.36648067,0.1
37910,118.36958584,0.098
37911,118.37271806,0.1
37912,118.37585178,0.1
37913,118.3790171,0.1
37914,118.38210804,0.102
37915,118.3852661,0.1
37916,118.38838848,0.098
37917,118.39146023,0.1
37918,118.39458599,0.1
37919,118.39773461,0.1
37920,118.40084126,0.1
37921,118.40400693,0.1
37922,118.40711456,0.098
37923,118.41023974,0.1
37924,118.4133625,0.1
37925,118.41646184,0.1
37926,118.41961049,0.098
37927,118.42274267,0.102
37928,118.42586324,0.098
37929,118.42908399,0.098
37930,118.43209811,0.1
37931,118.43524371,0.098
37932,118.43838374,0.1
37933,118.44148671,0.1
37934,118.44461954,0.1
37935,118.44776406,0.1
37936,118.45087098,0.098
37937,118.45402543,0.1
37938,118.45714163,0.098
37939,118.46027387,0.102
37940,118.46340272,0.102
37941,118.46654284,0.1
37942,118.46966858,0.098
37943,118.47278193,0.102
37944,118.47590748,0.1
37945,118.47903139,0.1
37946,118.48216647,0.1
37947,118.48528834,0.1
37948,118.48841404,0.1
37949,118.49154671,0.1
37950,118.49467337,0.098
37951,118.49781339,0.1
37952,118.50094321,0.098
37953,118.50415521,0.1
37954,118.50719965,0.098
37955,118.51036289,0.1
37956,118.51346661,0.102
37957,118.51663084,0.1
37958,118.51979293,0.1
37959,118.52282834,0.098
37960,118.52603291,0.102
37961,118.52922497,0.098
37962,118.5322306,0.1
37963,118.53559513,0.1
37964,118.53868334,0.098
37965,118.5418051,0.098
37966,118.54494767,0.102
37967,118.5480846,0.1
37968,118.55138913,0.098
37969,118.5544605,0.098
37970,118.55739069,0.098
37971,118.56051789,0.1
37972,118.5636683,0.1
37973,118.56678998,0.1
37974,118.56990817,0.1
37975,118.57304489,0.1
37976,118.57627654,0.1
37977,118.57931397,0.1
37978,118.58243989,0.098
37979,118.58558756,0.098
37980,118.5886796,0.1
37981,118.59178282,0.1
37982,118.59497321,0.098
37983,118.59808687,0.1
37984,118.60122336,0.102
37985,118.6044353,0.1
37986,118.60756621,0.1
37987,118.61063782,0.102
37988,118.61376908,0.098
37989,118.61692334,0.1
37990,118.61997254,0.1
37991,118.62308517,0.098
37992,118.6262721,0.102
37993,118.6294066,0.102
37994,118.63244395,0.1
37995,118.63539217,0.098
37996,118.63861599,0.1
37997,118.64166547,0.102
37998,118.64480197,0.1
37999,118.64790976,0.098
38000,118.65110828,0.098
38001,118.6541941,0.102
38002,118.65729867,0.1
38003,118.66045004,0.098
38004,118.66355708,0.1
38005,118.66667719,0.1
38006,118.66979991,0.098
38007,118.67295971,0.1
38008,118.67610811,0.1
38009,118.67918215,0.1
38010,118.68236261,0.098
38011,118.68543941,0.1
38012,118.68855161,0.098
38013,118.69174187,0.098
38014,118.69487061,0.098
38015,118.69795313,0.1
38016,118.70112232,0.098
38017,118.70427632,0.1
38018,118.70736752,0.1
38019,118.71042404,0.1
38020,118.71358787,0.1
38021,118.71676158,0.098
38022,118.71984052,0.098
38023,118.7229465,0.1
38024,118.72618472,0.096
38025,118.72923424,0.098
38026,118.73232856,0.092
38027,118.73544917,0.096
38028,118.73858223,0.092
38029,118.74169832,0.096
38030,118.74482373,0.094
38031,118.74793713,0.094
38032,118.7511278,0.094
38033,118.75421521,0.094
38034,118.75738485,0.096
38035,118.76047171,0.096
38036,118.76361793,0.096
38037,118.76671826,0.098
38038,118.76984543,0.096
38039,118.77296106,0.098
38040,118.77613941,0.098
38041,118.7792116,0.1
38042,118.78233634,0.098
38043,118.78547226,0.098
38044,118.78861291,0.1
38045,118.79172104,0.098
38046,118.79484587,0.098
38047,118.7980018,0.1
38048,118.80108369,0.1
38049,118.8042501,0.098
38050,118.80733028,0.1
38051,118.81042358,0.1
38052,118.8135816,0.1
38053,118.81676035,0.1
38054,118.81986276,0.1
38055,118.82293391,0.1
38056,118.82612669,0.1
38057,118.82920365,0.1
38058,118.83233369,0.1
38059,118.83544285,0.1
38060,118.83864328,0.1
38061,118.84174265,0.098
38062,118.84482673,0.1
38063,118.8479661,0.1
38064,118.85114678,0.1
38065,118.85420348,0.1
38066,118.85740223,0.1
38067,118.86045452,0.1
38068,118.86359006,0.102
38069,118.86669156,0.1
38070,118.86978323,0.1
38071,118.87292398,0.1
38072,118.87608584,0.102
38073,118.87931104,0.1
38074,118.88235034,0.1
38075,118.88544722,0.1
38076,118.8886121,0.1
38077,118.89170463,0.1
38078,118.89478886,0.098
38079,118.89797324,0.1
38080,118.90108324,0.098
38081,118.90427124,0.098
38082,118.90730865,0.1
38083,118.91040269,0.102
38084,118.91352467,0.098
38085,118.91663063,0.1
38086,118.91976673,0.1
38087,118.92287237,0.1
38088,118.92603608,0.102
38089,118.92923919,0.102
38090,118.93223484,0.1
38091,118.93540015,0.1
38092,118.93847272,0.1
38093,118.94160591,0.1
38094,118.94472219,0.1
38095,118.94781974,0.1
38096,118.95098836,0.098
38097,118.95411974,0.1
38098,118.95723487,0.1
38099,118.96034904,0.1
38100,118.9634303,0.1
38101,118.96655452,0.1
38102,118.96967265,0.1
38103,118.97286332,0.1
38104,118.97599174,0.1
38105,118.97910419,0.102
38106,118.98222143,0.098
38107,118.98529795,0.1
38108,118.9884243,0.1
38109,118.99154689,0.1
38110,118.9947456,0.1
38111,118.9978341,0.102
38112,119.00096898,0.1
38113,119.00402039,0.1
38114,119.00722597,0.1
38115,119.01025267,0.1
38116,119.01338002,0.1
38117,119.01659839,0.1
38118,119.01965367,0.1
38119,119.02274324,0.1
38120,119.02587678,0.1
38121,119.02899108,0.102
38122,119.03211182,0.1
38123,119.03524763,0.1
38124,119.03838258,0.1
38125,119.041462,0.1
38126,119.04458137,0.1
38127,119.04770969,0.1
38128,119.05085535,0.1
38129,119.05398028,0.1
38130,119.05711922,0.098
38131,119.0602085,0.1
38132,119.06331928,0.1
38133,119.06645472,0.102
38134,119.0695945,0.098
38135,119.07271928,0.1
38136,119.07584454,0.1
38137,119.07900993,0.1
38138,119.08217332,0.098
38139,119.0851711,0.1
38140,119.08834147,0.1
38141,119.09143865,0.1
38142,119.09456132,0.1
38143,119.09773608,0.1
38144,119.10084806,0.1
38145,119.1039073,0.1
38146,119.10701859,0.1
38147,119.11018759,0.1
38148,119.11327889,0.1
38149,119.11640524,0.1
38150,119.11952008,0.098
38151,119.12269467,0.1
38152,119.12575954,0.1
38153,119.12888174,0.098
38154,119.13199102,0.1
38155,119.13515334,0.1
38156,119.13825637,0.1
38157,119.14138234,0.1
38158,119.14452922,0.102
38159,119.14759887,0.102
38160,119.1507428,0.1
38161,119.15387256,0.098
38162,119.15698337,0.1
38163,119.16018495,0.1
38164,119.16323597,0.102
38165,119.16639245,0.1
38166,119.16948315,0.102
38167,119.17257591,0.1
38168,119.17568739,0.1
38169,119.17884178,0.098
38170,119.18197745,0.1
38171,119.18512347,0.1
38172,119.18820052,0.1
38173,119.191298,0.1
38174,119.19445319,0.1
38175,119.19754824,0.1
38176,119.20066904,0.102
38177,119.20382891,0.1
38178,119.20693519,0.1
38179,119.21012821,0.1
38180,119.21320552,0.098
38181,119.21631659,0.102
38182,119.2194298,0.1
38183,119.22255456,0.1
38184,119.2256895,0.1
38185,119.22881313,0.102
38186,119.23192323,0.1
38187,119.23506086,0.102
38188,119.23821058,0.1
38189,119.24130454,0.1
38190,119.24441358,0.1
38191,119.24755304,0.1
38192,119.25066752,0.1
38193,119.25376811,0.1
38194,119.256922,0.1
38195,119.26000898,0.1
38196,119.26314691,0.1
38197,119.26626835,0.1
38198,119.26939165,0.102
38199,119.27250058,0.098
38200,119.27559617,0.1
38201,119.27878582,0.098
38202,119.28187137,0.1
38203,119.28498898,0.1
38204,119.28821034,0.102
38205,119.29120595,0.1
38206,119.29441,0.1
38207,119.29746119,0.102
38208,119.30058395,0.1
38209,119.3037595,0.1
38210,119.30681287,0.102
38211,119.30998521,0.1
38212,119.31305632,0.102
38213,119.31620219,0.1
38214,119.31934517,0.102
38215,119.32244378,0.1
38216,119.32559167,0.102
38217,119.32874034,0.102
38218,119.33184008,0.1
38219,119.33497519,0.102
38220,119.3380661,0.098
38221,119.34147974,0.1
38222,119.34465013,0.1
38223,119.34770319,0.1
38224,119.35086432,0.1
38225,119.35397806,0.1
38226,119.35705976,0.1
38227,119.36018924,0.102
38228,119.36333478,0.102
38229,119.36648047,0.1
38230,119.36956828,0.1
38231,119.37269643,0.102
38232,119.3758736,0.1
38233,119.37899735,0.098
38234,119.3820943,0.098
38235,119.3851745,0.1
38236,119.38833139,0.098
38237,119.39151554,0.098
38238,119.3945165,0.1
38239,119.39767348,0.102
38240,119.40076819,0.1
38241,119.40390008,0.102
38242,119.40702332,0.102
38243,119.41020739,0.102
38244,119.41329641,0.102
38245,119.41649148,0.102
38246,119.41954256,0.102
38247,119.42267091,0.1
38248,119.42579222,0.1
38249,119.42895782,0.102
38250,119.43208919,0.1
38251,119.43520628,0.098
38252,119.43828758,0.098
38253,119.44123373,0.102
38254,119.44432358,0.1
38255,119.44742965,0.098
38256,119.45054917,0.096
38257,119.453738,0.096
38258,119.45683087,0.1
38259,119.4599575,0.1
38260,119.46309078,0.102
38261,119.46624167,0.098
38262,119.46933576,0.1
38263,119.47250897,0.1
38264,119.4756035,0.1
38265,119.47874536,0.1
38266,119.48187541,0.1
38267,119.48501756,0.1
38268,119.48817239,0.102
38269,119.49127604,0.1
38270,119.49438269,0.1
38271,119.49749997,0.1
38272,119.50071265,0.1
38273,119.50381158,0.102
38274,119.50702597,0.1
38275,119.51005482,0.098
38276,119.51319117,0.102
38277,119.51632774,0.098
38278,119.51944135,0.1
38279,119.52260913,0.1
38280,119.52569632,0.102
38281,119.52883206,0.1
38282,119.53194082,0.1
38283,119.53508095,0.1
38284,119.53819558,0.1
38285,119.54133584,0.1
38286,119.54445869,0.1
38287,119.54757926,0.1
38288,119.55068978,0.1
38289,119.55383806,0.1
38290,119.55696291,0.102
38291,119.56009593,0.1
38292,119.56324361,0.1
38293,119.56638319,0.1
38294,119.56950387,0.1
38295,119.57262528,0.1
38296,119.57579723,0.1
38297,119.57888558,0.098
38298,119.58204528,0.098
38299,119.58518834,0.098
38300,119.58838452,0.1
38301,119.59144787,0.1
38302,119.59456684,0.1
38303,119.59772284,0.102
38304,119.60081839,0.098
38305,119.60395695,0.102
38306,119.60709519,0.098
38307,119.61029819,0.1
38308,119.61337878,0.1
38309,119.61651717,0.102
38310,119.61968622,0.1
38311,119.6227931,0.1
38312,119.62595937,0.1
38313,119.62910458,0.1
38314,119.63219311,0.1
38315,119.63532834,0.1
38316,119.63851069,0.1
38317,119.64158111,0.102
38318,119.64472147,0.1
38319,119.6478363,0.098
38320,119.65098485,0.098
38321,119.65412152,0.098
38322,119.65727337,0.1
38323,119.66045265,0.1
38324,119.66351898,0.102
38325,119.66664539,0.102
38326,119.66978828,0.098
38327,119.67293041,0.1
38328,119.67606156,0.096
38329,119.67923198,0.1
38330,119.68238974,0.1
38331,119.68544313,0.098
38332,119.68860221,0.1
38333,119.69172174,0.1
38334,119.69494417,0.1
38335,119.69800382,0.098
38336,119.7012008,0.1
38337,119.70430784,0.1
38338,119.70742763,0.1
38339,119.71052924,0.1
38340,119.71365487,0.1
38341,119.71683148,0.102
38342,119.71989247,0.1
38343,119.72303404,0.098
38344,119.72620041,0.1
38345,119.72934521,0.098
38346,119.7324253,0.098
38347,119.73554922,0.1
38348,119.73879719,0.1
38349,119.7418075,0.098
38350,119.74494204,0.1
38351,119.74808563,0.1
38352,119.75128943,0.102
38353,119.75433743,0.1
38354,119.75747956,0.1
38355,119.76063974,0.1
38356,119.76373539,0.1
38357,119.76689084,0.098
38358,119.76998748,0.1
38359,119.77325013,0.102
38360,119.77630084,0.098
38361,119.77938317,0.098
38362,119.78250461,0.1
38363,119.78564415,0.1
38364,119.78884043,0.1
38365,119.79191617,0.1
38366,119.79510256,0.098
38367,119.79821795,0.1
38368,119.80135761,0.1
38369,119.80447685,0.1
38370,119.80756926,0.1
38371,119.81069117,0.102
38372,119.81384682,0.104
38373,119.81697052,0.1
38374,119.82007374,0.1
38375,119.82322841,0.102
38376,119.82642632,0.1
38377,119.82948578,0.102
38378,119.83260561,0.1
38379,119.83575471,0.1
38380,119.838847,0.102
38381,119.8419761,0.102
38382,119.84511652,0.098
38383,119.84830211,0.102
38384,119.85135658,0.1
38385,119.85447654,0.1
38386,119.85763174,0.1
38387,119.86075665,0.098
38388,119.86388011,0.1
38389,119.867005,0.1
38390,119.87027937,0.1
38391,119.87331396,0.1
38392,119.87640313,0.098
38393,119.879578,0.1
38394,119.88267087,0.1
38395,119.88580771,0.098
38396,119.88890717,0.1
38397,119.89206235,0.102
38398,119.89523835,0.1
38399,119.898315,0.1
38400,119.9014345,0.102
38401,119.90464869,0.102
38402,119.9077053,0.1
38403,119.91086124,0.098
38404,119.91400158,0.1
38405,119.91715308,0.098
38406,119.92035271,0.1
38407,119.92336423,0.1
38408,119.92649108,0.098
38409,119.92962947,0.1
38410,119.93273939,0.102
38411,119.93594952,0.098
38412,119.93902176,0.1
38413,119.94213009,0.1
38414,119.94534593,0.1
38415,119.94840415,0.102
38416,119.9515258,0.096
38417,119.9547223,0.1
38418,119.95777354,0.1
38419,119.96090985,0.1
38420,119.96403335,0.1
38421,119.96725689,0.098
38422,119.97032815,0.098
38423,119.97341319,0.098
38424,119.97654569,0.098
38425,119.9797465,0.1
38426,119.98286015,0.1
38427,119.98592384,0.102
38428,119.98913678,0.102
38429,119.99225545,0.098
38430,119.99534769,0.098
38431,119.99853645,0.1
38432,120.00159465,0.1
38433,120.00473702,0.1
38434,120.00786698,0.1
38435,120.01099267,0.1
38436,120.01412163,0.1
38437,120.01732109,0.102
38438,120.02038752,0.1
38439,120.0235033,0.1
38440,120.02663663,0.098
38441,120.0297485,0.1
38442,120.03287896,0.098
38443,120.03606191,0.1
38444,120.03917215,0.098
38445,120.04232396,0.098
38446,120.04540404,0.1
38447,120.04863804,0.1
38448,120.05166897,0.1
38449,120.05477135,0.1
38450,120.05792819,0.1
38451,120.06105172,0.098
38452,120.06425674,0.1
38453,120.06733472,0.102
38454,120.07043976,0.098
38455,120.07360406,0.098
38456,120.07670439,0.1
38457,120.07983265,0.102
38458,120.08295654,0.1
38459,120.08608215,0.1
38460,120.08925563,0.102
38461,120.09235411,0.1
38462,120.09547834,0.098
38463,120.0986596,0.1
38464,120.10174624,0.1
38465,120.1048826,0.098
38466,120.1080945,0.098
38467,120.11115572,0.098
38468,120.11427032,0.1
38469,120.11740796,0.1
38470,120.12052593,0.1
38471,120.12368537,0.098
38472,120.12677221,0.098
38473,120.12990306,0.1
38474,120.13303084,0.098
38475,120.13619313,0.1
38476,120.13939841,0.098
38477,120.14240347,0.1
38478,120.14552308,0.1
38479,120.14895535,0.1
38480,120.15202524,0.1
38481,120.15516219,0.1
38482,120.15829748,0.1
38483,120.16143972,0.098
38484,120.1645755,0.102
38485,120.16768011,0.098
38486,120.17078687,0.102
38487,120.17392002,0.098
38488,120.17705145,0.096
38489,120.18022652,0.1
38490,120.18335648,0.1
38491,120.18650284,0.098
38492,120.18959937,0.1
38493,120.19271515,0.098
38494,120.19586641,0.098
38495,120.19901685,0.1
38496,120.20214191,0.098
38497,120.20526735,0.096
38498,120.20841424,0.096
38499,120.21158578,0.094
38500,120.21466808,0.092
38501,120.2177643,0.094
38502,120.22089911,0.088
38503,120.22403711,0.094
38504,120.22715858,0.094
38505,120.23029382,0.096
38506,120.23342854,0.098
38507,120.23659604,0.098
38508,120.23966337,0.1
38509,120.24282078,0.098
38510,120.24583247,0.096
38511,120.24881245,0.098
38512,120.2519085,0.096
38513,120.25503965,0.096
38514,120.25815993,0.1
38515,120.26136524,0.096
38516,120.26440489,0.098
38517,120.26752784,0.098
38518,120.27067993,0.096
38519,120.27378095,0.098
38520,120.27690598,0.098
38521,120.28001009,0.098
38522,120.28316215,0.098
38523,120.28629387,0.1
38524,120.28944395,0.102
38525,120.29259915,0.1
38526,120.29571967,0.1
38527,120.29882558,0.1
38528,120.30192278,0.1
38529,120.30505393,0.1
38530,120.30816863,0.1
38531,120.3112971,0.1
38532,120.31443969,0.1
38533,120.3175508,0.1
38534,120.32068472,0.1
38535,120.32381537,0.1
38536,120.32693097,0.1
38537,120.33006763,0.1
38538,120.33320467,0.1
38539,120.33635634,0.098
38540,120.33944676,0.1
38541,120.34254208,0.1
38542,120.34567258,0.1
38543,120.34883408,0.1
38544,120.35192924,0.1
38545,120.35511763,0.1
38546,120.35816848,0.1
38547,120.36130748,0.102
38548,120.36443156,0.1
38549,120.36754872,0.102
38550,120.37067208,0.102
38551,120.37379848,0.1
38552,120.37694798,0.1
38553,120.38004141,0.102
38554,120.38317306,0.098
38555,120.38630559,0.1
38556,120.38944008,0.102
38557,120.39256482,0.102
38558,120.39569763,0.102
38559,120.3988036,0.1
38560,120.40190711,0.1
38561,120.40505737,0.1
38562,120.40818324,0.1
38563,120.41136685,0.1
38564,120.414395,0.102
38565,120.41757187,0.1
38566,120.42065469,0.1
38567,120.42378487,0.102
38568,120.42689669,0.1
38569,120.43003985,0.1
38570,120.43313948,0.1
38571,120.43632519,0.1
38572,120.43938796,0.104
38573,120.4425365,0.1
38574,120.44570865,0.1
38575,120.44877269,0.098
38576,120.45189543,0.1
38577,120.45503737,0.1
38578,120.45814548,0.1
38579,120.46132682,0.1
38580,120.46444045,0.1
38581,120.46748539,0.1
38582,120.47060569,0.1
38583,120.47375371,0.1
38584,120.47687389,0.1
38585,120.47998471,0.1
38586,120.48310165,0.1
38587,120.48623315,0.098
38588,120.48939798,0.1
38589,120.49249398,0.1
38590,120.49562193,0.1
38591,120.49874302,0.098
38592,120.50186132,0.098
38593,120.50500402,0.1
38594,120.50814387,0.102
38595,120.51132387,0.102
38596,120.51440371,0.1
38597,120.51746815,0.1
38598,120.52059413,0.102
38599,120.52372945,0.1
38600,120.52685852,0.1
38601,120.52997071,0.1
38602,120.53312598,0.1
38603,120.53622354,0.1
38604,120.53939474,0.1
38605,120.54246402,0.1
38606,120.54558382,0.1
38607,120.54869598,0.1
38608,120.55182993,0.1
38609,120.55496417,0.1
38610,120.55807654,0.102
38611,120.56121822,0.1
38612,120.56434121,0.1
38613,120.56745437,0.098
38614,120.57057382,0.098
38615,120.57370582,0.1
38616,120.57686239,0.1
38617,120.57993034,0.1
38618,120.58304304,0.1
38619,120.58618241,0.1
38620,120.58934763,0.1
38621,120.59245035,0.1
38622,120.59559674,0.102
38623,120.59867565,0.102
38624,120.60181187,0.1
38625,120.60494304,0.098
38626,120.60804689,0.1
38627,120.61118769,0.098
38628,120.61433515,0.1
38629,120.61746389,0.1
38630,120.62053834,0.1
38631,120.62367087,0.1
38632,120.62685806,0.098
38633,120.62992211,0.102
38634,120.63302409,0.1
38635,120.63621932,0.102
38636,120.63927482,0.1
38637,120.64251871,0.1
38638,120.64553615,0.1
38639,120.64865896,0.102
38640,120.65182369,0.098
38641,120.65496537,0.1
38642,120.65807945,0.1
38643,120.66118961,0.1
38644,120.66444121,0.1
38645,120.6674893,0.102
38646,120.67053132,0.1
38647,120.67363846,0.102
38648,120.67677782,0.1
38649,120.67990678,0.1
38650,120.68301674,0.1
38651,120.68613778,0.1
38652,120.6892605,0.098
38653,120.69237865,0.1
38654,120.69550808,0.102
38655,120.69871806,0.098
38656,120.70175717,0.1
38657,120.70486643,0.102
38658,120.707997,0.102
38659,120.71116521,0.1
38660,120.71419713,0.1
38661,120.71736332,0.1
38662,120.72044982,0.1
38663,120.72359021,0.1
38664,120.7267211,0.102
38665,120.72983804,0.1
38666,120.73293156,0.1
38667,120.7360528,0.1
38668,120.73919134,0.1
38669,120.74237472,0.1
38670,120.74550991,0.1
38671,120.74862609,0.1
38672,120.75167811,0.1
38673,120.75483508,0.1
38674,120.75795328,0.1
38675,120.76110763,0.1
38676,120.76421398,0.1
38677,120.76736315,0.1
38678,120.77045335,0.102
38679,120.77361808,0.1
38680,120.77669334,0.1
38681,120.7797963,0.1
38682,120.78293446,0.1
38683,120.78607522,0.1
38684,120.78918869,0.1
38685,120.79236665,0.102
38686,120.79554345,0.102
38687,120.79857678,0.1
38688,120.80169783,0.1
38689,120.80483248,0.1
38690,120.80797872,0.102
38691,120.81105084,0.1
38692,120.81419211,0.1
38693,120.81737854,0.098
38694,120.82050717,0.1
38695,120.82355654,0.1
38696,120.82670506,0.1
38697,120.82982741,0.1
38698,120.83297122,0.1
38699,120.83602598,0.1
38700,120.83914645,0.102
38701,120.84228863,0.102
38702,120.84545152,0.098
38703,120.84852448,0.102
38704,120.85164185,0.104
38705,120.85478137,0.1
38706,120.85789332,0.102
38707,120.86103124,0.102
38708,120.86414963,0.102
38709,120.86725672,0.102
38710,120.87045169,0.1
38711,120.87351526,0.1
38712,120.87670441,0.1
38713,120.87978159,0.1
38714,120.88289441,0.102
38715,120.8860108,0.1
38716,120.88917,0.102
38717,120.89226872,0.1
38718,120.89551611,0.102
38719,120.89851859,0.1
38720,120.90169437,0.1
38721,120.90476663,0.102
38722,120.90789028,0.102
38723,120.91106045,0.1
38724,120.91412713,0.102
38725,120.91726193,0.1
38726,120.92045204,0.098
38727,120.92351904,0.1
38728,120.92665356,0.1
38729,120.92978339,0.102
38730,120.93289667,0.1
38731,120.93606713,0.102
38732,120.93915369,0.1
38733,120.94227065,0.102
38734,120.94551252,0.1
38735,120.94853395,0.102
38736,120.95191945,0.1
38737,120.95502846,0.1
38738,120.95816748,0.1
38739,120.96130313,0.1
38740,120.964443,0.098
38741,120.96755715,0.1
38742,120.9707708,0.102
38743,120.97387626,0.098
38744,120.97696591,0.098
38745,120.98008361,0.098
38746,120.98323391,0.1
38747,120.98638433,0.098
38748,120.98949932,0.098
38749,120.9926468,0.102
38750,120.99574298,0.1
38751,120.99888567,0.1
38752,121.00198906,0.1
38753,121.00511795,0.1
38754,121.00829411,0.1
38755,121.01139217,0.098
38756,121.01449252,0.1
38757,121.01779145,0.1
38758,121.02080963,0.1
38759,121.02388593,0.1
38760,121.02703565,0.102
38761,121.03022528,0.1
38762,121.03325698,0.1
38763,121.03641424,0.1
38764,121.03954458,0.102
38765,121.04282989,0.1
38766,121.04578437,0.1
38767,121.0489717,0.1
38768,121.05205919,0.1
38769,121.05491652,0.098
38770,121.05811415,0.1
38771,121.06117654,0.102
38772,121.06429885,0.098
38773,121.06746847,0.102
38774,121.0705587,0.1
38775,121.07374106,0.098
38776,121.07680793,0.1
38777,121.07993859,0.1
38778,121.08306948,0.102
38779,121.0862227,0.1
38780,121.08930804,0.1
38781,121.09248087,0.098
38782,121.09558721,0.1
38783,121.09873832,0.102
38784,121.1018317,0.098
38785,121.1049535,0.1
38786,121.1081805,0.098
38787,121.11124126,0.098
38788,121.11441693,0.104
38789,121.11752411,0.096
38790,121.1206137,0.098
38791,121.12375839,0.1
38792,121.12688802,0.096
38793,121.13000928,0.096
38794,121.13313861,0.1
38795,121.13626306,0.102
38796,121.13944641,0.1
38797,121.14253482,0.098
38798,121.14572778,0.1
38799,121.1488118,0.1
38800,121.15191884,0.1
38801,121.15506154,0.1
38802,121.15817391,0.1
38803,121.16141221,0.098
38804,121.16448933,0.104
38805,121.16755991,0.098
38806,121.17069867,0.1
38807,121.17383498,0.102
38808,121.17701093,0.1
38809,121.18009378,0.1
38810,121.1832165,0.098
38811,121.18643239,0.102
38812,121.18948287,0.1
38813,121.19265235,0.102
38814,121.19577078,0.102
38815,121.19889554,0.098
38816,121.20202034,0.098
38817,121.20512719,0.098
38818,121.20827278,0.098
38819,121.2114262,0.1
38820,121.21450958,0.1
38821,121.21769565,0.096
38822,121.22080006,0.1
38823,121.22392761,0.102
38824,121.22704882,0.1
38825,121.23017572,0.1
38826,121.23331515,0.098
38827,121.23657008,0.1
38828,121.239587,0.1
38829,121.24269324,0.102
38830,121.24585354,0.1
38831,121.24894756,0.1
38832,121.25205087,0.1
38833,121.25519083,0.102
38834,121.25831989,0.102
38835,121.26151778,0.098
38836,121.26456372,0.1
38837,121.26771222,0.1
38838,121.27083776,0.098
38839,121.27394641,0.098
38840,121.27706532,0.1
38841,121.2801485,0.098
38842,121.28330837,0.102
38843,121.28644991,0.1
38844,121.28956987,0.1
38845,121.29268869,0.1
38846,121.29576335,0.096
38847,121.29892339,0.1
38848,121.30203604,0.102
38849,121.30517437,0.1
38850,121.30830158,0.102
38851,121.31144785,0.1
38852,121.31460458,0.098
38853,121.31767143,0.102
38854,121.32081924,0.1
38855,121.32399376,0.102
38856,121.32706126,0.098
38857,121.33018541,0.098
38858,121.33329485,0.102
38859,121.3365102,0.1
38860,121.3395763,0.102
38861,121.34268911,0.1
38862,121.3458158,0.098
38863,121.34898217,0.104
38864,121.352072,0.1
38865,121.35520067,0.102
38866,121.35832793,0.102
38867,121.36156498,0.098
38868,121.36463246,0.102
38869,121.36772161,0.098
38870,121.37089137,0.1
38871,121.37397369,0.102
38872,121.37711495,0.102
38873,121.38037426,0.102
38874,121.38341546,0.1
38875,121.38652696,0.098
38876,121.38962354,0.102
38877,121.39277887,0.098
38878,121.39589256,0.102
38879,121.39902595,0.102
38880,121.40220484,0.1
38881,121.40530165,0.096
38882,121.408459,0.096
38883,121.41153226,0.098
38884,121.41467733,0.1
38885,121.41778402,0.098
38886,121.42093269,0.1
38887,121.4241017,0.1
38888,121.42724948,0.1
38889,121.43031156,0.102
38890,121.43347035,0.102
38891,121.43662415,0.1
38892,121.4397255,0.1
38893,121.44281341,0.1
38894,121.44601195,0.1
38895,121.44915821,0.1
38896,121.45220385,0.102
38897,121.45533098,0.1
38898,121.45852772,0.1
38899,121.4615837,0.102
38900,121.46470926,0.102
38901,121.46789522,0.098
38902,121.47102545,0.102
38903,121.47408476,0.102
38904,121.4772215,0.102
38905,121.48035206,0.102
38906,121.48353304,0.096
38907,121.48661341,0.1
38908,121.48986996,0.102
38909,121.49291409,0.1
38910,121.49601282,0.102
38911,121.49911924,0.1
38912,121.50224143,0.1
38913,121.50537661,0.098
38914,121.50862241,0.098
38915,121.51177296,0.098
38916,121.51482674,0.102
38917,121.51789243,0.1
38918,121.52109335,0.102
38919,121.52417508,0.102
38920,121.52731826,0.098
38921,121.53052869,0.1
38922,121.53359328,0.1
38923,121.53673211,0.098
38924,121.53979076,0.098
38925,121.54292759,0.102
38926,121.54610922,0.102
38927,121.54917761,0.1
38928,121.55236743,0.1
38929,121.55554319,0.102
38930,121.55859363,0.096
38931,121.56170484,0.1
38932,121.56484217,0.1
38933,121.56801719,0.096
38934,121.57115954,0.098
38935,121.57427452,0.102
38936,121.5774087,0.098
38937,121.58060285,0.1
38938,121.58362296,0.1
38939,121.58672796,0.1
38940,121.58987874,0.102
38941,121.59299269,0.1
38942,121.59620217,0.1
38943,121.59927896,0.098
38944,121.602357,0.098
38945,121.60554978,0.096
38946,121.60864648,0.1
38947,121.61182672,0.1
38948,121.61486724,0.1
38949,121.61803335,0.098
38950,121.62117691,0.098
38951,121.6242567,0.098
38952,121.62737157,0.102
38953,121.63062102,0.1
38954,121.63367635,0.1
38955,121.63675358,0.1
38956,121.639914,0.098
38957,121.64302237,0.102
38958,121.64610311,0.098
38959,121.64925904,0.1
38960,121.65235035,0.102
38961,121.65558724,0.1
38962,121.65861245,0.1
38963,121.66179117,0.1
38964,121.66495626,0.098
38965,121.66799546,0.098
38966,121.67109139,0.098
38967,121.67421926,0.096
38968,121.67735617,0.098
38969,121.68050233,0.102
38970,121.68357871,0.098
38971,121.68674987,0.1
38972,121.68992367,0.1
38973,121.69295154,0.1
38974,121.69609839,0.1
38975,121.69922569,0.1
38976,121.70232228,0.1
38977,121.70553933,0.1
38978,121.70862943,0.098
38979,121.71173146,0.102
38980,121.71489789,0.102
38981,121.71796317,0.098
38982,121.72108176,0.098
38983,121.72427602,0.098
38984,121.72732561,0.1
38985,121.73058254,0.1
38986,121.73360396,0.098
38987,121.73669682,0.1
38988,121.73986987,0.1
38989,121.7429847,0.098
38990,121.74611572,0.098
38991,121.74929085,0.102
38992,121.75244402,0.098
38993,121.75551083,0.102
38994,121.75889646,0.102
38995,121.76195508,0.1
38996,121.76507322,0.1
38997,121.76818978,0.1
38998,121.77145485,0.1
38999,121.77454522,0.102
39000,121.77764178,0.102
39001,121.78089571,0.102
39002,121.78393137,0.098
39003,121.78699941,0.1
39004,121.79012209,0.1
39005,121.793205,0.1
39006,121.79635233,0.1
39007,121.79947115,0.102
39008,121.80257017,0.1
39009,121.80579317,0.1
39010,121.80898782,0.1
39011,121.81200302,0.096
39012,121.81507976,0.098
39013,121.81822882,0.1
39014,121.82134233,0.102
39015,121.82444465,0.1
39016,121.82758813,0.102
39017,121.83097415,0.1
39018,121.83385104,0.1
39019,121.83688487,0.1
39020,121.84002143,0.1
39021,121.8431423,0.1
39022,121.84627026,0.102
39023,121.84939919,0.098
39024,121.85263096,0.1
39025,121.85572869,0.098
39026,121.85880743,0.102
39027,121.86188419,0.098
39028,121.86501976,0.098
39029,121.86811396,0.1
39030,121.87121706,0.1
39031,121.87441958,0.098
39032,121.87746222,0.1
39033,121.88071545,0.098
39034,121.88379241,0.1
39035,121.88694515,0.1
39036,121.89002963,0.098
39037,121.89313567,0.1
39038,121.89628498,0.098
39039,121.89938235,0.098
39040,121.90252159,0.098
39041,121.9057965,0.1
39042,121.9088198,0.1
39043,121.91198213,0.1
39044,121.91507989,0.094
39045,121.91819287,0.1
39046,121.92129035,0.098
39047,121.92442048,0.096
39048,121.92754765,0.098
39049,121.93069372,0.086
39050,121.93387674,0.094
39051,121.93695489,0.096
39052,121.94005996,0.096
39053,121.94322306,0.098
39054,121.94636163,0.098
39055,121.94945645,0.098
39056,121.95259411,0.098
39057,121.95580059,0.098
39058,121.9588307,0.098
39059,121.96193639,0.094
39060,121.96510263,0.098
39061,121.96820548,0.098
39062,121.97133398,0.098
39063,121.97449989,0.1
39064,121.97767687,0.1
39065,121.98074135,0.098
39066,121.98381446,0.098
39067,121.98695237,0.098
39068,121.99007232,0.098
39069,121.99324965,0.1
39070,121.99632591,0.1
39071,121.99944406,0.1
39072,122.00256946,0.1
39073,122.00568891,0.102
39074,122.00882896,0.1
39075,122.01193371,0.1
39076,122.01508508,0.1
39077,122.01824841,0.1
39078,122.02134082,0.1
39079,122.02443787,0.1
39080,122.02763019,0.1
39081,122.03078398,0.1
39082,122.033816,0.1
39083,122.03695254,0.1
39084,122.04013069,0.1
39085,122.04316161,0.102
39086,122.0462938,0.098
39087,122.04943669,0.102
39088,122.05256591,0.102
39089,122.05575328,0.1
39090,122.05886441,0.1
39091,122.0619648,0.1
39092,122.06509846,0.1
39093,122.06818865,0.1
39094,122.07133013,0.1
39095,122.07447102,0.1
39096,122.07763232,0.102
39097,122.08070428,0.1
39098,122.08381728,0.1
39099,122.08695093,0.1
39100,122.09004454,0.1
39101,122.09319261,0.1
39102,122.0963495,0.102
39103,122.09943928,0.1
39104,122.10255052,0.098
39105,122.10570172,0.1
39106,122.10888571,0.1
39107,122.11202456,0.102
39108,122.115067,0.1
39109,122.11819828,0.1
39110,122.12133678,0.1
39111,122.12444665,0.1
39112,122.12757102,0.098
39113,122.1306993,0.1
39114,122.13382948,0.098
39115,122.13695563,0.1
39116,122.14008346,0.102
39117,122.14319383,0.1
39118,122.14637198,0.1
39119,122.14946945,0.1
39120,122.15257856,0.102
39121,122.15571378,0.1
39122,122.15882533,0.1
39123,122.16194508,0.1
39124,122.16505852,0.1
39125,122.16817059,0.1
39126,122.17130626,0.098
39127,122.17443096,0.098
39128,122.17752954,0.1
39129,122.18070056,0.1
39130,122.1837985,0.1
39131,122.18695883,0.1
39132,122.19002672,0.102
39133,122.19314404,0.1
39134,122.19631465,0.1
39135,122.19938646,0.1
39136,122.20249248,0.1
39137,122.20561013,0.1
39138,122.2088097,0.098
39139,122.21189139,0.102
39140,122.2149948,0.1
39141,122.21810572,0.1
39142,122.22124872,0.102
39143,122.22435011,0.098
39144,122.22749969,0.1
39145,122.23071372,0.1
39146,122.23378698,0.102
39147,122.23684569,0.1
39148,122.23997661,0.1
39149,122.24314069,0.1
39150,122.24622324,0.1
39151,122.24934989,0.1
39152,122.25247061,0.102
39153,122.25563869,0.102
39154,122.25874354,0.1
39155,122.26182278,0.1
39156,122.2649805,0.1
39157,122.26807537,0.1
39158,122.27121896,0.102
39159,122.27432608,0.1
39160,122.27746035,0.1
39161,122.28059682,0.1
39162,122.28375789,0.1
39163,122.28686656,0.1
39164,122.29006637,0.1
39165,122.29307537,0.1
39166,122.29619961,0.1
39167,122.29935189,0.1
39168,122.3024728,0.1
39169,122.30561165,0.1
39170,122.30875865,0.098
39171,122.31185476,0.1
39172,122.31497957,0.102
39173,122.31808004,0.1
39174,122.32120924,0.1
39175,122.3243655,0.102
39176,122.32748604,0.1
39177,122.33060882,0.098
39178,122.33374472,0.102
39179,122.33685909,0.1
39180,122.34002117,0.1
39181,122.34308211,0.1
39182,122.34621172,0.098
39183,122.34936639,0.1
39184,122.35250422,0.098
39185,122.35561213,0.1
39186,122.35877672,0.1
39187,122.36189572,0.1
39188,122.36498758,0.1
39189,122.36812076,0.1
39190,122.37122057,0.098
39191,122.37434017,0.1
39192,122.37748978,0.1
39193,122.3806172,0.098
39194,122.38381109,0.102
39195,122.38683822,0.1
39196,122.38999393,0.1
39197,122.39309228,0.1
39198,122.39626848,0.1
39199,122.39936637,0.1
39200,122.40246476,0.098
39201,122.40556483,0.1
39202,122.40876658,0.098
39203,122.41184019,0.102
39204,122.41496691,0.102
39205,122.41813022,0.1
39206,122.42121859,0.1
39207,122.42434861,0.1
39208,122.42747019,0.102
39209,122.43057791,0.1
39210,122.43375865,0.1
39211,122.43684952,0.102
39212,122.44001667,0.102
39213,122.44310056,0.1
39214,122.44622709,0.1
39215,122.44941806,0.102
39216,122.45245585,0.098
39217,122.45557432,0.102
39218,122.45878615,0.1
39219,122.46184441,0.098
39220,122.46495833,0.1
39221,122.46807946,0.102
39222,122.47121487,0.102
39223,122.47433989,0.102
39224,122.47745665,0.102
39225,122.48060382,0.1
39226,122.48376856,0.1
39227,122.48683782,0.1
39228,122.48997948,0.102
39229,122.49312537,0.1
39230,122.49625428,0.102
39231,122.49935944,0.102
39232,122.50249859,0.1
39233,122.50568311,0.1
39234,122.50877448,0.102
39235,122.5118663,0.1
39236,122.51500846,0.102
39237,122.51815041,0.1
39238,122.52125878,0.102
39239,122.52435743,0.102
39240,122.5275305,0.1
39241,122.53063383,0.1
39242,122.53376876,0.1
39243,122.53687398,0.1
39244,122.5399778,0.102
39245,122.54313158,0.1
39246,122.54624972,0.1
39247,122.54943576,0.1
39248,122.55250378,0.102
39249,122.55560691,0.098
39250,122.55882096,0.1
39251,122.56189913,0.102
39252,122.56498904,0.102
39253,122.56811641,0.1
39254,122.57125091,0.1
39255,122.57447365,0.1
39256,122.57751219,0.1
39257,122.58059265,0.1
39258,122.5838338,0.1
39259,122.58690906,0.1
39260,122.58999459,0.1
39261,122.59311994,0.102
39262,122.59621352,0.1
39263,122.59935243,0.102
39264,122.60247469,0.102
39265,122.60563226,0.102
39266,122.60880474,0.1
39267,122.6118883,0.1
39268,122.61498082,0.102
39269,122.61815974,0.102
39270,122.62123006,0.1
39271,122.62436033,0.1
39272,122.62746943,0.098
39273,122.630595,0.1
39274,122.63378628,0.098
39275,122.63687672,0.1
39276,122.6400417,0.102
39277,122.64311209,0.1
39278,122.64622965,0.1
39279,122.64933498,0.1
39280,122.65247048,0.098
39281,122.65560567,0.102
39282,122.65882785,0.098
39283,122.66183941,0.098
39284,122.66503883,0.1
39285,122.66808467,0.1
39286,122.67125837,0.102
39287,122.67435874,0.102
39288,122.677476,0.098
39289,122.68057744,0.1
39290,122.68370244,0.1
39291,122.68684711,0.098
39292,122.69003846,0.1
39293,122.69309572,0.098
39294,122.69624369,0.102
39295,122.69937345,0.1
39296,122.70248163,0.1
39297,122.70565613,0.1
39298,122.70880883,0.102
39299,122.71192902,0.1
39300,122.71501248,0.1
39301,122.71811676,0.1
39302,122.72124446,0.1
39303,122.72444228,0.1
39304,122.72756311,0.1
39305,122.73067817,0.1
39306,122.73391065,0.102
39307,122.73698387,0.098
39308,122.7400467,0.1
39309,122.74323965,0.098
39310,122.74629889,0.102
39311,122.74944787,0.1
39312,122.75257289,0.1
39313,122.75563735,0.1
39314,122.75883244,0.1
39315,122.76191387,0.1
39316,122.76507374,0.1
39317,122.76814841,0.1
39318,122.77130333,0.1
39319,122.774443,0.1
39320,122.77754352,0.102
39321,122.78069824,0.1
39322,122.78394428,0.098
39323,122.78696607,0.1
39324,122.79007935,0.098
39325,122.7932183,0.1
39326,122.79632861,0.102
39327,122.79946009,0.1
39328,122.80265539,0.102
39329,122.80580952,0.1
39330,122.80887485,0.1
39331,122.81196363,0.098
39332,122.81510852,0.1
39333,122.81824352,0.1
39334,122.82134776,0.102
39335,122.82461422,0.098
39336,122.82761713,0.1
39337,122.83080335,0.098
39338,122.83387439,0.102
39339,122.83695735,0.098
39340,122.8400842,0.1
39341,122.84321656,0.098
39342,122.84638652,0.1
39343,122.8494843,0.102
39344,122.85264885,0.1
39345,122.85581537,0.102
39346,122.85895804,0.1
39347,122.86188537,0.102
39348,122.86498528,0.102
39349,122.86812695,0.102
39350,122.87132683,0.104
39351,122.8743917,0.096
39352,122.8775235,0.1
39353,122.8806765,0.098
39354,122.883802,0.1
39355,122.88689839,0.098
39356,122.89004415,0.1
39357,122.89314391,0.1
39358,122.89629885,0.1
39359,122.89942087,0.098
39360,122.9025328,0.102
39361,122.90578085,0.1
39362,122.90882535,0.098
39363,122.91193515,0.102
39364,122.91511596,0.1
39365,122.91819196,0.098
39366,122.92132741,0.102
39367,122.92443106,0.1
39368,122.92757883,0.098
39369,122.93075294,0.1
39370,122.93383669,0.098
39371,122.93695335,0.098
39372,122.94008054,0.1
39373,122.9432252,0.1
39374,122.9463552,0.098
39375,122.94947126,0.098
39376,122.95260513,0.098
39377,122.9557528,0.1
39378,122.95885006,0.1
39379,122.96197656,0.1
39380,122.96508917,0.1
39381,122.96824465,0.1
39382,122.9713412,0.1
39383,122.9744848,0.1
39384,122.97762056,0.102
39385,122.9808193,0.102
39386,122.98389361,0.1
39387,122.98703669,0.1
39388,122.99015563,0.1
39389,122.99328235,0.098
39390,122.9964293,0.098
39391,122.99954846,0.1
39392,123.00272309,0.1
39393,123.00583035,0.098
39394,123.0089287,0.102
39395,123.01208335,0.1
39396,123.01519022,0.1
39397,123.01832045,0.1
39398,123.02145857,0.102
39399,123.02457172,0.1
39400,123.02776967,0.1
39401,123.03083367,0.1
39402,123.03394843,0.098
39403,123.03707102,0.1
39404,123.04020237,0.102
39405,123.04332496,0.098
39406,123.04651056,0.1
39407,123.04958928,0.1
39408,123.05276352,0.1
39409,123.0558378,0.096
39410,123.05902354,0.1
39411,123.06210283,0.098
39412,123.06523291,0.1
39413,123.06837915,0.098
39414,123.07154289,0.1
39415,123.07462519,0.098
39416,123.07776546,0.1
39417,123.08094504,0.1
39418,123.08399372,0.1
39419,123.0871225,0.096
39420,123.09027067,0.098
39421,123.09340569,0.098
39422,123.09652891,0.098
39423,123.09969606,0.102
39424,123.10283641,0.098
39425,123.10591161,0.096
39426,123.10901267,0.1
39427,123.1121445,0.098
39428,123.1153667,0.1
39429,123.11842885,0.1
39430,123.12153063,0.098
39431,123.12472889,0.1
39432,123.1278067,0.102
39433,123.13095924,0.1
39434,123.13409035,0.1
39435,123.13718183,0.1
39436,123.14031783,0.098
39437,123.1434557,0.1
39438,123.14662756,0.1
39439,123.14972398,0.102
39440,123.15285483,0.102
39441,123.15594765,0.102
39442,123.15911893,0.1
39443,123.16221667,0.1
39444,123.1653528,0.098
39445,123.16850396,0.102
39446,123.17159898,0.1
39447,123.17471898,0.1
39448,123.17786865,0.096
39449,123.18099287,0.102
39450,123.18411711,0.1
39451,123.18726515,0.098
39452,123.19040348,0.096
39453,123.19355248,0.1
39454,123.19672559,0.098
39455,123.19991128,0.1
39456,123.20290931,0.1
39457,123.20607039,0.1
39458,123.20919361,0.098
39459,123.21232769,0.102
39460,123.2154808,0.1
39461,123.21854485,0.1
39462,123.22178807,0.1
39463,123.22481943,0.1
39464,123.22797265,0.102
39465,123.23106867,0.102
39466,123.23417783,0.102
39467,123.23737015,0.1
39468,123.24045004,0.102
39469,123.24360135,0.1
39470,123.24672795,0.1
39471,123.24985383,0.1
39472,123.25297678,0.098
39473,123.2561075,0.1
39474,123.25922981,0.1
39475,123.26235254,0.1
39476,123.26552515,0.1
39477,123.26861013,0.102
39478,123.27179381,0.098
39479,123.274885,0.102
39480,123.27800687,0.1
39481,123.28111524,0.098
39482,123.28426681,0.1
39483,123.28737854,0.102
39484,123.29052904,0.096
39485,123.29366426,0.1
39486,123.29680035,0.096
39487,123.29991072,0.098
39488,123.30302046,0.096
39489,123.30618761,0.098
39490,123.30935804,0.1
39491,123.31243711,0.098
39492,123.31559111,0.1
39493,123.3187428,0.104
39494,123.32182187,0.102
39495,123.32498281,0.098
39496,123.32812648,0.1
39497,123.33121345,0.1
39498,123.33435659,0.1
39499,123.33746572,0.096
39500,123.34059304,0.1
39501,123.3437547,0.1
39502,123.34687543,0.1
39503,123.3499938,0.1
39504,123.35316817,0.1
39505,123.35626724,0.1
39506,123.35942487,0.102
39507,123.36249974,0.102
39508,123.36562065,0.1
39509,123.36888045,0.098
39510,123.37187261,0.1
39511,123.37508176,0.1
39512,123.37813426,0.1
39513,123.38126476,0.1
39514,123.38439993,0.098
39515,123.38754119,0.1
39516,123.39073941,0.102
39517,123.39381631,0.1
39518,123.39690263,0.1
39519,123.40002717,0.1
39520,123.40316337,0.1
39521,123.40636463,0.1
39522,123.40943915,0.1
39523,123.41254285,0.098
39524,123.41565685,0.1
39525,123.41882133,0.1
39526,123.42189924,0.1
39527,123.42509167,0.102
39528,123.42816587,0.098
39529,123.4313272,0.1
39530,123.43444722,0.1
39531,123.4375678,0.098
39532,123.44069896,0.102
39533,123.44386215,0.098
39534,123.44697032,0.1
39535,123.45008446,0.1
39536,123.45321072,0.1
39537,123.4563578,0.1
39538,123.45952852,0.102
39539,123.46264617,0.098
39540,123.46577906,0.1
39541,123.46889387,0.1
39542,123.47202657,0.096
39543,123.47513993,0.098
39544,123.47833115,0.1
39545,123.48139982,0.096
39546,123.48451854,0.1
39547,123.48775045,0.098
39548,123.49082537,0.098
39549,123.49392222,0.098
39550,123.49704663,0.086
39551,123.50016806,0.094
39552,123.50328598,0.096
39553,123.5064335,0.096
39554,123.50954389,0.098
39555,123.51267185,0.094
39556,123.51582581,0.096
39557,123.51896126,0.098
39558,123.52210478,0.096
39559,123.52521789,0.096
39560,123.52837463,0.098
39561,123.5314882,0.098
39562,123.53470495,0.098
39563,123.53780857,0.098
39564,123.54087865,0.098
39565,123.5440885,0.1
39566,123.54714363,0.098
39567,123.55028026,0.098
39568,123.55342665,0.098
39569,123.55652776,0.098
39570,123.55964882,0.098
39571,123.56289043,0.1
39572,123.56620239,0.1
39573,123.56939087,0.098
39574,123.572518,0.1
39575,123.575697,0.098
39576,123.578713,0.1
39577,123.5818458,0.1
39578,123.58490598,0.098
39579,123.58809265,0.1
39580,123.59121368,0.098
39581,123.59431982,0.1
39582,123.5975407,0.1
39583,123.60057661,0.1
39584,123.60370828,0.098
39585,123.60686357,0.1
39586,123.61003763,0.1
39587,123.61308972,0.1
39588,123.61630133,0.1
39589,123.61939407,0.1
39590,123.62245569,0.1
39591,123.62561607,0.1
39592,123.62875663,0.098
39593,123.631828,0.1
39594,123.6350567,0.1
39595,123.6381455,0.098
39596,123.64131652,0.102
39597,123.64434122,0.102
39598,123.64744976,0.1
39599,123.65061511,0.102
39600,123.65382678,0.1
39601,123.65684133,0.1
39602,123.66003183,0.1
39603,123.66315022,0.102
39604,123.66615648,0.1
39605,123.66927343,0.102
39606,123.67241983,0.1
39607,123.6755762,0.1
39608,123.67870181,0.1
39609,123.68181196,0.1
39610,123.68495265,0.098
39611,123.6880695,0.102
39612,123.69118506,0.102
39613,123.69434481,0.1
39614,123.697616,0.1
39615,123.70066156,0.098
39616,123.7037208,0.1
39617,123.70701426,0.102
39618,123.71002211,0.102
39619,123.71307839,0.102
39620,123.71623143,0.1
39621,123.71932941,0.1
39622,123.72250539,0.1
39623,123.72557561,0.1
39624,123.72872467,0.102
39625,123.73181246,0.1
39626,123.73500833,0.1
39627,123.73808863,0.1
39628,123.74122143,0.1
39629,123.744353,0.098
39630,123.74745924,0.102
39631,123.75061291,0.1
39632,123.75373137,0.1
39633,123.75695643,0.102
39634,123.76004533,0.1
39635,123.76313333,0.1
39636,123.76628507,0.1
39637,123.76938498,0.1
39638,123.77248067,0.1
39639,123.77570046,0.102
39640,123.7787765,0.1
39641,123.78194474,0.1
39642,123.78502057,0.1
39643,123.7881228,0.1
39644,123.79128128,0.1
39645,123.79441057,0.1
39646,123.79757517,0.1
39647,123.80064182,0.1
39648,123.80373435,0.1
39649,123.80685122,0.1
39650,123.81009791,0.1
39651,123.81316709,0.098
39652,123.81626667,0.1
39653,123.8193882,0.1
39654,123.82252069,0.104
39655,123.82560204,0.1
39656,123.82884415,0.1
39657,123.83197745,0.102
39658,123.83502602,0.102
39659,123.83823996,0.102
39660,123.84130898,0.102
39661,123.84447893,0.106
39662,123.84753898,0.102
39663,123.85065167,0.102
39664,123.8537972,0.1
39665,123.85696804,0.102
39666,123.86007611,0.1
39667,123.86314937,0.102
39668,123.86632691,0.1
39669,123.86952298,0.1
39670,123.87263796,0.098
39671,123.8756658,0.102
39672,123.87887802,0.102
39673,123.88196587,0.102
39674,123.88507981,0.1
39675,123.88818272,0.102
39676,123.89140063,0.1
39677,123.89451876,0.1
39678,123.8977322,0.1
39679,123.90080335,0.1
39680,123.90385424,0.098
39681,123.90706974,0.1
39682,123.91011872,0.1
39683,123.91324074,0.1
39684,123.91638472,0.1
39685,123.91960183,0.102
39686,123.92270078,0.1
39687,123.92584107,0.1
39688,123.92903276,0.102
39689,123.93205422,0.1
39690,123.93516644,0.1
39691,123.93831063,0.1
39692,123.9414595,0.102
39693,123.94456637,0.1
39694,123.9477042,0.102
39695,123.95091483,0.102
39696,123.95408937,0.102
39697,123.95712833,0.1
39698,123.96022415,0.1
39699,123.96333456,0.102
39700,123.96645894,0.1
39701,123.96956787,0.1
39702,123.97273211,0.1
39703,123.97586815,0.098
39704,123.97906196,0.1
39705,123.98218498,0.1
39706,123.9853187,0.1
39707,123.98843711,0.1
39708,123.99148944,0.1
39709,123.99467122,0.1
39710,123.99776213,0.1
39711,124.00089548,0.1
39712,124.0040653,0.1
39713,124.00719687,0.102
39714,124.01031898,0.1
39715,124.01344424,0.098
39716,124.01657219,0.1
39717,124.01965002,0.1
39718,124.02278641,0.098
39719,124.0259118,0.1
39720,124.02907667,0.102
39721,124.03216355,0.1
39722,124.03532915,0.102
39723,124.03845617,0.102
39724,124.04160817,0.1
39725,124.04473385,0.1
39726,124.04783035,0.1
39727,124.05100341,0.1
39728,124.05410272,0.1
39729,124.05722393,0.102
39730,124.06034668,0.1
39731,124.06357394,0.1
39732,124.06671567,0.098
39733,124.07132344,0.098
39734,124.07288985,0.102
39735,124.07605691,0.102
39736,124.07912533,0.102
39737,124.08225304,0.102
39738,124.08581091,0.102
39739,124.08851215,0.096
39740,124.09163435,0.1
39741,124.09475141,0.098
39742,124.09817533,0.1
39743,124.101073,0.098
39744,124.10427778,0.104
39745,124.10763357,0.102
39746,124.110392,0.1
39747,124.11358983,0.102
39748,124.11666367,0.1
39749,124.11986109,0.102
39750,124.12291126,0.102
39751,124.12606643,0.102
39752,124.12915465,0.1
39753,124.13230439,0.1
39754,124.13541307,0.1
39755,124.13860598,0.1
39756,124.14173276,0.1
39757,124.14479733,0.098
39758,124.14800176,0.1
39759,124.15107285,0.102
39760,124.15419946,0.096
39761,124.15740163,0.1
39762,124.16048122,0.1
39763,124.16381257,0.1
39764,124.16674122,0.104
39765,124.16976043,0.1
39766,124.17292789,0.1
39767,124.17604594,0.1
39768,124.1791233,0.1
39769,124.18225433,0.1
39770,124.18538037,0.1
39771,124.18851261,0.102
39772,124.19167669,0.098
39773,124.19481796,0.1
39774,124.1979355,0.1
39775,124.20100794,0.1
39776,124.20414498,0.102
39777,124.20725798,0.1
39778,124.21041213,0.1
39779,124.21357313,0.1
39780,124.21672657,0.1
39781,124.21979793,0.102
39782,124.22294728,0.102
39783,124.2260305,0.1
39784,124.22916735,0.1
39785,124.23229733,0.1
39786,124.23551982,0.102
39787,124.2386628,0.1
39788,124.24169111,0.102
39789,124.24489178,0.1
39790,124.24794887,0.1
39791,124.25109491,0.1
39792,124.25423969,0.1
39793,124.25734622,0.1
39794,124.26051318,0.102
39795,124.26366081,0.1
39796,124.26676304,0.1
39797,124.26990511,0.098
39798,124.27302272,0.1
39799,124.27613385,0.1
39800,124.2792502,0.1
39801,124.28242117,0.1
39802,124.28551955,0.098
39803,124.2886568,0.098
39804,124.2919482,0.1
39805,124.29497731,0.098
39806,124.29800344,0.098
39807,124.30115143,0.102
39808,124.30438135,0.1
39809,124.30741159,0.098
39810,124.31053381,0.1
39811,124.31367535,0.1
39812,124.31678663,0.1
39813,124.3199638,0.1
39814,124.32305528,0.1
39815,124.32629096,0.102
39816,124.32940872,0.098
39817,124.33243293,0.1
39818,124.335573,0.1
39819,124.33882983,0.098
39820,124.34182407,0.1
39821,124.34501178,0.1
39822,124.34824176,0.1
39823,124.35129056,0.1
39824,124.35439063,0.1
39825,124.35756793,0.1
39826,124.3606808,0.098
39827,124.36378585,0.1
39828,124.36692896,0.1
39829,124.36999324,0.1
39830,124.37313928,0.1
39831,124.37626081,0.1
39832,124.37941313,0.1
39833,124.38255268,0.102
39834,124.38568055,0.1
39835,124.38881781,0.102
39836,124.39196456,0.104
39837,124.39509406,0.102
39838,124.39819711,0.1
39839,124.4013442,0.1
39840,124.4045725,0.1
39841,124.40760004,0.1
39842,124.41071654,0.1
39843,124.41393424,0.102
39844,124.41702133,0.1
39845,124.42015002,0.098
39846,124.42327863,0.102
39847,124.4264818,0.102
39848,124.42953846,0.098
39849,124.4326585,0.1
39850,124.43581683,0.1
39851,124.43900211,0.1
39852,124.44207794,0.1
39853,124.44522113,0.098
39854,124.44834067,0.098
39855,124.45146361,0.1
39856,124.45462961,0.102
39857,124.4578383,0.1
39858,124.46091011,0.102
39859,124.46401102,0.1
